[{"model": "admin.logentry", "pk": 1, "fields": {"action_time": "2021-12-26T06:01:55.067Z", "user": 2, "content_type": 6, "object_id": "1", "object_repr": "admin@admin.com", "action_flag": 3, "change_message": ""}}, {"model": "admin.logentry", "pk": 2, "fields": {"action_time": "2021-12-30T04:36:30.382Z", "user": 2, "content_type": 18, "object_id": "1", "object_repr": "dinner drink", "action_flag": 1, "change_message": "[{\"added\": {}}]"}}, {"model": "admin.logentry", "pk": 3, "fields": {"action_time": "2021-12-30T04:36:36.469Z", "user": 2, "content_type": 18, "object_id": "2", "object_repr": "dinner", "action_flag": 1, "change_message": "[{\"added\": {}}]"}}, {"model": "admin.logentry", "pk": 4, "fields": {"action_time": "2021-12-30T04:36:44.267Z", "user": 2, "content_type": 18, "object_id": "3", "object_repr": "afternoon snack", "action_flag": 1, "change_message": "[{\"added\": {}}]"}}, {"model": "admin.logentry", "pk": 5, "fields": {"action_time": "2021-12-30T04:36:50.281Z", "user": 2, "content_type": 18, "object_id": "4", "object_repr": "lunch", "action_flag": 1, "change_message": "[{\"added\": {}}]"}}, {"model": "admin.logentry", "pk": 6, "fields": {"action_time": "2021-12-30T04:36:57.147Z", "user": 2, "content_type": 18, "object_id": "5", "object_repr": "mid day snack", "action_flag": 1, "change_message": "[{\"added\": {}}]"}}, {"model": "admin.logentry", "pk": 7, "fields": {"action_time": "2021-12-30T04:37:04.123Z", "user": 2, "content_type": 18, "object_id": "6", "object_repr": "breakfast", "action_flag": 1, "change_message": "[{\"added\": {}}]"}}, {"model": "admin.logentry", "pk": 8, "fields": {"action_time": "2021-12-30T04:37:59.847Z", "user": 2, "content_type": 18, "object_id": "7", "object_repr": "early morning", "action_flag": 1, "change_message": "[{\"added\": {}}]"}}, {"model": "admin.logentry", "pk": 9, "fields": {"action_time": "2021-12-30T04:43:03.590Z", "user": 2, "content_type": 19, "object_id": "1", "object_repr": "morning before food", "action_flag": 1, "change_message": "[{\"added\": {}}]"}}, {"model": "admin.logentry", "pk": 10, "fields": {"action_time": "2021-12-30T04:43:09.044Z", "user": 2, "content_type": 19, "object_id": "2", "object_repr": "morning after food", "action_flag": 1, "change_message": "[{\"added\": {}}]"}}, {"model": "admin.logentry", "pk": 11, "fields": {"action_time": "2021-12-30T04:43:14.370Z", "user": 2, "content_type": 19, "object_id": "3", "object_repr": "afternoon before food", "action_flag": 1, "change_message": "[{\"added\": {}}]"}}, {"model": "admin.logentry", "pk": 12, "fields": {"action_time": "2021-12-30T04:43:24.776Z", "user": 2, "content_type": 19, "object_id": "4", "object_repr": "afternoon after food", "action_flag": 1, "change_message": "[{\"added\": {}}]"}}, {"model": "admin.logentry", "pk": 13, "fields": {"action_time": "2021-12-30T04:43:30.282Z", "user": 2, "content_type": 19, "object_id": "5", "object_repr": "night before food", "action_flag": 1, "change_message": "[{\"added\": {}}]"}}, {"model": "admin.logentry", "pk": 14, "fields": {"action_time": "2021-12-30T04:43:42.219Z", "user": 2, "content_type": 19, "object_id": "6", "object_repr": "night after food", "action_flag": 1, "change_message": "[{\"added\": {}}]"}}, {"model": "admin.logentry", "pk": 15, "fields": {"action_time": "2021-12-30T04:44:12.622Z", "user": 2, "content_type": 20, "object_id": "1", "object_repr": "worst pain", "action_flag": 1, "change_message": "[{\"added\": {}}]"}}, {"model": "admin.logentry", "pk": 16, "fields": {"action_time": "2021-12-30T04:44:19.668Z", "user": 2, "content_type": 20, "object_id": "2", "object_repr": "severe", "action_flag": 1, "change_message": "[{\"added\": {}}]"}}, {"model": "admin.logentry", "pk": 17, "fields": {"action_time": "2021-12-30T04:44:26.552Z", "user": 2, "content_type": 20, "object_id": "3", "object_repr": "moderate", "action_flag": 1, "change_message": "[{\"added\": {}}]"}}, {"model": "admin.logentry", "pk": 18, "fields": {"action_time": "2021-12-30T04:44:32.320Z", "user": 2, "content_type": 20, "object_id": "4", "object_repr": "mild", "action_flag": 1, "change_message": "[{\"added\": {}}]"}}, {"model": "admin.logentry", "pk": 19, "fields": {"action_time": "2021-12-30T04:44:43.734Z", "user": 2, "content_type": 20, "object_id": "5", "object_repr": "no pain", "action_flag": 1, "change_message": "[{\"added\": {}}]"}}, {"model": "admin.logentry", "pk": 20, "fields": {"action_time": "2021-12-30T04:45:16.293Z", "user": 2, "content_type": 21, "object_id": "Pelvis", "object_repr": "Pelvis", "action_flag": 1, "change_message": "[{\"added\": {}}]"}}, {"model": "admin.logentry", "pk": 21, "fields": {"action_time": "2021-12-30T04:45:23.147Z", "user": 2, "content_type": 21, "object_id": "Other", "object_repr": "Other", "action_flag": 1, "change_message": "[{\"added\": {}}]"}}, {"model": "admin.logentry", "pk": 22, "fields": {"action_time": "2021-12-30T04:45:29.936Z", "user": 2, "content_type": 21, "object_id": "Mental Health", "object_repr": "Mental Health", "action_flag": 1, "change_message": "[{\"added\": {}}]"}}, {"model": "admin.logentry", "pk": 23, "fields": {"action_time": "2021-12-30T04:45:34.754Z", "user": 2, "content_type": 21, "object_id": "Legs", "object_repr": "Legs", "action_flag": 1, "change_message": "[{\"added\": {}}]"}}, {"model": "admin.logentry", "pk": 24, "fields": {"action_time": "2021-12-30T04:45:39.280Z", "user": 2, "content_type": 21, "object_id": "Head", "object_repr": "Head", "action_flag": 1, "change_message": "[{\"added\": {}}]"}}, {"model": "admin.logentry", "pk": 25, "fields": {"action_time": "2021-12-30T04:45:52.927Z", "user": 2, "content_type": 21, "object_id": "Chest", "object_repr": "Chest", "action_flag": 1, "change_message": "[{\"added\": {}}]"}}, {"model": "admin.logentry", "pk": 26, "fields": {"action_time": "2021-12-30T04:45:59.259Z", "user": 2, "content_type": 21, "object_id": "Abdomen", "object_repr": "Abdomen", "action_flag": 1, "change_message": "[{\"added\": {}}]"}}, {"model": "admin.logentry", "pk": 27, "fields": {"action_time": "2021-12-30T04:53:42.904Z", "user": 2, "content_type": 22, "object_id": "1", "object_repr": "Symptoms object (1)", "action_flag": 1, "change_message": "[{\"added\": {}}]"}}, {"model": "admin.logentry", "pk": 28, "fields": {"action_time": "2021-12-30T04:53:59.093Z", "user": 2, "content_type": 22, "object_id": "2", "object_repr": "Symptoms object (2)", "action_flag": 1, "change_message": "[{\"added\": {}}]"}}, {"model": "admin.logentry", "pk": 29, "fields": {"action_time": "2021-12-30T04:54:17.581Z", "user": 2, "content_type": 22, "object_id": "3", "object_repr": "Symptoms object (3)", "action_flag": 1, "change_message": "[{\"added\": {}}]"}}, {"model": "admin.logentry", "pk": 30, "fields": {"action_time": "2021-12-30T04:54:33.438Z", "user": 2, "content_type": 22, "object_id": "4", "object_repr": "Symptoms object (4)", "action_flag": 1, "change_message": "[{\"added\": {}}]"}}, {"model": "admin.logentry", "pk": 31, "fields": {"action_time": "2021-12-30T04:54:48.790Z", "user": 2, "content_type": 22, "object_id": "5", "object_repr": "Symptoms object (5)", "action_flag": 1, "change_message": "[{\"added\": {}}]"}}, {"model": "admin.logentry", "pk": 32, "fields": {"action_time": "2021-12-30T04:55:04.350Z", "user": 2, "content_type": 22, "object_id": "6", "object_repr": "Symptoms object (6)", "action_flag": 1, "change_message": "[{\"added\": {}}]"}}, {"model": "admin.logentry", "pk": 33, "fields": {"action_time": "2021-12-30T04:55:23.018Z", "user": 2, "content_type": 22, "object_id": "7", "object_repr": "Symptoms object (7)", "action_flag": 1, "change_message": "[{\"added\": {}}]"}}, {"model": "admin.logentry", "pk": 34, "fields": {"action_time": "2021-12-30T04:55:35.099Z", "user": 2, "content_type": 22, "object_id": "8", "object_repr": "Symptoms object (8)", "action_flag": 1, "change_message": "[{\"added\": {}}]"}}, {"model": "admin.logentry", "pk": 35, "fields": {"action_time": "2021-12-30T04:55:49.143Z", "user": 2, "content_type": 22, "object_id": "9", "object_repr": "Symptoms object (9)", "action_flag": 1, "change_message": "[{\"added\": {}}]"}}, {"model": "admin.logentry", "pk": 36, "fields": {"action_time": "2021-12-30T04:57:46.763Z", "user": 2, "content_type": 22, "object_id": "10", "object_repr": "Symptoms object (10)", "action_flag": 1, "change_message": "[{\"added\": {}}]"}}, {"model": "admin.logentry", "pk": 37, "fields": {"action_time": "2021-12-30T04:57:56.352Z", "user": 2, "content_type": 22, "object_id": "11", "object_repr": "Symptoms object (11)", "action_flag": 1, "change_message": "[{\"added\": {}}]"}}, {"model": "admin.logentry", "pk": 38, "fields": {"action_time": "2021-12-30T04:59:13.524Z", "user": 2, "content_type": 22, "object_id": "12", "object_repr": "Symptoms object (12)", "action_flag": 1, "change_message": "[{\"added\": {}}]"}}, {"model": "admin.logentry", "pk": 39, "fields": {"action_time": "2021-12-30T04:59:32.466Z", "user": 2, "content_type": 22, "object_id": "13", "object_repr": "Symptoms object (13)", "action_flag": 1, "change_message": "[{\"added\": {}}]"}}, {"model": "admin.logentry", "pk": 40, "fields": {"action_time": "2021-12-30T04:59:44.987Z", "user": 2, "content_type": 22, "object_id": "14", "object_repr": "Symptoms object (14)", "action_flag": 1, "change_message": "[{\"added\": {}}]"}}, {"model": "admin.logentry", "pk": 41, "fields": {"action_time": "2021-12-30T05:00:24.709Z", "user": 2, "content_type": 22, "object_id": "15", "object_repr": "Symptoms object (15)", "action_flag": 1, "change_message": "[{\"added\": {}}]"}}, {"model": "admin.logentry", "pk": 42, "fields": {"action_time": "2021-12-30T05:00:52.358Z", "user": 2, "content_type": 22, "object_id": "16", "object_repr": "Symptoms object (16)", "action_flag": 1, "change_message": "[{\"added\": {}}]"}}, {"model": "admin.logentry", "pk": 43, "fields": {"action_time": "2021-12-30T05:01:05.235Z", "user": 2, "content_type": 22, "object_id": "17", "object_repr": "Symptoms object (17)", "action_flag": 1, "change_message": "[{\"added\": {}}]"}}, {"model": "admin.logentry", "pk": 44, "fields": {"action_time": "2021-12-30T05:01:30.448Z", "user": 2, "content_type": 22, "object_id": "18", "object_repr": "Symptoms object (18)", "action_flag": 1, "change_message": "[{\"added\": {}}]"}}, {"model": "admin.logentry", "pk": 45, "fields": {"action_time": "2021-12-30T05:01:48.206Z", "user": 2, "content_type": 22, "object_id": "19", "object_repr": "Symptoms object (19)", "action_flag": 1, "change_message": "[{\"added\": {}}]"}}, {"model": "admin.logentry", "pk": 46, "fields": {"action_time": "2021-12-30T05:02:20.437Z", "user": 2, "content_type": 22, "object_id": "20", "object_repr": "Symptoms object (20)", "action_flag": 1, "change_message": "[{\"added\": {}}]"}}, {"model": "admin.logentry", "pk": 47, "fields": {"action_time": "2021-12-30T05:02:37.863Z", "user": 2, "content_type": 22, "object_id": "21", "object_repr": "Symptoms object (21)", "action_flag": 1, "change_message": "[{\"added\": {}}]"}}, {"model": "admin.logentry", "pk": 48, "fields": {"action_time": "2021-12-30T05:03:39.169Z", "user": 2, "content_type": 22, "object_id": "22", "object_repr": "Symptoms object (22)", "action_flag": 1, "change_message": "[{\"added\": {}}]"}}, {"model": "admin.logentry", "pk": 49, "fields": {"action_time": "2021-12-30T05:04:15.832Z", "user": 2, "content_type": 22, "object_id": "23", "object_repr": "Symptoms object (23)", "action_flag": 1, "change_message": "[{\"added\": {}}]"}}, {"model": "admin.logentry", "pk": 50, "fields": {"action_time": "2021-12-30T05:04:33.959Z", "user": 2, "content_type": 22, "object_id": "24", "object_repr": "Symptoms object (24)", "action_flag": 1, "change_message": "[{\"added\": {}}]"}}, {"model": "admin.logentry", "pk": 51, "fields": {"action_time": "2021-12-30T05:04:47.883Z", "user": 2, "content_type": 22, "object_id": "25", "object_repr": "Symptoms object (25)", "action_flag": 1, "change_message": "[{\"added\": {}}]"}}, {"model": "admin.logentry", "pk": 52, "fields": {"action_time": "2021-12-30T05:05:02.922Z", "user": 2, "content_type": 22, "object_id": "26", "object_repr": "Symptoms object (26)", "action_flag": 1, "change_message": "[{\"added\": {}}]"}}, {"model": "admin.logentry", "pk": 53, "fields": {"action_time": "2021-12-30T05:05:16.946Z", "user": 2, "content_type": 22, "object_id": "27", "object_repr": "Symptoms object (27)", "action_flag": 1, "change_message": "[{\"added\": {}}]"}}, {"model": "admin.logentry", "pk": 54, "fields": {"action_time": "2021-12-30T05:05:32.498Z", "user": 2, "content_type": 22, "object_id": "28", "object_repr": "Symptoms object (28)", "action_flag": 1, "change_message": "[{\"added\": {}}]"}}, {"model": "admin.logentry", "pk": 55, "fields": {"action_time": "2021-12-30T05:08:07.076Z", "user": 2, "content_type": 22, "object_id": "29", "object_repr": "Symptoms object (29)", "action_flag": 1, "change_message": "[{\"added\": {}}]"}}, {"model": "admin.logentry", "pk": 56, "fields": {"action_time": "2021-12-30T05:08:22.961Z", "user": 2, "content_type": 22, "object_id": "30", "object_repr": "Symptoms object (30)", "action_flag": 1, "change_message": "[{\"added\": {}}]"}}, {"model": "admin.logentry", "pk": 57, "fields": {"action_time": "2021-12-30T05:08:38.428Z", "user": 2, "content_type": 22, "object_id": "31", "object_repr": "Symptoms object (31)", "action_flag": 1, "change_message": "[{\"added\": {}}]"}}, {"model": "admin.logentry", "pk": 58, "fields": {"action_time": "2021-12-30T05:08:50.681Z", "user": 2, "content_type": 22, "object_id": "32", "object_repr": "Symptoms object (32)", "action_flag": 1, "change_message": "[{\"added\": {}}]"}}, {"model": "admin.logentry", "pk": 59, "fields": {"action_time": "2021-12-30T05:09:06.373Z", "user": 2, "content_type": 22, "object_id": "33", "object_repr": "Symptoms object (33)", "action_flag": 1, "change_message": "[{\"added\": {}}]"}}, {"model": "admin.logentry", "pk": 60, "fields": {"action_time": "2021-12-30T05:09:18.305Z", "user": 2, "content_type": 22, "object_id": "34", "object_repr": "Symptoms object (34)", "action_flag": 1, "change_message": "[{\"added\": {}}]"}}, {"model": "admin.logentry", "pk": 61, "fields": {"action_time": "2021-12-30T05:09:28.797Z", "user": 2, "content_type": 22, "object_id": "35", "object_repr": "Symptoms object (35)", "action_flag": 1, "change_message": "[{\"added\": {}}]"}}, {"model": "admin.logentry", "pk": 62, "fields": {"action_time": "2021-12-30T05:09:44.889Z", "user": 2, "content_type": 22, "object_id": "36", "object_repr": "Symptoms object (36)", "action_flag": 1, "change_message": "[{\"added\": {}}]"}}, {"model": "admin.logentry", "pk": 63, "fields": {"action_time": "2021-12-30T05:09:56.773Z", "user": 2, "content_type": 22, "object_id": "37", "object_repr": "Symptoms object (37)", "action_flag": 1, "change_message": "[{\"added\": {}}]"}}, {"model": "admin.logentry", "pk": 64, "fields": {"action_time": "2021-12-30T05:10:12.237Z", "user": 2, "content_type": 22, "object_id": "38", "object_repr": "Symptoms object (38)", "action_flag": 1, "change_message": "[{\"added\": {}}]"}}, {"model": "admin.logentry", "pk": 65, "fields": {"action_time": "2021-12-30T05:10:26.540Z", "user": 2, "content_type": 22, "object_id": "39", "object_repr": "Symptoms object (39)", "action_flag": 1, "change_message": "[{\"added\": {}}]"}}, {"model": "admin.logentry", "pk": 66, "fields": {"action_time": "2021-12-30T05:10:57.503Z", "user": 2, "content_type": 22, "object_id": "40", "object_repr": "Symptoms object (40)", "action_flag": 1, "change_message": "[{\"added\": {}}]"}}, {"model": "admin.logentry", "pk": 67, "fields": {"action_time": "2021-12-30T05:11:13.348Z", "user": 2, "content_type": 22, "object_id": "41", "object_repr": "Symptoms object (41)", "action_flag": 1, "change_message": "[{\"added\": {}}]"}}, {"model": "admin.logentry", "pk": 68, "fields": {"action_time": "2021-12-30T05:11:28.801Z", "user": 2, "content_type": 22, "object_id": "42", "object_repr": "Symptoms object (42)", "action_flag": 1, "change_message": "[{\"added\": {}}]"}}, {"model": "admin.logentry", "pk": 69, "fields": {"action_time": "2021-12-30T05:11:41.458Z", "user": 2, "content_type": 22, "object_id": "43", "object_repr": "Symptoms object (43)", "action_flag": 1, "change_message": "[{\"added\": {}}]"}}, {"model": "admin.logentry", "pk": 70, "fields": {"action_time": "2021-12-30T05:11:52.420Z", "user": 2, "content_type": 22, "object_id": "44", "object_repr": "Symptoms object (44)", "action_flag": 1, "change_message": "[{\"added\": {}}]"}}, {"model": "admin.logentry", "pk": 71, "fields": {"action_time": "2021-12-30T05:12:06.872Z", "user": 2, "content_type": 22, "object_id": "45", "object_repr": "Symptoms object (45)", "action_flag": 1, "change_message": "[{\"added\": {}}]"}}, {"model": "admin.logentry", "pk": 72, "fields": {"action_time": "2021-12-30T05:12:22.016Z", "user": 2, "content_type": 22, "object_id": "46", "object_repr": "Symptoms object (46)", "action_flag": 1, "change_message": "[{\"added\": {}}]"}}, {"model": "admin.logentry", "pk": 73, "fields": {"action_time": "2021-12-30T05:12:36.153Z", "user": 2, "content_type": 22, "object_id": "47", "object_repr": "Symptoms object (47)", "action_flag": 1, "change_message": "[{\"added\": {}}]"}}, {"model": "admin.logentry", "pk": 74, "fields": {"action_time": "2021-12-30T05:12:49.482Z", "user": 2, "content_type": 22, "object_id": "48", "object_repr": "Symptoms object (48)", "action_flag": 1, "change_message": "[{\"added\": {}}]"}}, {"model": "admin.logentry", "pk": 75, "fields": {"action_time": "2021-12-30T05:13:02.352Z", "user": 2, "content_type": 22, "object_id": "49", "object_repr": "Symptoms object (49)", "action_flag": 1, "change_message": "[{\"added\": {}}]"}}, {"model": "admin.logentry", "pk": 76, "fields": {"action_time": "2021-12-30T05:13:15.934Z", "user": 2, "content_type": 22, "object_id": "50", "object_repr": "Symptoms object (50)", "action_flag": 1, "change_message": "[{\"added\": {}}]"}}, {"model": "admin.logentry", "pk": 77, "fields": {"action_time": "2021-12-30T05:14:03.431Z", "user": 2, "content_type": 22, "object_id": "51", "object_repr": "Symptoms object (51)", "action_flag": 1, "change_message": "[{\"added\": {}}]"}}, {"model": "admin.logentry", "pk": 78, "fields": {"action_time": "2021-12-30T05:14:15.728Z", "user": 2, "content_type": 22, "object_id": "52", "object_repr": "Symptoms object (52)", "action_flag": 1, "change_message": "[{\"added\": {}}]"}}, {"model": "admin.logentry", "pk": 79, "fields": {"action_time": "2021-12-30T05:14:29.132Z", "user": 2, "content_type": 22, "object_id": "53", "object_repr": "Symptoms object (53)", "action_flag": 1, "change_message": "[{\"added\": {}}]"}}, {"model": "admin.logentry", "pk": 80, "fields": {"action_time": "2021-12-30T05:14:43.691Z", "user": 2, "content_type": 22, "object_id": "54", "object_repr": "Symptoms object (54)", "action_flag": 1, "change_message": "[{\"added\": {}}]"}}, {"model": "admin.logentry", "pk": 81, "fields": {"action_time": "2021-12-30T05:14:59.237Z", "user": 2, "content_type": 22, "object_id": "55", "object_repr": "Symptoms object (55)", "action_flag": 1, "change_message": "[{\"added\": {}}]"}}, {"model": "admin.logentry", "pk": 82, "fields": {"action_time": "2021-12-30T05:15:11.655Z", "user": 2, "content_type": 22, "object_id": "56", "object_repr": "Symptoms object (56)", "action_flag": 1, "change_message": "[{\"added\": {}}]"}}, {"model": "admin.logentry", "pk": 83, "fields": {"action_time": "2021-12-30T05:15:22.724Z", "user": 2, "content_type": 22, "object_id": "57", "object_repr": "Symptoms object (57)", "action_flag": 1, "change_message": "[{\"added\": {}}]"}}, {"model": "admin.logentry", "pk": 84, "fields": {"action_time": "2021-12-30T05:15:33.173Z", "user": 2, "content_type": 22, "object_id": "58", "object_repr": "Symptoms object (58)", "action_flag": 1, "change_message": "[{\"added\": {}}]"}}, {"model": "admin.logentry", "pk": 85, "fields": {"action_time": "2021-12-30T05:15:44.124Z", "user": 2, "content_type": 22, "object_id": "59", "object_repr": "Symptoms object (59)", "action_flag": 1, "change_message": "[{\"added\": {}}]"}}, {"model": "admin.logentry", "pk": 86, "fields": {"action_time": "2021-12-30T05:15:54.408Z", "user": 2, "content_type": 22, "object_id": "60", "object_repr": "Symptoms object (60)", "action_flag": 1, "change_message": "[{\"added\": {}}]"}}, {"model": "admin.logentry", "pk": 87, "fields": {"action_time": "2021-12-30T05:16:05.053Z", "user": 2, "content_type": 22, "object_id": "61", "object_repr": "Symptoms object (61)", "action_flag": 1, "change_message": "[{\"added\": {}}]"}}, {"model": "admin.logentry", "pk": 88, "fields": {"action_time": "2021-12-30T05:16:16.868Z", "user": 2, "content_type": 22, "object_id": "62", "object_repr": "Symptoms object (62)", "action_flag": 1, "change_message": "[{\"added\": {}}]"}}, {"model": "admin.logentry", "pk": 89, "fields": {"action_time": "2021-12-30T05:19:54.443Z", "user": 2, "content_type": 47, "object_id": "1", "object_repr": "1 month package 30 days validity 30 days validity", "action_flag": 1, "change_message": "[{\"added\": {}}]"}}, {"model": "admin.logentry", "pk": 90, "fields": {"action_time": "2021-12-30T05:20:20.778Z", "user": 2, "content_type": 47, "object_id": "2", "object_repr": "3 month package 90 days validity 90 days validity", "action_flag": 1, "change_message": "[{\"added\": {}}]"}}, {"model": "admin.logentry", "pk": 91, "fields": {"action_time": "2021-12-30T05:20:40.587Z", "user": 2, "content_type": 47, "object_id": "3", "object_repr": "pregnancy class 300 days validity", "action_flag": 1, "change_message": "[{\"added\": {}}]"}}, {"model": "admin.logentry", "pk": 92, "fields": {"action_time": "2021-12-30T05:21:05.746Z", "user": 2, "content_type": 47, "object_id": "4", "object_repr": "full pregnancy package 300 days validity", "action_flag": 1, "change_message": "[{\"added\": {}}]"}}, {"model": "admin.logentry", "pk": 93, "fields": {"action_time": "2021-12-30T05:22:22.947Z", "user": 2, "content_type": 55, "object_id": "1", "object_repr": "didn't respond", "action_flag": 1, "change_message": "[{\"added\": {}}]"}}, {"model": "admin.logentry", "pk": 94, "fields": {"action_time": "2021-12-30T05:22:31.349Z", "user": 2, "content_type": 55, "object_id": "2", "object_repr": "didn't called", "action_flag": 1, "change_message": "[{\"added\": {}}]"}}, {"model": "admin.logentry", "pk": 95, "fields": {"action_time": "2021-12-30T05:22:37.804Z", "user": 2, "content_type": 55, "object_id": "3", "object_repr": "called", "action_flag": 1, "change_message": "[{\"added\": {}}]"}}, {"model": "admin.logentry", "pk": 96, "fields": {"action_time": "2021-12-30T05:23:08.936Z", "user": 2, "content_type": 57, "object_id": "1", "object_repr": "stable", "action_flag": 1, "change_message": "[{\"added\": {}}]"}}, {"model": "admin.logentry", "pk": 97, "fields": {"action_time": "2021-12-30T05:23:31.293Z", "user": 2, "content_type": 57, "object_id": "2", "object_repr": "low risk", "action_flag": 1, "change_message": "[{\"added\": {}}]"}}, {"model": "admin.logentry", "pk": 98, "fields": {"action_time": "2021-12-30T05:23:37.341Z", "user": 2, "content_type": 57, "object_id": "3", "object_repr": "high risk", "action_flag": 1, "change_message": "[{\"added\": {}}]"}}, {"model": "admin.logentry", "pk": 99, "fields": {"action_time": "2021-12-30T05:26:05.454Z", "user": 2, "content_type": 15, "object_id": "1", "object_repr": "2 week", "action_flag": 1, "change_message": "[{\"added\": {}}]"}}, {"model": "admin.logentry", "pk": 100, "fields": {"action_time": "2021-12-30T05:26:36.442Z", "user": 2, "content_type": 15, "object_id": "2", "object_repr": "3 week", "action_flag": 1, "change_message": "[{\"added\": {}}]"}}, {"model": "admin.logentry", "pk": 101, "fields": {"action_time": "2021-12-30T05:27:37.462Z", "user": 2, "content_type": 15, "object_id": "3", "object_repr": "4 week", "action_flag": 1, "change_message": "[{\"added\": {}}]"}}, {"model": "admin.logentry", "pk": 102, "fields": {"action_time": "2021-12-30T05:28:10.274Z", "user": 2, "content_type": 15, "object_id": "4", "object_repr": "5 week", "action_flag": 1, "change_message": "[{\"added\": {}}]"}}, {"model": "admin.logentry", "pk": 103, "fields": {"action_time": "2021-12-30T05:28:55.305Z", "user": 2, "content_type": 15, "object_id": "5", "object_repr": "6 week", "action_flag": 1, "change_message": "[{\"added\": {}}]"}}, {"model": "admin.logentry", "pk": 104, "fields": {"action_time": "2021-12-30T05:29:27.821Z", "user": 2, "content_type": 15, "object_id": "6", "object_repr": "7 week", "action_flag": 1, "change_message": "[{\"added\": {}}]"}}, {"model": "admin.logentry", "pk": 105, "fields": {"action_time": "2021-12-30T05:31:48.419Z", "user": 2, "content_type": 15, "object_id": "7", "object_repr": "8 week", "action_flag": 1, "change_message": "[{\"added\": {}}]"}}, {"model": "admin.logentry", "pk": 106, "fields": {"action_time": "2021-12-30T05:32:33.328Z", "user": 2, "content_type": 15, "object_id": "8", "object_repr": "9 week", "action_flag": 1, "change_message": "[{\"added\": {}}]"}}, {"model": "admin.logentry", "pk": 107, "fields": {"action_time": "2021-12-30T05:33:41.111Z", "user": 2, "content_type": 15, "object_id": "9", "object_repr": "10 week", "action_flag": 1, "change_message": "[{\"added\": {}}]"}}, {"model": "admin.logentry", "pk": 108, "fields": {"action_time": "2021-12-30T05:34:35.330Z", "user": 2, "content_type": 15, "object_id": "10", "object_repr": "11 week", "action_flag": 1, "change_message": "[{\"added\": {}}]"}}, {"model": "admin.logentry", "pk": 109, "fields": {"action_time": "2021-12-30T05:35:45.718Z", "user": 2, "content_type": 15, "object_id": "11", "object_repr": "12 week", "action_flag": 1, "change_message": "[{\"added\": {}}]"}}, {"model": "admin.logentry", "pk": 110, "fields": {"action_time": "2021-12-30T05:36:27.898Z", "user": 2, "content_type": 15, "object_id": "12", "object_repr": "13 week", "action_flag": 1, "change_message": "[{\"added\": {}}]"}}, {"model": "admin.logentry", "pk": 111, "fields": {"action_time": "2021-12-30T05:37:01.663Z", "user": 2, "content_type": 15, "object_id": "13", "object_repr": "14 week", "action_flag": 1, "change_message": "[{\"added\": {}}]"}}, {"model": "admin.logentry", "pk": 112, "fields": {"action_time": "2021-12-30T05:37:33.002Z", "user": 2, "content_type": 15, "object_id": "14", "object_repr": "15 week", "action_flag": 1, "change_message": "[{\"added\": {}}]"}}, {"model": "admin.logentry", "pk": 113, "fields": {"action_time": "2021-12-30T05:38:28.583Z", "user": 2, "content_type": 15, "object_id": "15", "object_repr": "16 week", "action_flag": 1, "change_message": "[{\"added\": {}}]"}}, {"model": "admin.logentry", "pk": 114, "fields": {"action_time": "2021-12-30T05:39:20.897Z", "user": 2, "content_type": 15, "object_id": "16", "object_repr": "17 week", "action_flag": 1, "change_message": "[{\"added\": {}}]"}}, {"model": "admin.logentry", "pk": 115, "fields": {"action_time": "2021-12-30T05:40:07.214Z", "user": 2, "content_type": 15, "object_id": "17", "object_repr": "18 week", "action_flag": 1, "change_message": "[{\"added\": {}}]"}}, {"model": "admin.logentry", "pk": 116, "fields": {"action_time": "2021-12-30T05:43:24.973Z", "user": 2, "content_type": 15, "object_id": "18", "object_repr": "19 week", "action_flag": 1, "change_message": "[{\"added\": {}}]"}}, {"model": "admin.logentry", "pk": 117, "fields": {"action_time": "2021-12-30T05:43:59.894Z", "user": 2, "content_type": 15, "object_id": "19", "object_repr": "20 week", "action_flag": 1, "change_message": "[{\"added\": {}}]"}}, {"model": "admin.logentry", "pk": 118, "fields": {"action_time": "2021-12-30T05:44:38.838Z", "user": 2, "content_type": 15, "object_id": "20", "object_repr": "21 week", "action_flag": 1, "change_message": "[{\"added\": {}}]"}}, {"model": "admin.logentry", "pk": 119, "fields": {"action_time": "2021-12-30T05:45:19.964Z", "user": 2, "content_type": 15, "object_id": "21", "object_repr": "22 week", "action_flag": 1, "change_message": "[{\"added\": {}}]"}}, {"model": "admin.logentry", "pk": 120, "fields": {"action_time": "2021-12-30T05:46:45.705Z", "user": 2, "content_type": 15, "object_id": "22", "object_repr": "23 week", "action_flag": 1, "change_message": "[{\"added\": {}}]"}}, {"model": "admin.logentry", "pk": 121, "fields": {"action_time": "2021-12-30T05:47:19.284Z", "user": 2, "content_type": 15, "object_id": "23", "object_repr": "24 week", "action_flag": 1, "change_message": "[{\"added\": {}}]"}}, {"model": "admin.logentry", "pk": 122, "fields": {"action_time": "2021-12-30T05:47:59.945Z", "user": 2, "content_type": 15, "object_id": "24", "object_repr": "25 week", "action_flag": 1, "change_message": "[{\"added\": {}}]"}}, {"model": "admin.logentry", "pk": 123, "fields": {"action_time": "2021-12-30T05:49:00.733Z", "user": 2, "content_type": 15, "object_id": "25", "object_repr": "26 week", "action_flag": 1, "change_message": "[{\"added\": {}}]"}}, {"model": "admin.logentry", "pk": 124, "fields": {"action_time": "2021-12-30T05:49:32.100Z", "user": 2, "content_type": 15, "object_id": "26", "object_repr": "27 week", "action_flag": 1, "change_message": "[{\"added\": {}}]"}}, {"model": "admin.logentry", "pk": 125, "fields": {"action_time": "2021-12-30T05:54:26.970Z", "user": 2, "content_type": 15, "object_id": "27", "object_repr": "28 week", "action_flag": 1, "change_message": "[{\"added\": {}}]"}}, {"model": "admin.logentry", "pk": 126, "fields": {"action_time": "2021-12-30T05:55:14.583Z", "user": 2, "content_type": 15, "object_id": "28", "object_repr": "29 week", "action_flag": 1, "change_message": "[{\"added\": {}}]"}}, {"model": "admin.logentry", "pk": 127, "fields": {"action_time": "2021-12-30T05:55:45.799Z", "user": 2, "content_type": 15, "object_id": "29", "object_repr": "30 week", "action_flag": 1, "change_message": "[{\"added\": {}}]"}}, {"model": "admin.logentry", "pk": 128, "fields": {"action_time": "2021-12-30T05:56:16.836Z", "user": 2, "content_type": 15, "object_id": "30", "object_repr": "31 week", "action_flag": 1, "change_message": "[{\"added\": {}}]"}}, {"model": "admin.logentry", "pk": 129, "fields": {"action_time": "2021-12-30T05:57:16.088Z", "user": 2, "content_type": 15, "object_id": "31", "object_repr": "32 week", "action_flag": 1, "change_message": "[{\"added\": {}}]"}}, {"model": "admin.logentry", "pk": 130, "fields": {"action_time": "2021-12-30T05:57:47.606Z", "user": 2, "content_type": 15, "object_id": "32", "object_repr": "33 week", "action_flag": 1, "change_message": "[{\"added\": {}}]"}}, {"model": "admin.logentry", "pk": 131, "fields": {"action_time": "2021-12-30T05:58:23.498Z", "user": 2, "content_type": 15, "object_id": "33", "object_repr": "34 week", "action_flag": 1, "change_message": "[{\"added\": {}}]"}}, {"model": "admin.logentry", "pk": 132, "fields": {"action_time": "2021-12-30T05:58:54.951Z", "user": 2, "content_type": 15, "object_id": "34", "object_repr": "35 week", "action_flag": 1, "change_message": "[{\"added\": {}}]"}}, {"model": "admin.logentry", "pk": 133, "fields": {"action_time": "2021-12-30T05:59:30.568Z", "user": 2, "content_type": 15, "object_id": "35", "object_repr": "36 week", "action_flag": 1, "change_message": "[{\"added\": {}}]"}}, {"model": "admin.logentry", "pk": 134, "fields": {"action_time": "2021-12-30T06:00:30.011Z", "user": 2, "content_type": 15, "object_id": "36", "object_repr": "37 week", "action_flag": 1, "change_message": "[{\"added\": {}}]"}}, {"model": "admin.logentry", "pk": 135, "fields": {"action_time": "2021-12-30T06:01:12.659Z", "user": 2, "content_type": 15, "object_id": "37", "object_repr": "38 week", "action_flag": 1, "change_message": "[{\"added\": {}}]"}}, {"model": "admin.logentry", "pk": 136, "fields": {"action_time": "2021-12-30T06:01:42.141Z", "user": 2, "content_type": 15, "object_id": "38", "object_repr": "39 week", "action_flag": 1, "change_message": "[{\"added\": {}}]"}}, {"model": "admin.logentry", "pk": 137, "fields": {"action_time": "2021-12-30T06:02:11.164Z", "user": 2, "content_type": 15, "object_id": "39", "object_repr": "40 week", "action_flag": 1, "change_message": "[{\"added\": {}}]"}}, {"model": "admin.logentry", "pk": 138, "fields": {"action_time": "2021-12-30T06:41:48.544Z", "user": 2, "content_type": 17, "object_id": "1", "object_repr": "activity", "action_flag": 1, "change_message": "[{\"added\": {}}]"}}, {"model": "admin.logentry", "pk": 139, "fields": {"action_time": "2021-12-30T06:41:53.461Z", "user": 2, "content_type": 17, "object_id": "2", "object_repr": "exercise", "action_flag": 1, "change_message": "[{\"added\": {}}]"}}, {"model": "admin.logentry", "pk": 140, "fields": {"action_time": "2021-12-30T06:42:00.024Z", "user": 2, "content_type": 17, "object_id": "3", "object_repr": "diet", "action_flag": 1, "change_message": "[{\"added\": {}}]"}}, {"model": "admin.logentry", "pk": 141, "fields": {"action_time": "2021-12-31T04:07:51.826Z", "user": 2, "content_type": 7, "object_id": "1", "object_repr": "manu@gmail.com", "action_flag": 2, "change_message": "[{\"changed\": {\"fields\": [\"Languages\", \"ReferalId\"]}}]"}}, {"model": "admin.logentry", "pk": 142, "fields": {"action_time": "2021-12-31T04:15:42.102Z", "user": 2, "content_type": 42, "object_id": "1", "object_repr": "stay fit", "action_flag": 1, "change_message": "[{\"added\": {}}]"}}, {"model": "admin.logentry", "pk": 143, "fields": {"action_time": "2021-12-31T04:15:46.495Z", "user": 2, "content_type": 42, "object_id": "2", "object_repr": "diet", "action_flag": 1, "change_message": "[{\"added\": {}}]"}}, {"model": "admin.logentry", "pk": 144, "fields": {"action_time": "2021-12-31T04:15:51.628Z", "user": 2, "content_type": 42, "object_id": "3", "object_repr": "relaxation", "action_flag": 1, "change_message": "[{\"added\": {}}]"}}, {"model": "admin.logentry", "pk": 145, "fields": {"action_time": "2021-12-31T04:15:57.668Z", "user": 2, "content_type": 42, "object_id": "4", "object_repr": "meditation", "action_flag": 1, "change_message": "[{\"added\": {}}]"}}, {"model": "admin.logentry", "pk": 146, "fields": {"action_time": "2021-12-31T04:16:02.880Z", "user": 2, "content_type": 42, "object_id": "5", "object_repr": "lactation", "action_flag": 1, "change_message": "[{\"added\": {}}]"}}, {"model": "admin.logentry", "pk": 147, "fields": {"action_time": "2021-12-31T04:16:12.912Z", "user": 2, "content_type": 42, "object_id": "6", "object_repr": "natural coping", "action_flag": 1, "change_message": "[{\"added\": {}}]"}}, {"model": "admin.logentry", "pk": 148, "fields": {"action_time": "2021-12-31T04:16:17.964Z", "user": 2, "content_type": 42, "object_id": "7", "object_repr": "planning birth", "action_flag": 1, "change_message": "[{\"added\": {}}]"}}, {"model": "admin.logentry", "pk": 149, "fields": {"action_time": "2021-12-31T04:16:43.957Z", "user": 2, "content_type": 42, "object_id": "8", "object_repr": "new born baby care", "action_flag": 1, "change_message": "[{\"added\": {}}]"}}, {"model": "admin.logentry", "pk": 150, "fields": {"action_time": "2021-12-31T04:17:19.019Z", "user": 2, "content_type": 42, "object_id": "9", "object_repr": "delivery process", "action_flag": 1, "change_message": "[{\"added\": {}}]"}}, {"model": "admin.logentry", "pk": 151, "fields": {"action_time": "2021-12-31T04:17:25.178Z", "user": 2, "content_type": 42, "object_id": "10", "object_repr": "skill set", "action_flag": 1, "change_message": "[{\"added\": {}}]"}}, {"model": "admin.logentry", "pk": 152, "fields": {"action_time": "2021-12-31T04:17:30.518Z", "user": 2, "content_type": 42, "object_id": "11", "object_repr": "pregnancy concerns", "action_flag": 1, "change_message": "[{\"added\": {}}]"}}, {"model": "admin.logentry", "pk": 153, "fields": {"action_time": "2021-12-31T08:10:50.536Z", "user": 2, "content_type": 63, "object_id": "9WqFboCv.pbkdf2_sha256$260000$ak3KexnetVCpn16F5HxTXl$70h2Ej/Egjdcooq50SRvYTBlbGicx0CKoie6TYApV+o=", "object_repr": "test", "action_flag": 1, "change_message": "[{\"added\": {}}]"}}, {"model": "admin.logentry", "pk": 154, "fields": {"action_time": "2021-12-31T08:11:32.699Z", "user": 2, "content_type": 6, "object_id": "9", "object_repr": "malasvika@gmail.com", "action_flag": 3, "change_message": ""}}, {"model": "admin.logentry", "pk": 155, "fields": {"action_time": "2021-12-31T09:18:01.451Z", "user": 2, "content_type": 6, "object_id": "11", "object_repr": "sanathsasi01@gmail.com2", "action_flag": 3, "change_message": ""}}, {"model": "admin.logentry", "pk": 156, "fields": {"action_time": "2021-12-31T09:18:01.454Z", "user": 2, "content_type": 6, "object_id": "10", "object_repr": "sanathsasi01@gmail.com", "action_flag": 3, "change_message": ""}}, {"model": "admin.logentry", "pk": 157, "fields": {"action_time": "2022-01-03T06:33:29.658Z", "user": 2, "content_type": 43, "object_id": "1", "object_repr": "stage1", "action_flag": 1, "change_message": "[{\"added\": {}}]"}}, {"model": "admin.logentry", "pk": 158, "fields": {"action_time": "2022-01-03T06:33:33.872Z", "user": 2, "content_type": 43, "object_id": "2", "object_repr": "stage2", "action_flag": 1, "change_message": "[{\"added\": {}}]"}}, {"model": "admin.logentry", "pk": 159, "fields": {"action_time": "2022-01-03T06:33:37.028Z", "user": 2, "content_type": 43, "object_id": "3", "object_repr": "stage3", "action_flag": 1, "change_message": "[{\"added\": {}}]"}}, {"model": "admin.logentry", "pk": 160, "fields": {"action_time": "2022-01-03T06:33:39.836Z", "user": 2, "content_type": 43, "object_id": "4", "object_repr": "stage4", "action_flag": 1, "change_message": "[{\"added\": {}}]"}}, {"model": "admin.logentry", "pk": 161, "fields": {"action_time": "2022-01-03T06:33:43.240Z", "user": 2, "content_type": 43, "object_id": "5", "object_repr": "stage5", "action_flag": 1, "change_message": "[{\"added\": {}}]"}}, {"model": "admin.logentry", "pk": 162, "fields": {"action_time": "2022-01-03T06:33:46.672Z", "user": 2, "content_type": 43, "object_id": "6", "object_repr": "stage6", "action_flag": 1, "change_message": "[{\"added\": {}}]"}}, {"model": "admin.logentry", "pk": 163, "fields": {"action_time": "2022-01-03T06:33:49.629Z", "user": 2, "content_type": 43, "object_id": "7", "object_repr": "stage7", "action_flag": 1, "change_message": "[{\"added\": {}}]"}}, {"model": "admin.logentry", "pk": 164, "fields": {"action_time": "2022-01-03T06:33:52.483Z", "user": 2, "content_type": 43, "object_id": "8", "object_repr": "stage8", "action_flag": 1, "change_message": "[{\"added\": {}}]"}}, {"model": "admin.logentry", "pk": 165, "fields": {"action_time": "2022-01-03T06:33:56.160Z", "user": 2, "content_type": 43, "object_id": "9", "object_repr": "stage9", "action_flag": 1, "change_message": "[{\"added\": {}}]"}}, {"model": "admin.logentry", "pk": 166, "fields": {"action_time": "2022-01-03T06:33:59.308Z", "user": 2, "content_type": 43, "object_id": "10", "object_repr": "stage10", "action_flag": 1, "change_message": "[{\"added\": {}}]"}}, {"model": "admin.logentry", "pk": 167, "fields": {"action_time": "2022-01-03T12:04:15.481Z", "user": 2, "content_type": 49, "object_id": "3", "object_repr": "sidharth.s", "action_flag": 2, "change_message": "[{\"changed\": {\"fields\": [\"Time\", \"Schedule\"]}}]"}}, {"model": "admin.logentry", "pk": 168, "fields": {"action_time": "2022-01-03T12:04:54.906Z", "user": 2, "content_type": 49, "object_id": "3", "object_repr": "sidharth.s", "action_flag": 2, "change_message": "[{\"changed\": {\"fields\": [\"Time\", \"Schedule\"]}}]"}}, {"model": "admin.logentry", "pk": 169, "fields": {"action_time": "2022-01-14T05:31:20.974Z", "user": 2, "content_type": 6, "object_id": "18", "object_repr": "nick@gmail.com", "action_flag": 3, "change_message": ""}}, {"model": "admin.logentry", "pk": 170, "fields": {"action_time": "2022-01-14T05:31:20.977Z", "user": 2, "content_type": 6, "object_id": "17", "object_repr": "dezua@gmail.com", "action_flag": 3, "change_message": ""}}, {"model": "admin.logentry", "pk": 171, "fields": {"action_time": "2022-01-14T05:31:20.979Z", "user": 2, "content_type": 6, "object_id": "16", "object_repr": "sanathsasi01@gmail.com2", "action_flag": 3, "change_message": ""}}, {"model": "admin.logentry", "pk": 172, "fields": {"action_time": "2022-01-14T05:31:20.980Z", "user": 2, "content_type": 6, "object_id": "15", "object_repr": "sidharth@gmail.com", "action_flag": 3, "change_message": ""}}, {"model": "admin.logentry", "pk": 173, "fields": {"action_time": "2022-01-14T05:31:20.982Z", "user": 2, "content_type": 6, "object_id": "14", "object_repr": "rohan@gmail.com", "action_flag": 3, "change_message": ""}}, {"model": "admin.logentry", "pk": 174, "fields": {"action_time": "2022-01-14T05:31:20.983Z", "user": 2, "content_type": 6, "object_id": "13", "object_repr": "vivek@sales.com", "action_flag": 3, "change_message": ""}}, {"model": "admin.logentry", "pk": 175, "fields": {"action_time": "2022-01-14T05:31:20.984Z", "user": 2, "content_type": 6, "object_id": "12", "object_repr": "sasisivasree@gmail.com", "action_flag": 3, "change_message": ""}}, {"model": "admin.logentry", "pk": 176, "fields": {"action_time": "2022-01-14T05:31:20.985Z", "user": 2, "content_type": 6, "object_id": "8", "object_repr": "jisa123@gmail.com", "action_flag": 3, "change_message": ""}}, {"model": "admin.logentry", "pk": 177, "fields": {"action_time": "2022-01-14T05:31:20.985Z", "user": 2, "content_type": 6, "object_id": "6", "object_repr": "malavika@gmail.com", "action_flag": 3, "change_message": ""}}, {"model": "admin.logentry", "pk": 178, "fields": {"action_time": "2022-01-14T05:31:20.986Z", "user": 2, "content_type": 6, "object_id": "3", "object_repr": "manu@gmail.com", "action_flag": 3, "change_message": ""}}, {"model": "admin.logentry", "pk": 179, "fields": {"action_time": "2022-01-14T05:43:35.349Z", "user": 2, "content_type": 59, "object_id": "1", "object_repr": "CustomizedPlan object (1)", "action_flag": 1, "change_message": "[{\"added\": {}}]"}}, {"model": "admin.logentry", "pk": 180, "fields": {"action_time": "2022-01-14T05:43:38.951Z", "user": 2, "content_type": 59, "object_id": "1", "object_repr": "CustomizedPlan object (1)", "action_flag": 3, "change_message": ""}}, {"model": "admin.logentry", "pk": 181, "fields": {"action_time": "2022-01-15T06:36:53.130Z", "user": 2, "content_type": 63, "object_id": "9WqFboCv.pbkdf2_sha256$260000$ak3KexnetVCpn16F5HxTXl$70h2Ej/Egjdcooq50SRvYTBlbGicx0CKoie6TYApV+o=", "object_repr": "test", "action_flag": 3, "change_message": ""}}, {"model": "admin.logentry", "pk": 182, "fields": {"action_time": "2022-01-15T06:37:11.238Z", "user": 2, "content_type": 63, "object_id": "aU60ViOC.pbkdf2_sha256$260000$XB0nRW3T89VXKC5wPGiPq3$sdbbkqjzCkL6BZh2dfxjWB+68fLqLLh7Qf3li3+3umE=", "object_repr": "production", "action_flag": 1, "change_message": "[{\"added\": {}}]"}}, {"model": "admin.logentry", "pk": 183, "fields": {"action_time": "2022-01-17T05:46:20.652Z", "user": 2, "content_type": 6, "object_id": "31", "object_repr": "dr.melvindominic@shebirth.com <dr.melvindominic@gmail.com", "action_flag": 3, "change_message": ""}}, {"model": "admin.logentry", "pk": 184, "fields": {"action_time": "2022-01-17T06:09:01.093Z", "user": 2, "content_type": 6, "object_id": "32", "object_repr": "dr.melvindominic@gmail.com", "action_flag": 2, "change_message": "[{\"changed\": {\"fields\": [\"Firstname\", \"Lastname\"]}}]"}}, {"model": "admin.logentry", "pk": 185, "fields": {"action_time": "2022-01-17T08:13:33.454Z", "user": 2, "content_type": 28, "object_id": "8", "object_repr": "", "action_flag": 3, "change_message": ""}}, {"model": "admin.logentry", "pk": 186, "fields": {"action_time": "2022-01-17T08:13:33.459Z", "user": 2, "content_type": 28, "object_id": "7", "object_repr": "", "action_flag": 3, "change_message": ""}}, {"model": "admin.logentry", "pk": 187, "fields": {"action_time": "2022-01-17T08:13:33.460Z", "user": 2, "content_type": 28, "object_id": "6", "object_repr": "", "action_flag": 3, "change_message": ""}}, {"model": "admin.logentry", "pk": 188, "fields": {"action_time": "2022-01-17T08:13:33.461Z", "user": 2, "content_type": 28, "object_id": "5", "object_repr": "", "action_flag": 3, "change_message": ""}}, {"model": "admin.logentry", "pk": 189, "fields": {"action_time": "2022-01-17T08:13:33.462Z", "user": 2, "content_type": 28, "object_id": "4", "object_repr": "", "action_flag": 3, "change_message": ""}}, {"model": "admin.logentry", "pk": 190, "fields": {"action_time": "2022-01-17T08:13:33.464Z", "user": 2, "content_type": 28, "object_id": "3", "object_repr": "", "action_flag": 3, "change_message": ""}}, {"model": "admin.logentry", "pk": 191, "fields": {"action_time": "2022-01-17T08:13:33.465Z", "user": 2, "content_type": 28, "object_id": "2", "object_repr": "", "action_flag": 3, "change_message": ""}}, {"model": "admin.logentry", "pk": 192, "fields": {"action_time": "2022-01-17T08:13:33.466Z", "user": 2, "content_type": 28, "object_id": "1", "object_repr": "", "action_flag": 3, "change_message": ""}}, {"model": "admin.logentry", "pk": 193, "fields": {"action_time": "2022-01-17T12:00:41.686Z", "user": 2, "content_type": 28, "object_id": "15", "object_repr": "Marching", "action_flag": 2, "change_message": "[{\"changed\": {\"fields\": [\"Name\"]}}]"}}, {"model": "admin.logentry", "pk": 194, "fields": {"action_time": "2022-01-17T12:00:47.177Z", "user": 2, "content_type": 28, "object_id": "14", "object_repr": "Marching", "action_flag": 2, "change_message": "[{\"changed\": {\"fields\": [\"Name\"]}}]"}}, {"model": "admin.logentry", "pk": 195, "fields": {"action_time": "2022-01-17T12:00:52.126Z", "user": 2, "content_type": 28, "object_id": "13", "object_repr": "Marching", "action_flag": 2, "change_message": "[{\"changed\": {\"fields\": [\"Name\"]}}]"}}, {"model": "admin.logentry", "pk": 196, "fields": {"action_time": "2022-01-17T12:01:00.067Z", "user": 2, "content_type": 28, "object_id": "12", "object_repr": "Marching", "action_flag": 2, "change_message": "[{\"changed\": {\"fields\": [\"Name\"]}}]"}}, {"model": "admin.logentry", "pk": 197, "fields": {"action_time": "2022-01-17T12:01:04.928Z", "user": 2, "content_type": 28, "object_id": "10", "object_repr": "Marching", "action_flag": 2, "change_message": "[{\"changed\": {\"fields\": [\"Name\"]}}]"}}, {"model": "admin.logentry", "pk": 198, "fields": {"action_time": "2022-01-17T12:01:10.045Z", "user": 2, "content_type": 28, "object_id": "9", "object_repr": "Marching", "action_flag": 2, "change_message": "[{\"changed\": {\"fields\": [\"Name\"]}}]"}}, {"model": "admin.logentry", "pk": 199, "fields": {"action_time": "2022-01-18T04:56:07.118Z", "user": 2, "content_type": 28, "object_id": "230", "object_repr": "", "action_flag": 3, "change_message": ""}}, {"model": "admin.logentry", "pk": 200, "fields": {"action_time": "2022-01-18T04:56:07.121Z", "user": 2, "content_type": 28, "object_id": "229", "object_repr": "", "action_flag": 3, "change_message": ""}}, {"model": "admin.logentry", "pk": 201, "fields": {"action_time": "2022-01-18T04:56:07.122Z", "user": 2, "content_type": 28, "object_id": "228", "object_repr": "", "action_flag": 3, "change_message": ""}}, {"model": "admin.logentry", "pk": 202, "fields": {"action_time": "2022-01-18T04:56:07.123Z", "user": 2, "content_type": 28, "object_id": "227", "object_repr": "", "action_flag": 3, "change_message": ""}}, {"model": "admin.logentry", "pk": 203, "fields": {"action_time": "2022-01-18T04:56:07.124Z", "user": 2, "content_type": 28, "object_id": "226", "object_repr": "", "action_flag": 3, "change_message": ""}}, {"model": "admin.logentry", "pk": 204, "fields": {"action_time": "2022-01-18T04:56:07.125Z", "user": 2, "content_type": 28, "object_id": "225", "object_repr": "", "action_flag": 3, "change_message": ""}}, {"model": "admin.logentry", "pk": 205, "fields": {"action_time": "2022-01-18T04:56:07.126Z", "user": 2, "content_type": 28, "object_id": "224", "object_repr": "", "action_flag": 3, "change_message": ""}}, {"model": "admin.logentry", "pk": 206, "fields": {"action_time": "2022-01-18T04:56:07.128Z", "user": 2, "content_type": 28, "object_id": "222", "object_repr": "", "action_flag": 3, "change_message": ""}}, {"model": "admin.logentry", "pk": 207, "fields": {"action_time": "2022-01-18T04:56:07.129Z", "user": 2, "content_type": 28, "object_id": "221", "object_repr": "", "action_flag": 3, "change_message": ""}}, {"model": "admin.logentry", "pk": 208, "fields": {"action_time": "2022-02-02T06:23:36.396Z", "user": 2, "content_type": 15, "object_id": "1", "object_repr": "2 week", "action_flag": 2, "change_message": "[{\"changed\": {\"fields\": [\"Image\"]}}]"}}, {"model": "admin.logentry", "pk": 209, "fields": {"action_time": "2022-02-04T05:11:27.550Z", "user": 2, "content_type": 6, "object_id": "37", "object_repr": "test@email.com", "action_flag": 1, "change_message": "[{\"added\": {}}]"}}, {"model": "admin.logentry", "pk": 210, "fields": {"action_time": "2022-02-08T09:54:20.165Z", "user": 2, "content_type": 15, "object_id": "39", "object_repr": "40 week", "action_flag": 2, "change_message": "[{\"changed\": {\"fields\": [\"Image\"]}}]"}}, {"model": "admin.logentry", "pk": 211, "fields": {"action_time": "2022-02-08T10:44:00.746Z", "user": 2, "content_type": 15, "object_id": "39", "object_repr": "40 week", "action_flag": 2, "change_message": "[{\"changed\": {\"fields\": [\"Image\"]}}]"}}, {"model": "admin.logentry", "pk": 212, "fields": {"action_time": "2022-02-08T11:13:44.988Z", "user": 2, "content_type": 15, "object_id": "39", "object_repr": "40 week", "action_flag": 2, "change_message": "[{\"changed\": {\"fields\": [\"Image\"]}}]"}}, {"model": "admin.logentry", "pk": 213, "fields": {"action_time": "2022-02-14T12:27:42.271Z", "user": 2, "content_type": 15, "object_id": "39", "object_repr": "40 week", "action_flag": 2, "change_message": "[{\"changed\": {\"fields\": [\"Image\"]}}]"}}, {"model": "admin.logentry", "pk": 214, "fields": {"action_time": "2022-02-23T11:43:58.140Z", "user": 2, "content_type": 8, "object_id": "8", "object_repr": "mary@gmail.com", "action_flag": 2, "change_message": "[{\"changed\": {\"fields\": [\"Weight\", \"Menstruation date\"]}}]"}}, {"model": "admin.logentry", "pk": 215, "fields": {"action_time": "2022-03-26T10:17:46.737Z", "user": 2, "content_type": 15, "object_id": "25", "object_repr": "26 week", "action_flag": 2, "change_message": "[{\"changed\": {\"fields\": [\"Size\"]}}]"}}, {"model": "admin.logentry", "pk": 216, "fields": {"action_time": "2022-03-26T12:15:42.590Z", "user": 2, "content_type": 57, "object_id": "3", "object_repr": "3", "action_flag": 2, "change_message": "[{\"changed\": {\"fields\": [\"Criticality\"]}}]"}}, {"model": "admin.logentry", "pk": 217, "fields": {"action_time": "2022-03-26T12:15:51.503Z", "user": 2, "content_type": 57, "object_id": "2", "object_repr": "2", "action_flag": 2, "change_message": "[{\"changed\": {\"fields\": [\"Criticality\"]}}]"}}, {"model": "admin.logentry", "pk": 218, "fields": {"action_time": "2022-03-26T12:15:58.047Z", "user": 2, "content_type": 57, "object_id": "1", "object_repr": "1", "action_flag": 2, "change_message": "[{\"changed\": {\"fields\": [\"Criticality\"]}}]"}}, {"model": "admin.logentry", "pk": 219, "fields": {"action_time": "2022-04-01T10:28:36.646Z", "user": 2, "content_type": 15, "object_id": "1", "object_repr": "2 week", "action_flag": 2, "change_message": "[{\"changed\": {\"fields\": [\"Image\"]}}]"}}, {"model": "admin.logentry", "pk": 220, "fields": {"action_time": "2022-04-01T10:29:03.858Z", "user": 2, "content_type": 15, "object_id": "2", "object_repr": "3 week", "action_flag": 2, "change_message": "[{\"changed\": {\"fields\": [\"Image\"]}}]"}}, {"model": "admin.logentry", "pk": 221, "fields": {"action_time": "2022-04-01T10:29:55.997Z", "user": 2, "content_type": 15, "object_id": "3", "object_repr": "4 week", "action_flag": 2, "change_message": "[{\"changed\": {\"fields\": [\"Image\"]}}]"}}, {"model": "admin.logentry", "pk": 222, "fields": {"action_time": "2022-04-01T10:30:56.591Z", "user": 2, "content_type": 15, "object_id": "4", "object_repr": "5 week", "action_flag": 2, "change_message": "[{\"changed\": {\"fields\": [\"Image\"]}}]"}}, {"model": "admin.logentry", "pk": 223, "fields": {"action_time": "2022-04-01T10:31:35.873Z", "user": 2, "content_type": 15, "object_id": "5", "object_repr": "6 week", "action_flag": 2, "change_message": "[{\"changed\": {\"fields\": [\"Image\"]}}]"}}, {"model": "admin.logentry", "pk": 224, "fields": {"action_time": "2022-04-01T10:32:26.279Z", "user": 2, "content_type": 15, "object_id": "6", "object_repr": "7 week", "action_flag": 2, "change_message": "[{\"changed\": {\"fields\": [\"Image\"]}}]"}}, {"model": "admin.logentry", "pk": 225, "fields": {"action_time": "2022-04-01T10:33:04.548Z", "user": 2, "content_type": 15, "object_id": "7", "object_repr": "8 week", "action_flag": 2, "change_message": "[{\"changed\": {\"fields\": [\"Image\"]}}]"}}, {"model": "admin.logentry", "pk": 226, "fields": {"action_time": "2022-04-01T10:33:26.144Z", "user": 2, "content_type": 15, "object_id": "8", "object_repr": "9 week", "action_flag": 2, "change_message": "[{\"changed\": {\"fields\": [\"Image\"]}}]"}}, {"model": "admin.logentry", "pk": 227, "fields": {"action_time": "2022-04-01T10:33:47.706Z", "user": 2, "content_type": 15, "object_id": "9", "object_repr": "10 week", "action_flag": 2, "change_message": "[{\"changed\": {\"fields\": [\"Image\"]}}]"}}, {"model": "admin.logentry", "pk": 228, "fields": {"action_time": "2022-04-01T10:34:04.748Z", "user": 2, "content_type": 15, "object_id": "10", "object_repr": "11 week", "action_flag": 2, "change_message": "[{\"changed\": {\"fields\": [\"Image\"]}}]"}}, {"model": "admin.logentry", "pk": 229, "fields": {"action_time": "2022-04-01T10:34:23.994Z", "user": 2, "content_type": 15, "object_id": "11", "object_repr": "12 week", "action_flag": 2, "change_message": "[{\"changed\": {\"fields\": [\"Image\"]}}]"}}, {"model": "admin.logentry", "pk": 230, "fields": {"action_time": "2022-04-01T10:34:45.112Z", "user": 2, "content_type": 15, "object_id": "12", "object_repr": "13 week", "action_flag": 2, "change_message": "[{\"changed\": {\"fields\": [\"Image\"]}}]"}}, {"model": "admin.logentry", "pk": 231, "fields": {"action_time": "2022-04-01T10:35:02.003Z", "user": 2, "content_type": 15, "object_id": "13", "object_repr": "14 week", "action_flag": 2, "change_message": "[{\"changed\": {\"fields\": [\"Image\"]}}]"}}, {"model": "admin.logentry", "pk": 232, "fields": {"action_time": "2022-04-01T10:35:54.250Z", "user": 2, "content_type": 15, "object_id": "14", "object_repr": "15 week", "action_flag": 2, "change_message": "[{\"changed\": {\"fields\": [\"Image\"]}}]"}}, {"model": "admin.logentry", "pk": 233, "fields": {"action_time": "2022-04-01T10:36:20.141Z", "user": 2, "content_type": 15, "object_id": "15", "object_repr": "16 week", "action_flag": 2, "change_message": "[{\"changed\": {\"fields\": [\"Image\"]}}]"}}, {"model": "admin.logentry", "pk": 234, "fields": {"action_time": "2022-04-01T10:36:53.306Z", "user": 2, "content_type": 15, "object_id": "16", "object_repr": "17 week", "action_flag": 2, "change_message": "[{\"changed\": {\"fields\": [\"Image\"]}}]"}}, {"model": "admin.logentry", "pk": 235, "fields": {"action_time": "2022-04-01T10:37:19.611Z", "user": 2, "content_type": 15, "object_id": "17", "object_repr": "18 week", "action_flag": 2, "change_message": "[{\"changed\": {\"fields\": [\"Image\"]}}]"}}, {"model": "admin.logentry", "pk": 236, "fields": {"action_time": "2022-04-01T10:37:44.976Z", "user": 2, "content_type": 15, "object_id": "18", "object_repr": "19 week", "action_flag": 2, "change_message": "[{\"changed\": {\"fields\": [\"Image\"]}}]"}}, {"model": "admin.logentry", "pk": 237, "fields": {"action_time": "2022-04-01T10:38:05.316Z", "user": 2, "content_type": 15, "object_id": "19", "object_repr": "20 week", "action_flag": 2, "change_message": "[{\"changed\": {\"fields\": [\"Image\"]}}]"}}, {"model": "admin.logentry", "pk": 238, "fields": {"action_time": "2022-04-01T10:38:26.758Z", "user": 2, "content_type": 15, "object_id": "20", "object_repr": "21 week", "action_flag": 2, "change_message": "[{\"changed\": {\"fields\": [\"Image\"]}}]"}}, {"model": "admin.logentry", "pk": 239, "fields": {"action_time": "2022-04-01T10:38:50.470Z", "user": 2, "content_type": 15, "object_id": "21", "object_repr": "22 week", "action_flag": 2, "change_message": "[{\"changed\": {\"fields\": [\"Image\"]}}]"}}, {"model": "admin.logentry", "pk": 240, "fields": {"action_time": "2022-04-01T10:39:15.083Z", "user": 2, "content_type": 15, "object_id": "22", "object_repr": "23 week", "action_flag": 2, "change_message": "[{\"changed\": {\"fields\": [\"Image\"]}}]"}}, {"model": "admin.logentry", "pk": 241, "fields": {"action_time": "2022-04-01T10:39:38.484Z", "user": 2, "content_type": 15, "object_id": "23", "object_repr": "24 week", "action_flag": 2, "change_message": "[{\"changed\": {\"fields\": [\"Image\"]}}]"}}, {"model": "admin.logentry", "pk": 242, "fields": {"action_time": "2022-04-01T10:39:55.671Z", "user": 2, "content_type": 15, "object_id": "24", "object_repr": "25 week", "action_flag": 2, "change_message": "[{\"changed\": {\"fields\": [\"Image\"]}}]"}}, {"model": "admin.logentry", "pk": 243, "fields": {"action_time": "2022-04-01T10:40:06.792Z", "user": 2, "content_type": 15, "object_id": "25", "object_repr": "26 week", "action_flag": 2, "change_message": "[{\"changed\": {\"fields\": [\"Image\"]}}]"}}, {"model": "admin.logentry", "pk": 244, "fields": {"action_time": "2022-04-01T10:40:27.334Z", "user": 2, "content_type": 15, "object_id": "26", "object_repr": "27 week", "action_flag": 2, "change_message": "[{\"changed\": {\"fields\": [\"Image\"]}}]"}}, {"model": "admin.logentry", "pk": 245, "fields": {"action_time": "2022-04-01T10:40:49.725Z", "user": 2, "content_type": 15, "object_id": "27", "object_repr": "28 week", "action_flag": 2, "change_message": "[{\"changed\": {\"fields\": [\"Image\"]}}]"}}, {"model": "admin.logentry", "pk": 246, "fields": {"action_time": "2022-04-01T10:41:20.598Z", "user": 2, "content_type": 15, "object_id": "28", "object_repr": "29 week", "action_flag": 2, "change_message": "[{\"changed\": {\"fields\": [\"Image\"]}}]"}}, {"model": "admin.logentry", "pk": 247, "fields": {"action_time": "2022-04-01T10:41:43.736Z", "user": 2, "content_type": 15, "object_id": "29", "object_repr": "30 week", "action_flag": 2, "change_message": "[{\"changed\": {\"fields\": [\"Image\"]}}]"}}, {"model": "admin.logentry", "pk": 248, "fields": {"action_time": "2022-04-01T10:41:58.495Z", "user": 2, "content_type": 15, "object_id": "30", "object_repr": "31 week", "action_flag": 2, "change_message": "[{\"changed\": {\"fields\": [\"Image\"]}}]"}}, {"model": "admin.logentry", "pk": 249, "fields": {"action_time": "2022-04-01T10:42:22.476Z", "user": 2, "content_type": 15, "object_id": "31", "object_repr": "32 week", "action_flag": 2, "change_message": "[{\"changed\": {\"fields\": [\"Image\"]}}]"}}, {"model": "admin.logentry", "pk": 250, "fields": {"action_time": "2022-04-01T10:42:43.109Z", "user": 2, "content_type": 15, "object_id": "32", "object_repr": "33 week", "action_flag": 2, "change_message": "[{\"changed\": {\"fields\": [\"Image\"]}}]"}}, {"model": "admin.logentry", "pk": 251, "fields": {"action_time": "2022-04-01T10:43:00.378Z", "user": 2, "content_type": 15, "object_id": "33", "object_repr": "34 week", "action_flag": 2, "change_message": "[{\"changed\": {\"fields\": [\"Image\"]}}]"}}, {"model": "admin.logentry", "pk": 252, "fields": {"action_time": "2022-04-01T10:43:24.448Z", "user": 2, "content_type": 15, "object_id": "34", "object_repr": "35 week", "action_flag": 2, "change_message": "[{\"changed\": {\"fields\": [\"Image\"]}}]"}}, {"model": "admin.logentry", "pk": 253, "fields": {"action_time": "2022-04-01T10:43:48.531Z", "user": 2, "content_type": 15, "object_id": "35", "object_repr": "36 week", "action_flag": 2, "change_message": "[{\"changed\": {\"fields\": [\"Image\"]}}]"}}, {"model": "admin.logentry", "pk": 254, "fields": {"action_time": "2022-04-01T10:44:07.213Z", "user": 2, "content_type": 15, "object_id": "36", "object_repr": "37 week", "action_flag": 2, "change_message": "[{\"changed\": {\"fields\": [\"Image\"]}}]"}}, {"model": "admin.logentry", "pk": 255, "fields": {"action_time": "2022-04-01T10:44:58.146Z", "user": 2, "content_type": 15, "object_id": "37", "object_repr": "38 week", "action_flag": 2, "change_message": "[{\"changed\": {\"fields\": [\"Image\"]}}]"}}, {"model": "admin.logentry", "pk": 256, "fields": {"action_time": "2022-04-01T10:48:12.794Z", "user": 2, "content_type": 15, "object_id": "38", "object_repr": "39 week", "action_flag": 2, "change_message": "[{\"changed\": {\"fields\": [\"Image\"]}}]"}}, {"model": "admin.logentry", "pk": 257, "fields": {"action_time": "2022-04-01T10:48:25.246Z", "user": 2, "content_type": 15, "object_id": "39", "object_repr": "40 week", "action_flag": 2, "change_message": "[{\"changed\": {\"fields\": [\"Image\"]}}]"}}, {"model": "admin.logentry", "pk": 258, "fields": {"action_time": "2022-04-28T08:41:47.599Z", "user": 2, "content_type": 74, "object_id": "7", "object_repr": "oligohydramnios", "action_flag": 3, "change_message": ""}}, {"model": "admin.logentry", "pk": 259, "fields": {"action_time": "2022-04-28T08:41:47.604Z", "user": 2, "content_type": 74, "object_id": "6", "object_repr": "preterm", "action_flag": 3, "change_message": ""}}, {"model": "admin.logentry", "pk": 260, "fields": {"action_time": "2022-04-28T08:41:47.606Z", "user": 2, "content_type": 74, "object_id": "5", "object_repr": "placenta abruption", "action_flag": 3, "change_message": ""}}, {"model": "admin.logentry", "pk": 261, "fields": {"action_time": "2022-04-28T08:41:47.608Z", "user": 2, "content_type": 74, "object_id": "4", "object_repr": "placenta preveria", "action_flag": 3, "change_message": ""}}, {"model": "admin.logentry", "pk": 262, "fields": {"action_time": "2022-04-28T08:41:47.610Z", "user": 2, "content_type": 74, "object_id": "3", "object_repr": "uti", "action_flag": 3, "change_message": ""}}, {"model": "admin.logentry", "pk": 263, "fields": {"action_time": "2022-04-28T08:41:47.611Z", "user": 2, "content_type": 74, "object_id": "2", "object_repr": "hyperemesis gravidarum", "action_flag": 3, "change_message": ""}}, {"model": "admin.logentry", "pk": 264, "fields": {"action_time": "2022-04-28T08:41:47.613Z", "user": 2, "content_type": 74, "object_id": "1", "object_repr": "early abortion", "action_flag": 3, "change_message": ""}}, {"model": "admin.logentry", "pk": 265, "fields": {"action_time": "2022-04-28T08:44:58.857Z", "user": 2, "content_type": 22, "object_id": "3", "object_repr": "Weakness", "action_flag": 3, "change_message": ""}}, {"model": "admin.logentry", "pk": 266, "fields": {"action_time": "2022-04-28T08:46:03.087Z", "user": 2, "content_type": 22, "object_id": "62", "object_repr": "Low Concentration", "action_flag": 2, "change_message": "[{\"changed\": {\"fields\": [\"Criticality\"]}}]"}}, {"model": "admin.logentry", "pk": 267, "fields": {"action_time": "2022-04-28T08:46:37.595Z", "user": 2, "content_type": 22, "object_id": "61", "object_repr": "Night visits to low", "action_flag": 2, "change_message": "[{\"changed\": {\"fields\": [\"Name\"]}}]"}}, {"model": "admin.logentry", "pk": 268, "fields": {"action_time": "2022-04-28T08:46:52.435Z", "user": 2, "content_type": 22, "object_id": "61", "object_repr": "Night vision too low", "action_flag": 2, "change_message": "[{\"changed\": {\"fields\": [\"Name\"]}}]"}}, {"model": "admin.logentry", "pk": 269, "fields": {"action_time": "2022-04-28T08:47:48.175Z", "user": 2, "content_type": 22, "object_id": "60", "object_repr": "Spotting", "action_flag": 2, "change_message": "[{\"changed\": {\"fields\": [\"Criticality\", \"Complication\"]}}]"}}, {"model": "admin.logentry", "pk": 270, "fields": {"action_time": "2022-04-28T08:48:54.387Z", "user": 2, "content_type": 22, "object_id": "59", "object_repr": "White Vaginal Discharge", "action_flag": 2, "change_message": "[{\"changed\": {\"fields\": [\"Complication\"]}}]"}}, {"model": "admin.logentry", "pk": 271, "fields": {"action_time": "2022-04-28T08:49:29.528Z", "user": 2, "content_type": 22, "object_id": "58", "object_repr": "Froathy Urine", "action_flag": 2, "change_message": "[{\"changed\": {\"fields\": [\"Complication\"]}}]"}}, {"model": "admin.logentry", "pk": 272, "fields": {"action_time": "2022-04-28T08:50:31.378Z", "user": 2, "content_type": 22, "object_id": "55", "object_repr": "Anxiety", "action_flag": 2, "change_message": "[{\"changed\": {\"fields\": [\"Criticality\"]}}]"}}, {"model": "admin.logentry", "pk": 273, "fields": {"action_time": "2022-04-28T08:51:02.700Z", "user": 2, "content_type": 22, "object_id": "54", "object_repr": "Stress", "action_flag": 2, "change_message": "[{\"changed\": {\"fields\": [\"Criticality\", \"Complication\"]}}]"}}, {"model": "admin.logentry", "pk": 274, "fields": {"action_time": "2022-04-28T08:52:03.727Z", "user": 2, "content_type": 22, "object_id": "52", "object_repr": "Palpiataion", "action_flag": 2, "change_message": "[{\"changed\": {\"fields\": [\"Criticality\"]}}]"}}, {"model": "admin.logentry", "pk": 275, "fields": {"action_time": "2022-04-28T08:54:25.453Z", "user": 2, "content_type": 22, "object_id": "46", "object_repr": "Low Fetal Movement", "action_flag": 2, "change_message": "[{\"changed\": {\"fields\": [\"Criticality\", \"Complication\"]}}]"}}, {"model": "admin.logentry", "pk": 276, "fields": {"action_time": "2022-04-28T08:55:41.747Z", "user": 2, "content_type": 22, "object_id": "45", "object_repr": "itching and curdy discharge", "action_flag": 2, "change_message": "[{\"changed\": {\"fields\": [\"Complication\"]}}]"}}, {"model": "admin.logentry", "pk": 277, "fields": {"action_time": "2022-04-28T08:56:03.146Z", "user": 2, "content_type": 22, "object_id": "44", "object_repr": "Trouble concentrating", "action_flag": 2, "change_message": "[{\"changed\": {\"fields\": [\"Criticality\"]}}]"}}, {"model": "admin.logentry", "pk": 278, "fields": {"action_time": "2022-04-28T08:57:01.322Z", "user": 2, "content_type": 22, "object_id": "42", "object_repr": "Breathlessness", "action_flag": 2, "change_message": "[{\"changed\": {\"fields\": [\"Criticality\", \"Complication\"]}}]"}}, {"model": "admin.logentry", "pk": 279, "fields": {"action_time": "2022-04-28T08:59:32.659Z", "user": 2, "content_type": 22, "object_id": "41", "object_repr": "Dizziness", "action_flag": 2, "change_message": "[{\"changed\": {\"fields\": [\"Criticality\", \"Complication\"]}}]"}}, {"model": "admin.logentry", "pk": 280, "fields": {"action_time": "2022-04-28T09:00:24.997Z", "user": 2, "content_type": 22, "object_id": "40", "object_repr": "Pale skin, lips, and nails", "action_flag": 2, "change_message": "[{\"changed\": {\"fields\": [\"Criticality\", \"Complication\"]}}]"}}, {"model": "admin.logentry", "pk": 281, "fields": {"action_time": "2022-04-28T09:00:50.303Z", "user": 2, "content_type": 22, "object_id": "39", "object_repr": "light-colored stool", "action_flag": 2, "change_message": "[{\"changed\": {\"fields\": [\"Criticality\", \"Complication\"]}}]"}}, {"model": "admin.logentry", "pk": 282, "fields": {"action_time": "2022-04-28T09:01:49.978Z", "user": 2, "content_type": 22, "object_id": "38", "object_repr": "dark urine", "action_flag": 2, "change_message": "[{\"changed\": {\"fields\": [\"Complication\"]}}]"}}, {"model": "admin.logentry", "pk": 283, "fields": {"action_time": "2022-04-28T09:03:01.793Z", "user": 2, "content_type": 22, "object_id": "36", "object_repr": "severe headache", "action_flag": 2, "change_message": "[{\"changed\": {\"fields\": [\"Criticality\", \"Complication\"]}}]"}}, {"model": "admin.logentry", "pk": 284, "fields": {"action_time": "2022-04-28T09:03:54.096Z", "user": 2, "content_type": 22, "object_id": "35", "object_repr": "edema", "action_flag": 2, "change_message": "[{\"changed\": {\"fields\": [\"Complication\"]}}]"}}, {"model": "admin.logentry", "pk": 285, "fields": {"action_time": "2022-04-28T09:04:31.265Z", "user": 2, "content_type": 22, "object_id": "34", "object_repr": "low urine output", "action_flag": 2, "change_message": "[{\"changed\": {\"fields\": [\"Complication\"]}}]"}}, {"model": "admin.logentry", "pk": 286, "fields": {"action_time": "2022-04-28T09:05:33.704Z", "user": 2, "content_type": 22, "object_id": "33", "object_repr": "vomiting", "action_flag": 2, "change_message": "[{\"changed\": {\"fields\": [\"Complication\"]}}]"}}, {"model": "admin.logentry", "pk": 287, "fields": {"action_time": "2022-04-28T09:06:24.825Z", "user": 2, "content_type": 22, "object_id": "32", "object_repr": "swelling", "action_flag": 2, "change_message": "[{\"changed\": {\"fields\": [\"Complication\"]}}]"}}, {"model": "admin.logentry", "pk": 288, "fields": {"action_time": "2022-04-28T09:06:57.183Z", "user": 2, "content_type": 22, "object_id": "31", "object_repr": "chest pain", "action_flag": 2, "change_message": "[{\"changed\": {\"fields\": [\"Criticality\", \"Complication\"]}}]"}}, {"model": "admin.logentry", "pk": 289, "fields": {"action_time": "2022-04-28T09:07:04.845Z", "user": 2, "content_type": 22, "object_id": "31", "object_repr": "chest pain", "action_flag": 2, "change_message": "[]"}}, {"model": "admin.logentry", "pk": 290, "fields": {"action_time": "2022-04-28T09:07:38.659Z", "user": 2, "content_type": 22, "object_id": "30", "object_repr": "blurry vision", "action_flag": 2, "change_message": "[{\"changed\": {\"fields\": [\"Criticality\", \"Complication\"]}}]"}}, {"model": "admin.logentry", "pk": 291, "fields": {"action_time": "2022-04-28T09:08:15.209Z", "user": 2, "content_type": 22, "object_id": "29", "object_repr": "itchy skin", "action_flag": 2, "change_message": "[{\"changed\": {\"fields\": [\"Criticality\", \"Complication\"]}}]"}}, {"model": "admin.logentry", "pk": 292, "fields": {"action_time": "2022-04-28T09:09:01.511Z", "user": 2, "content_type": 22, "object_id": "28", "object_repr": "thirsty", "action_flag": 2, "change_message": "[{\"changed\": {\"fields\": [\"Complication\"]}}]"}}, {"model": "admin.logentry", "pk": 293, "fields": {"action_time": "2022-04-28T09:09:43.283Z", "user": 2, "content_type": 22, "object_id": "27", "object_repr": "urinating in night", "action_flag": 2, "change_message": "[{\"changed\": {\"fields\": [\"Complication\"]}}]"}}, {"model": "admin.logentry", "pk": 294, "fields": {"action_time": "2022-04-28T09:10:42.462Z", "user": 2, "content_type": 22, "object_id": "25", "object_repr": "craving sweets", "action_flag": 2, "change_message": "[{\"changed\": {\"fields\": [\"Complication\"]}}]"}}, {"model": "admin.logentry", "pk": 295, "fields": {"action_time": "2022-04-28T09:11:19.029Z", "user": 2, "content_type": 22, "object_id": "24", "object_repr": "high apetite", "action_flag": 2, "change_message": "[{\"changed\": {\"fields\": [\"Complication\"]}}]"}}, {"model": "admin.logentry", "pk": 296, "fields": {"action_time": "2022-04-28T09:11:55.370Z", "user": 2, "content_type": 22, "object_id": "23", "object_repr": "abnormal urination", "action_flag": 2, "change_message": "[{\"changed\": {\"fields\": [\"Complication\"]}}]"}}, {"model": "admin.logentry", "pk": 297, "fields": {"action_time": "2022-04-28T09:12:56.001Z", "user": 2, "content_type": 22, "object_id": "23", "object_repr": "abnormal urination", "action_flag": 2, "change_message": "[]"}}, {"model": "admin.logentry", "pk": 298, "fields": {"action_time": "2022-04-28T09:13:29.068Z", "user": 2, "content_type": 22, "object_id": "22", "object_repr": "swollen ankles and feet", "action_flag": 2, "change_message": "[{\"changed\": {\"fields\": [\"Complication\"]}}]"}}, {"model": "admin.logentry", "pk": 299, "fields": {"action_time": "2022-04-28T09:16:11.178Z", "user": 2, "content_type": 22, "object_id": "17", "object_repr": "Fluid leak", "action_flag": 2, "change_message": "[{\"changed\": {\"fields\": [\"Criticality\", \"Complication\"]}}]"}}, {"model": "admin.logentry", "pk": 300, "fields": {"action_time": "2022-04-28T09:17:14.450Z", "user": 2, "content_type": 22, "object_id": "16", "object_repr": "Bleeding", "action_flag": 2, "change_message": "[{\"changed\": {\"fields\": [\"Criticality\", \"Complication\"]}}]"}}, {"model": "admin.logentry", "pk": 301, "fields": {"action_time": "2022-04-28T09:18:04.750Z", "user": 2, "content_type": 22, "object_id": "14", "object_repr": "blood in urine", "action_flag": 2, "change_message": "[{\"changed\": {\"fields\": [\"Criticality\", \"Complication\"]}}]"}}, {"model": "admin.logentry", "pk": 302, "fields": {"action_time": "2022-04-28T09:18:54.818Z", "user": 2, "content_type": 22, "object_id": "13", "object_repr": "lower abdomen pain", "action_flag": 2, "change_message": "[{\"changed\": {\"fields\": [\"Complication\"]}}]"}}, {"model": "admin.logentry", "pk": 303, "fields": {"action_time": "2022-04-28T09:19:25.511Z", "user": 2, "content_type": 22, "object_id": "12", "object_repr": "Frequent urination", "action_flag": 2, "change_message": "[{\"changed\": {\"fields\": [\"Complication\"]}}]"}}, {"model": "admin.logentry", "pk": 304, "fields": {"action_time": "2022-04-28T09:20:04.337Z", "user": 2, "content_type": 22, "object_id": "11", "object_repr": "pain while urinating", "action_flag": 2, "change_message": "[{\"changed\": {\"fields\": [\"Criticality\", \"Complication\"]}}]"}}, {"model": "admin.logentry", "pk": 305, "fields": {"action_time": "2022-04-28T09:21:08.978Z", "user": 2, "content_type": 22, "object_id": "10", "object_repr": "tiredness", "action_flag": 2, "change_message": "[{\"changed\": {\"fields\": [\"Complication\"]}}]"}}, {"model": "admin.logentry", "pk": 306, "fields": {"action_time": "2022-04-28T09:21:44.184Z", "user": 2, "content_type": 22, "object_id": "9", "object_repr": "Nausea", "action_flag": 2, "change_message": "[{\"changed\": {\"fields\": [\"Complication\"]}}]"}}, {"model": "admin.logentry", "pk": 307, "fields": {"action_time": "2022-04-28T09:22:34.166Z", "user": 2, "content_type": 22, "object_id": "8", "object_repr": "Contractions", "action_flag": 2, "change_message": "[{\"changed\": {\"fields\": [\"Criticality\", \"Complication\"]}}]"}}, {"model": "admin.logentry", "pk": 308, "fields": {"action_time": "2022-04-28T09:23:25.483Z", "user": 2, "content_type": 22, "object_id": "7", "object_repr": "White-pink mucus", "action_flag": 2, "change_message": "[{\"changed\": {\"fields\": [\"Complication\"]}}]"}}, {"model": "admin.logentry", "pk": 309, "fields": {"action_time": "2022-04-28T09:23:51.882Z", "user": 2, "content_type": 22, "object_id": "6", "object_repr": "Fever", "action_flag": 2, "change_message": "[{\"changed\": {\"fields\": [\"Criticality\"]}}]"}}, {"model": "admin.logentry", "pk": 310, "fields": {"action_time": "2022-04-28T09:24:27.302Z", "user": 2, "content_type": 22, "object_id": "5", "object_repr": "back pain", "action_flag": 2, "change_message": "[{\"changed\": {\"fields\": [\"Complication\"]}}]"}}, {"model": "admin.logentry", "pk": 311, "fields": {"action_time": "2022-04-28T09:25:44.724Z", "user": 2, "content_type": 22, "object_id": "2", "object_repr": "Abdomen Pain", "action_flag": 2, "change_message": "[{\"changed\": {\"fields\": [\"Complication\"]}}]"}}, {"model": "admin.logentry", "pk": 312, "fields": {"action_time": "2022-04-28T09:26:19.322Z", "user": 2, "content_type": 22, "object_id": "1", "object_repr": "cramps", "action_flag": 2, "change_message": "[{\"changed\": {\"fields\": [\"Complication\"]}}]"}}, {"model": "admin.logentry", "pk": 313, "fields": {"action_time": "2022-05-06T11:38:37.155Z", "user": 2, "content_type": 59, "object_id": "6", "object_repr": "CustomizedPlan object (6)", "action_flag": 2, "change_message": "[{\"changed\": {\"fields\": [\"Url\"]}}]"}}, {"model": "admin.logentry", "pk": 314, "fields": {"action_time": "2022-05-09T09:02:12.099Z", "user": 2, "content_type": 59, "object_id": "16", "object_repr": "CustomizedPlan object (16)", "action_flag": 3, "change_message": ""}}, {"model": "admin.logentry", "pk": 315, "fields": {"action_time": "2022-05-09T09:02:12.102Z", "user": 2, "content_type": 59, "object_id": "15", "object_repr": "CustomizedPlan object (15)", "action_flag": 3, "change_message": ""}}, {"model": "admin.logentry", "pk": 316, "fields": {"action_time": "2022-05-09T09:02:12.103Z", "user": 2, "content_type": 59, "object_id": "14", "object_repr": "CustomizedPlan object (14)", "action_flag": 3, "change_message": ""}}, {"model": "admin.logentry", "pk": 317, "fields": {"action_time": "2022-05-09T09:02:12.104Z", "user": 2, "content_type": 59, "object_id": "13", "object_repr": "CustomizedPlan object (13)", "action_flag": 3, "change_message": ""}}, {"model": "admin.logentry", "pk": 318, "fields": {"action_time": "2022-05-09T09:02:12.105Z", "user": 2, "content_type": 59, "object_id": "12", "object_repr": "CustomizedPlan object (12)", "action_flag": 3, "change_message": ""}}, {"model": "admin.logentry", "pk": 319, "fields": {"action_time": "2022-05-09T09:02:12.106Z", "user": 2, "content_type": 59, "object_id": "11", "object_repr": "CustomizedPlan object (11)", "action_flag": 3, "change_message": ""}}, {"model": "admin.logentry", "pk": 320, "fields": {"action_time": "2022-05-09T09:02:12.107Z", "user": 2, "content_type": 59, "object_id": "10", "object_repr": "CustomizedPlan object (10)", "action_flag": 3, "change_message": ""}}, {"model": "admin.logentry", "pk": 321, "fields": {"action_time": "2022-05-09T09:02:12.108Z", "user": 2, "content_type": 59, "object_id": "9", "object_repr": "CustomizedPlan object (9)", "action_flag": 3, "change_message": ""}}, {"model": "admin.logentry", "pk": 322, "fields": {"action_time": "2022-05-09T09:02:12.109Z", "user": 2, "content_type": 59, "object_id": "8", "object_repr": "CustomizedPlan object (8)", "action_flag": 3, "change_message": ""}}, {"model": "admin.logentry", "pk": 323, "fields": {"action_time": "2022-05-09T09:02:12.110Z", "user": 2, "content_type": 59, "object_id": "7", "object_repr": "CustomizedPlan object (7)", "action_flag": 3, "change_message": ""}}, {"model": "admin.logentry", "pk": 324, "fields": {"action_time": "2022-05-09T09:02:12.112Z", "user": 2, "content_type": 59, "object_id": "6", "object_repr": "CustomizedPlan object (6)", "action_flag": 3, "change_message": ""}}, {"model": "admin.logentry", "pk": 325, "fields": {"action_time": "2022-05-09T09:02:12.113Z", "user": 2, "content_type": 59, "object_id": "5", "object_repr": "CustomizedPlan object (5)", "action_flag": 3, "change_message": ""}}, {"model": "admin.logentry", "pk": 326, "fields": {"action_time": "2022-05-09T09:02:12.114Z", "user": 2, "content_type": 59, "object_id": "4", "object_repr": "CustomizedPlan object (4)", "action_flag": 3, "change_message": ""}}, {"model": "admin.logentry", "pk": 327, "fields": {"action_time": "2022-05-09T09:02:12.115Z", "user": 2, "content_type": 59, "object_id": "3", "object_repr": "CustomizedPlan object (3)", "action_flag": 3, "change_message": ""}}, {"model": "admin.logentry", "pk": 328, "fields": {"action_time": "2022-05-09T09:02:12.116Z", "user": 2, "content_type": 59, "object_id": "2", "object_repr": "CustomizedPlan object (2)", "action_flag": 3, "change_message": ""}}, {"model": "admin.logentry", "pk": 329, "fields": {"action_time": "2022-05-10T09:39:41.596Z", "user": 2, "content_type": 47, "object_id": "5", "object_repr": "free version 365 days validity", "action_flag": 1, "change_message": "[{\"added\": {}}]"}}, {"model": "admin.logentry", "pk": 330, "fields": {"action_time": "2022-08-29T07:37:24.435Z", "user": 2, "content_type": 62, "object_id": "125", "object_repr": "1162e471dccf48054b12d8f5bfc394f3d22b4d42", "action_flag": 1, "change_message": "[{\"added\": {}}]"}}, {"model": "admin.logentry", "pk": 331, "fields": {"action_time": "2022-08-29T08:02:45.849Z", "user": 2, "content_type": 79, "object_id": "1", "object_repr": "Banner object (1)", "action_flag": 1, "change_message": "[{\"added\": {}}]"}}, {"model": "admin.logentry", "pk": 394, "fields": {"action_time": "2022-12-30T06:56:38.905Z", "user": 131, "content_type": 47, "object_id": "6", "object_repr": "100rs  version 365 days validity 365 days validity", "action_flag": 1, "change_message": "[{\"added\": {}}]"}}, {"model": "admin.logentry", "pk": 395, "fields": {"action_time": "2022-12-30T06:56:56.585Z", "user": 131, "content_type": 47, "object_id": "6", "object_repr": "100rs 365 days validity", "action_flag": 2, "change_message": "[{\"changed\": {\"fields\": [\"Name\"]}}]"}}, {"model": "admin.logentry", "pk": 396, "fields": {"action_time": "2022-12-30T07:08:36.147Z", "user": 131, "content_type": 47, "object_id": "4", "object_repr": "full pregnancy package 300 days validity", "action_flag": 2, "change_message": "[{\"changed\": {\"fields\": [\"Amount\"]}}]"}}, {"model": "admin.logentry", "pk": 397, "fields": {"action_time": "2022-12-30T07:09:50.286Z", "user": 131, "content_type": 47, "object_id": "4", "object_repr": "full pregnancy package 300 days validity", "action_flag": 2, "change_message": "[{\"changed\": {\"fields\": [\"Amount\"]}}]"}}, {"model": "admin.logentry", "pk": 398, "fields": {"action_time": "2022-12-30T10:59:36.306Z", "user": 131, "content_type": 6, "object_id": "28", "object_repr": "gophikagurugs@gmail.com", "action_flag": 3, "change_message": ""}}, {"model": "admin.logentry", "pk": 399, "fields": {"action_time": "2023-01-04T05:43:56.366Z", "user": 131, "content_type": 47, "object_id": "4", "object_repr": "full pregnancy package 300 days validity", "action_flag": 2, "change_message": "[{\"changed\": {\"fields\": [\"Amount\"]}}]"}}, {"model": "admin.logentry", "pk": 400, "fields": {"action_time": "2023-01-27T07:10:04.027Z", "user": 131, "content_type": 8, "object_id": "79", "object_repr": "rekhab@gmail.com", "action_flag": 3, "change_message": ""}}, {"model": "admin.logentry", "pk": 401, "fields": {"action_time": "2023-01-27T07:10:14.556Z", "user": 131, "content_type": 8, "object_id": "78", "object_repr": "ashokswet@gmail.com", "action_flag": 3, "change_message": ""}}, {"model": "admin.logentry", "pk": 402, "fields": {"action_time": "2023-01-27T07:14:41.621Z", "user": 131, "content_type": 6, "object_id": "140", "object_repr": "rekhab@gmail.com", "action_flag": 3, "change_message": ""}}, {"model": "admin.logentry", "pk": 403, "fields": {"action_time": "2023-01-27T07:14:41.623Z", "user": 131, "content_type": 6, "object_id": "139", "object_repr": "ashokswet@gmail.com", "action_flag": 3, "change_message": ""}}, {"model": "admin.logentry", "pk": 404, "fields": {"action_time": "2023-01-27T07:15:10.488Z", "user": 131, "content_type": 6, "object_id": "141", "object_repr": "ashoksweth@gmail.com", "action_flag": 3, "change_message": ""}}, {"model": "admin.logentry", "pk": 405, "fields": {"action_time": "2023-01-27T07:40:29.499Z", "user": 131, "content_type": 6, "object_id": "142", "object_repr": "ashokswet@gmail.com", "action_flag": 3, "change_message": ""}}, {"model": "admin.logentry", "pk": 406, "fields": {"action_time": "2023-01-27T08:25:34.242Z", "user": 131, "content_type": 47, "object_id": "4", "object_repr": "full pregnancy package 300 days validity", "action_flag": 2, "change_message": "[{\"changed\": {\"fields\": [\"Amount\"]}}]"}}, {"model": "admin.logentry", "pk": 407, "fields": {"action_time": "2023-01-27T08:25:49.608Z", "user": 131, "content_type": 47, "object_id": "6", "object_repr": "100rs 365 days validity", "action_flag": 3, "change_message": ""}}, {"model": "admin.logentry", "pk": 408, "fields": {"action_time": "2023-02-05T14:11:05.112Z", "user": 131, "content_type": 46, "object_id": "218", "object_repr": "Payments object (218)", "action_flag": 3, "change_message": ""}}, {"model": "admin.logentry", "pk": 409, "fields": {"action_time": "2023-02-05T14:11:32.414Z", "user": 131, "content_type": 6, "object_id": "143", "object_repr": "ashokswet@gmail.com", "action_flag": 3, "change_message": ""}}, {"model": "admin.logentry", "pk": 410, "fields": {"action_time": "2023-02-05T14:12:01.659Z", "user": 131, "content_type": 8, "object_id": "77", "object_repr": "vivekkn911@gmail.com", "action_flag": 3, "change_message": ""}}, {"model": "admin.logentry", "pk": 411, "fields": {"action_time": "2023-02-05T14:12:33.959Z", "user": 131, "content_type": 8, "object_id": "76", "object_repr": "zoneg6608@gmail.com", "action_flag": 3, "change_message": ""}}, {"model": "admin.logentry", "pk": 412, "fields": {"action_time": "2023-02-05T14:13:06.013Z", "user": 131, "content_type": 6, "object_id": "138", "object_repr": "ram@gmail.com", "action_flag": 3, "change_message": ""}}, {"model": "admin.logentry", "pk": 413, "fields": {"action_time": "2023-02-05T14:13:06.016Z", "user": 131, "content_type": 6, "object_id": "137", "object_repr": "rsadham93@gmail.com", "action_flag": 3, "change_message": ""}}, {"model": "admin.logentry", "pk": 414, "fields": {"action_time": "2023-02-05T14:13:06.019Z", "user": 131, "content_type": 6, "object_id": "136", "object_repr": "rsadham92@gmail.com", "action_flag": 3, "change_message": ""}}, {"model": "admin.logentry", "pk": 415, "fields": {"action_time": "2023-02-05T14:13:06.021Z", "user": 131, "content_type": 6, "object_id": "135", "object_repr": "rsadham91@gmail.com", "action_flag": 3, "change_message": ""}}, {"model": "admin.logentry", "pk": 416, "fields": {"action_time": "2023-02-05T14:13:06.023Z", "user": 131, "content_type": 6, "object_id": "134", "object_repr": "vivekkn9155@gmail.com", "action_flag": 3, "change_message": ""}}, {"model": "admin.logentry", "pk": 417, "fields": {"action_time": "2023-02-05T14:13:06.025Z", "user": 131, "content_type": 6, "object_id": "133", "object_repr": "vivekkn911@gmail.com", "action_flag": 3, "change_message": ""}}, {"model": "admin.logentry", "pk": 418, "fields": {"action_time": "2023-02-05T14:13:06.027Z", "user": 131, "content_type": 6, "object_id": "132", "object_repr": "zoneg6608@gmail.com", "action_flag": 3, "change_message": ""}}, {"model": "admin.logentry", "pk": 419, "fields": {"action_time": "2023-02-05T14:14:59.034Z", "user": 131, "content_type": 6, "object_id": "130", "object_repr": "hari@gmail.com", "action_flag": 3, "change_message": ""}}, {"model": "admin.logentry", "pk": 420, "fields": {"action_time": "2023-02-05T14:14:59.038Z", "user": 131, "content_type": 6, "object_id": "129", "object_repr": "vivekkn912@gmail.com", "action_flag": 3, "change_message": ""}}, {"model": "admin.logentry", "pk": 421, "fields": {"action_time": "2023-02-05T14:14:59.040Z", "user": 131, "content_type": 6, "object_id": "128", "object_repr": "Ram@gmail.com", "action_flag": 3, "change_message": ""}}, {"model": "admin.logentry", "pk": 422, "fields": {"action_time": "2023-02-05T14:14:59.042Z", "user": 131, "content_type": 6, "object_id": "127", "object_repr": "sidharth.sivasree@gmail.com", "action_flag": 3, "change_message": ""}}, {"model": "admin.logentry", "pk": 423, "fields": {"action_time": "2023-02-05T14:14:59.043Z", "user": 131, "content_type": 6, "object_id": "126", "object_repr": "shankari@gmail.com", "action_flag": 3, "change_message": ""}}, {"model": "admin.logentry", "pk": 424, "fields": {"action_time": "2023-02-05T14:14:59.045Z", "user": 131, "content_type": 6, "object_id": "123", "object_repr": "vivekkn913@gmail.com", "action_flag": 3, "change_message": ""}}, {"model": "admin.logentry", "pk": 425, "fields": {"action_time": "2023-02-05T14:14:59.047Z", "user": 131, "content_type": 6, "object_id": "122", "object_repr": "vishnu.arcl@gmail.com", "action_flag": 3, "change_message": ""}}, {"model": "admin.logentry", "pk": 426, "fields": {"action_time": "2023-02-05T14:14:59.048Z", "user": 131, "content_type": 6, "object_id": "120", "object_repr": "rahul@gmail.com", "action_flag": 3, "change_message": ""}}, {"model": "admin.logentry", "pk": 427, "fields": {"action_time": "2023-02-05T14:14:59.049Z", "user": 131, "content_type": 6, "object_id": "119", "object_repr": "ananthi@swezit.com", "action_flag": 3, "change_message": ""}}, {"model": "admin.logentry", "pk": 428, "fields": {"action_time": "2023-02-05T14:14:59.050Z", "user": 131, "content_type": 6, "object_id": "116", "object_repr": "sales123@gmail.com", "action_flag": 3, "change_message": ""}}, {"model": "admin.logentry", "pk": 429, "fields": {"action_time": "2023-02-05T14:14:59.052Z", "user": 131, "content_type": 6, "object_id": "114", "object_repr": "selvi@gmail.com", "action_flag": 3, "change_message": ""}}, {"model": "admin.logentry", "pk": 430, "fields": {"action_time": "2023-02-05T14:14:59.054Z", "user": 131, "content_type": 6, "object_id": "113", "object_repr": "saranyaar2019@gmail.com", "action_flag": 3, "change_message": ""}}, {"model": "admin.logentry", "pk": 431, "fields": {"action_time": "2023-02-05T14:14:59.056Z", "user": 131, "content_type": 6, "object_id": "112", "object_repr": "sangeethikasaranya@gmail.com", "action_flag": 3, "change_message": ""}}, {"model": "admin.logentry", "pk": 432, "fields": {"action_time": "2023-02-05T14:14:59.058Z", "user": 131, "content_type": 6, "object_id": "111", "object_repr": "priyamole45@gmail.com", "action_flag": 3, "change_message": ""}}, {"model": "admin.logentry", "pk": 433, "fields": {"action_time": "2023-02-05T14:14:59.060Z", "user": 131, "content_type": 6, "object_id": "110", "object_repr": "rifanatrafeek@gmail.com", "action_flag": 3, "change_message": ""}}, {"model": "admin.logentry", "pk": 434, "fields": {"action_time": "2023-02-05T14:14:59.061Z", "user": 131, "content_type": 6, "object_id": "109", "object_repr": "abhi08anu10@gmail.com", "action_flag": 3, "change_message": ""}}, {"model": "admin.logentry", "pk": 435, "fields": {"action_time": "2023-02-05T14:14:59.063Z", "user": 131, "content_type": 6, "object_id": "108", "object_repr": "tajesniya@gmail.com", "action_flag": 3, "change_message": ""}}, {"model": "admin.logentry", "pk": 436, "fields": {"action_time": "2023-02-05T14:14:59.064Z", "user": 131, "content_type": 6, "object_id": "106", "object_repr": "riyaannakurian@gmail.com", "action_flag": 3, "change_message": ""}}, {"model": "admin.logentry", "pk": 437, "fields": {"action_time": "2023-02-05T14:14:59.065Z", "user": 131, "content_type": 6, "object_id": "105", "object_repr": "suchithrastsr@gmail.com", "action_flag": 3, "change_message": ""}}, {"model": "admin.logentry", "pk": 438, "fields": {"action_time": "2023-02-05T14:14:59.066Z", "user": 131, "content_type": 6, "object_id": "104", "object_repr": "saikrishnaje@gmail.com", "action_flag": 3, "change_message": ""}}, {"model": "admin.logentry", "pk": 439, "fields": {"action_time": "2023-02-05T14:14:59.067Z", "user": 131, "content_type": 6, "object_id": "103", "object_repr": "rekhatharakkal@gmail.com", "action_flag": 3, "change_message": ""}}, {"model": "admin.logentry", "pk": 440, "fields": {"action_time": "2023-02-05T14:14:59.068Z", "user": 131, "content_type": 6, "object_id": "102", "object_repr": "shahutty@gmail.com", "action_flag": 3, "change_message": ""}}, {"model": "admin.logentry", "pk": 441, "fields": {"action_time": "2023-02-05T14:14:59.069Z", "user": 131, "content_type": 6, "object_id": "101", "object_repr": "feba8elsa@gmail.com", "action_flag": 3, "change_message": ""}}, {"model": "admin.logentry", "pk": 442, "fields": {"action_time": "2023-02-05T14:14:59.070Z", "user": 131, "content_type": 6, "object_id": "100", "object_repr": "elyabhavan@gmail.com", "action_flag": 3, "change_message": ""}}, {"model": "admin.logentry", "pk": 443, "fields": {"action_time": "2023-02-05T14:14:59.071Z", "user": 131, "content_type": 6, "object_id": "99", "object_repr": "chalsepaul08@gmail.com", "action_flag": 3, "change_message": ""}}, {"model": "admin.logentry", "pk": 444, "fields": {"action_time": "2023-02-05T14:14:59.072Z", "user": 131, "content_type": 6, "object_id": "98", "object_repr": "akshayaharidasa@gmail.com", "action_flag": 3, "change_message": ""}}, {"model": "admin.logentry", "pk": 445, "fields": {"action_time": "2023-02-05T14:14:59.073Z", "user": 131, "content_type": 6, "object_id": "97", "object_repr": "liny", "action_flag": 3, "change_message": ""}}, {"model": "admin.logentry", "pk": 446, "fields": {"action_time": "2023-02-05T14:14:59.074Z", "user": 131, "content_type": 6, "object_id": "96", "object_repr": "rosemariyakb@gmail.com", "action_flag": 3, "change_message": ""}}, {"model": "admin.logentry", "pk": 447, "fields": {"action_time": "2023-02-05T14:14:59.075Z", "user": 131, "content_type": 6, "object_id": "95", "object_repr": "edensneena@gmail.com", "action_flag": 3, "change_message": ""}}, {"model": "admin.logentry", "pk": 448, "fields": {"action_time": "2023-02-05T14:14:59.076Z", "user": 131, "content_type": 6, "object_id": "94", "object_repr": "aiswaryakanjira@gmail.com", "action_flag": 3, "change_message": ""}}, {"model": "admin.logentry", "pk": 449, "fields": {"action_time": "2023-02-05T14:14:59.077Z", "user": 131, "content_type": 6, "object_id": "93", "object_repr": "jkypattni@gmail.com", "action_flag": 3, "change_message": ""}}, {"model": "admin.logentry", "pk": 450, "fields": {"action_time": "2023-02-05T14:14:59.078Z", "user": 131, "content_type": 6, "object_id": "92", "object_repr": "suriyasivakumaran@gmail.com", "action_flag": 3, "change_message": ""}}, {"model": "admin.logentry", "pk": 451, "fields": {"action_time": "2023-02-05T14:14:59.079Z", "user": 131, "content_type": 6, "object_id": "91", "object_repr": "neethu@shebirth.com", "action_flag": 3, "change_message": ""}}, {"model": "admin.logentry", "pk": 452, "fields": {"action_time": "2023-02-05T14:14:59.080Z", "user": 131, "content_type": 6, "object_id": "90", "object_repr": "divyaa2992@gmail.com", "action_flag": 3, "change_message": ""}}, {"model": "admin.logentry", "pk": 453, "fields": {"action_time": "2023-02-05T14:14:59.081Z", "user": 131, "content_type": 6, "object_id": "89", "object_repr": "samkananth@gmail.com", "action_flag": 3, "change_message": ""}}, {"model": "admin.logentry", "pk": 454, "fields": {"action_time": "2023-02-05T14:14:59.082Z", "user": 131, "content_type": 6, "object_id": "88", "object_repr": "minturputhur@gmail.com", "action_flag": 3, "change_message": ""}}, {"model": "admin.logentry", "pk": 455, "fields": {"action_time": "2023-02-05T14:14:59.083Z", "user": 131, "content_type": 6, "object_id": "87", "object_repr": "raisanaisathan@gmail.com", "action_flag": 3, "change_message": ""}}, {"model": "admin.logentry", "pk": 456, "fields": {"action_time": "2023-02-05T14:14:59.084Z", "user": 131, "content_type": 6, "object_id": "86", "object_repr": "annsebin46@gmail.com", "action_flag": 3, "change_message": ""}}, {"model": "admin.logentry", "pk": 457, "fields": {"action_time": "2023-02-05T14:14:59.085Z", "user": 131, "content_type": 6, "object_id": "85", "object_repr": "shareenavaliyakath@gmail.com", "action_flag": 3, "change_message": ""}}, {"model": "admin.logentry", "pk": 458, "fields": {"action_time": "2023-02-05T14:14:59.086Z", "user": 131, "content_type": 6, "object_id": "84", "object_repr": "aiswaryasudheesh26@gmail.com", "action_flag": 3, "change_message": ""}}, {"model": "admin.logentry", "pk": 459, "fields": {"action_time": "2023-02-05T14:14:59.087Z", "user": 131, "content_type": 6, "object_id": "83", "object_repr": "raphyannrose@gmail.com", "action_flag": 3, "change_message": ""}}, {"model": "admin.logentry", "pk": 460, "fields": {"action_time": "2023-02-05T14:14:59.088Z", "user": 131, "content_type": 6, "object_id": "82", "object_repr": "flaviavarghese12@gmail.com", "action_flag": 3, "change_message": ""}}, {"model": "admin.logentry", "pk": 461, "fields": {"action_time": "2023-02-05T14:14:59.089Z", "user": 131, "content_type": 6, "object_id": "81", "object_repr": "marlainejohnson@gmail.com", "action_flag": 3, "change_message": ""}}, {"model": "admin.logentry", "pk": 462, "fields": {"action_time": "2023-02-05T14:14:59.090Z", "user": 131, "content_type": 6, "object_id": "80", "object_repr": "tshisitha@gmail.com", "action_flag": 3, "change_message": ""}}, {"model": "admin.logentry", "pk": 463, "fields": {"action_time": "2023-02-05T14:14:59.091Z", "user": 131, "content_type": 6, "object_id": "79", "object_repr": "lintajoseph74@gmail.com", "action_flag": 3, "change_message": ""}}, {"model": "admin.logentry", "pk": 464, "fields": {"action_time": "2023-02-05T14:14:59.092Z", "user": 131, "content_type": 6, "object_id": "78", "object_repr": "dithyasurendran88@gmail.com", "action_flag": 3, "change_message": ""}}, {"model": "admin.logentry", "pk": 465, "fields": {"action_time": "2023-02-05T14:14:59.093Z", "user": 131, "content_type": 6, "object_id": "77", "object_repr": "annroseraphy@gmail.com", "action_flag": 3, "change_message": ""}}, {"model": "admin.logentry", "pk": 466, "fields": {"action_time": "2023-02-05T14:16:07.933Z", "user": 131, "content_type": 6, "object_id": "73", "object_repr": "priya@gmail.com", "action_flag": 3, "change_message": ""}}, {"model": "admin.logentry", "pk": 467, "fields": {"action_time": "2023-02-05T14:16:07.937Z", "user": 131, "content_type": 6, "object_id": "72", "object_repr": "vivekn@gmail.com", "action_flag": 3, "change_message": ""}}, {"model": "admin.logentry", "pk": 468, "fields": {"action_time": "2023-02-05T14:16:07.938Z", "user": 131, "content_type": 6, "object_id": "62", "object_repr": "lakshmi2118141@gmail.com", "action_flag": 3, "change_message": ""}}, {"model": "admin.logentry", "pk": 469, "fields": {"action_time": "2023-02-05T14:16:07.940Z", "user": 131, "content_type": 6, "object_id": "61", "object_repr": "lakshmi22@gmail.com", "action_flag": 3, "change_message": ""}}, {"model": "admin.logentry", "pk": 470, "fields": {"action_time": "2023-02-05T14:16:07.942Z", "user": 131, "content_type": 6, "object_id": "57", "object_repr": "noushidatn14@gmail.com", "action_flag": 3, "change_message": ""}}, {"model": "admin.logentry", "pk": 471, "fields": {"action_time": "2023-02-05T14:16:07.943Z", "user": 131, "content_type": 6, "object_id": "54", "object_repr": "annie221181@gmail.com", "action_flag": 3, "change_message": ""}}, {"model": "admin.logentry", "pk": 472, "fields": {"action_time": "2023-02-05T14:16:07.945Z", "user": 131, "content_type": 6, "object_id": "35", "object_repr": "sithararb@gmail.com", "action_flag": 3, "change_message": ""}}, {"model": "admin.logentry", "pk": 473, "fields": {"action_time": "2023-02-05T14:16:07.946Z", "user": 131, "content_type": 6, "object_id": "24", "object_repr": "dr.dg@shebirth.com", "action_flag": 3, "change_message": ""}}, {"model": "admin.logentry", "pk": 474, "fields": {"action_time": "2023-04-08T07:40:46.527Z", "user": 131, "content_type": 6, "object_id": "29", "object_repr": "sreepsy999@gmail.com", "action_flag": 3, "change_message": ""}}, {"model": "admin.logentry", "pk": 475, "fields": {"action_time": "2023-04-12T10:47:08.964Z", "user": 131, "content_type": 52, "object_id": "107", "object_repr": "Admin", "action_flag": 2, "change_message": "[{\"changed\": {\"fields\": [\"Customer\"]}}]"}}, {"model": "admin.logentry", "pk": 476, "fields": {"action_time": "2023-04-12T10:47:26.481Z", "user": 131, "content_type": 52, "object_id": "107", "object_repr": "lakshmi", "action_flag": 2, "change_message": "[{\"changed\": {\"fields\": [\"Customer\"]}}]"}}, {"model": "admin.logentry", "pk": 477, "fields": {"action_time": "2023-04-12T10:57:02.650Z", "user": 131, "content_type": 52, "object_id": "107", "object_repr": "Melvin", "action_flag": 2, "change_message": "[{\"changed\": {\"fields\": [\"Customer\"]}}]"}}, {"model": "admin.logentry", "pk": 478, "fields": {"action_time": "2023-04-12T10:57:19.697Z", "user": 131, "content_type": 83, "object_id": "1", "object_repr": "FirebaseFcm object (1)", "action_flag": 2, "change_message": "[{\"changed\": {\"fields\": [\"User\", \"Fcm token\"]}}]"}}, {"model": "admin.logentry", "pk": 479, "fields": {"action_time": "2023-04-12T10:57:24.408Z", "user": 131, "content_type": 52, "object_id": "107", "object_repr": "Melvin", "action_flag": 2, "change_message": "[]"}}, {"model": "admin.logentry", "pk": 480, "fields": {"action_time": "2023-04-13T08:10:14.095Z", "user": 131, "content_type": 49, "object_id": "166", "object_repr": "jisa", "action_flag": 1, "change_message": "[{\"added\": {}}]"}}, {"model": "admin.logentry", "pk": 481, "fields": {"action_time": "2023-04-13T08:10:44.954Z", "user": 131, "content_type": 49, "object_id": "166", "object_repr": "jisa", "action_flag": 3, "change_message": ""}}, {"model": "admin.logentry", "pk": 482, "fields": {"action_time": "2023-04-13T08:11:09.158Z", "user": 131, "content_type": 49, "object_id": "167", "object_repr": "Swetha", "action_flag": 1, "change_message": "[{\"added\": {}}]"}}, {"model": "admin.logentry", "pk": 483, "fields": {"action_time": "2023-04-19T08:28:06.534Z", "user": 131, "content_type": 8, "object_id": "88", "object_repr": "malar@gmail.com", "action_flag": 3, "change_message": ""}}, {"model": "admin.logentry", "pk": 484, "fields": {"action_time": "2023-04-19T08:28:06.537Z", "user": 131, "content_type": 8, "object_id": "87", "object_repr": "misha@gmail.com", "action_flag": 3, "change_message": ""}}, {"model": "admin.logentry", "pk": 485, "fields": {"action_time": "2023-04-19T08:28:06.538Z", "user": 131, "content_type": 8, "object_id": "86", "object_repr": "lakshmi@gmail.com", "action_flag": 3, "change_message": ""}}, {"model": "admin.logentry", "pk": 486, "fields": {"action_time": "2023-04-19T08:28:06.539Z", "user": 131, "content_type": 8, "object_id": "85", "object_repr": "testuser@gmail.com", "action_flag": 3, "change_message": ""}}, {"model": "admin.logentry", "pk": 487, "fields": {"action_time": "2023-04-19T08:28:06.540Z", "user": 131, "content_type": 8, "object_id": "84", "object_repr": "vivekkn09@gmail.com", "action_flag": 3, "change_message": ""}}, {"model": "admin.logentry", "pk": 488, "fields": {"action_time": "2023-04-19T08:28:06.541Z", "user": 131, "content_type": 8, "object_id": "83", "object_repr": "swetharamesh1811@gmail.com", "action_flag": 3, "change_message": ""}}, {"model": "admin.logentry", "pk": 489, "fields": {"action_time": "2023-04-19T08:28:06.542Z", "user": 131, "content_type": 8, "object_id": "9", "object_repr": "v.dhivya006@gmail.com", "action_flag": 3, "change_message": ""}}, {"model": "admin.logentry", "pk": 490, "fields": {"action_time": "2023-04-19T08:28:06.543Z", "user": 131, "content_type": 8, "object_id": "8", "object_repr": "mary@gmail.com", "action_flag": 3, "change_message": ""}}, {"model": "admin.logentry", "pk": 491, "fields": {"action_time": "2023-04-19T08:31:24.618Z", "user": 131, "content_type": 7, "object_id": "8", "object_repr": "drjyothisenoj@gmail.com", "action_flag": 3, "change_message": ""}}, {"model": "admin.logentry", "pk": 492, "fields": {"action_time": "2023-04-19T08:31:24.621Z", "user": 131, "content_type": 7, "object_id": "7", "object_repr": "drsuganyavenkat@gmail.com", "action_flag": 3, "change_message": ""}}, {"model": "admin.logentry", "pk": 493, "fields": {"action_time": "2023-04-19T08:31:24.622Z", "user": 131, "content_type": 7, "object_id": "5", "object_repr": "dr.melvindominic@shebirth.com", "action_flag": 3, "change_message": ""}}, {"model": "admin.logentry", "pk": 494, "fields": {"action_time": "2023-04-19T08:31:24.623Z", "user": 131, "content_type": 7, "object_id": "3", "object_repr": "melvin@gmail.com", "action_flag": 3, "change_message": ""}}, {"model": "admin.logentry", "pk": 495, "fields": {"action_time": "2023-04-19T08:32:47.863Z", "user": 131, "content_type": 10, "object_id": "11", "object_repr": "dr.melvindominic@gmail.com", "action_flag": 3, "change_message": ""}}, {"model": "admin.logentry", "pk": 496, "fields": {"action_time": "2023-04-19T08:32:47.867Z", "user": 131, "content_type": 10, "object_id": "6", "object_repr": "drrekhasukumar@gmail.com", "action_flag": 3, "change_message": ""}}, {"model": "admin.logentry", "pk": 497, "fields": {"action_time": "2023-04-19T08:32:47.868Z", "user": 131, "content_type": 10, "object_id": "4", "object_repr": "dr.dhivya86@gmail.com", "action_flag": 3, "change_message": ""}}, {"model": "admin.logentry", "pk": 498, "fields": {"action_time": "2023-04-19T08:32:47.869Z", "user": 131, "content_type": 10, "object_id": "2", "object_repr": "conusltant@gmail.com", "action_flag": 3, "change_message": ""}}, {"model": "admin.logentry", "pk": 499, "fields": {"action_time": "2023-05-18T10:09:23.536Z", "user": 2, "content_type": 83, "object_id": "61", "object_repr": "FirebaseFcm object (61)", "action_flag": 3, "change_message": ""}}, {"model": "admin.logentry", "pk": 500, "fields": {"action_time": "2023-05-18T10:09:27.018Z", "user": 2, "content_type": 83, "object_id": "100", "object_repr": "FirebaseFcm object (100)", "action_flag": 3, "change_message": ""}}, {"model": "admin.logentry", "pk": 501, "fields": {"action_time": "2023-05-18T10:09:29.505Z", "user": 2, "content_type": 83, "object_id": "165", "object_repr": "FirebaseFcm object (165)", "action_flag": 3, "change_message": ""}}, {"model": "admin.logentry", "pk": 502, "fields": {"action_time": "2023-05-18T10:09:32.370Z", "user": 2, "content_type": 83, "object_id": "144", "object_repr": "FirebaseFcm object (144)", "action_flag": 3, "change_message": ""}}, {"model": "admin.logentry", "pk": 503, "fields": {"action_time": "2023-05-18T10:10:32.919Z", "user": 2, "content_type": 83, "object_id": "126", "object_repr": "FirebaseFcm object (126)", "action_flag": 3, "change_message": ""}}, {"model": "admin.logentry", "pk": 504, "fields": {"action_time": "2023-05-18T10:10:39.146Z", "user": 2, "content_type": 83, "object_id": "145", "object_repr": "FirebaseFcm object (145)", "action_flag": 3, "change_message": ""}}, {"model": "admin.logentry", "pk": 505, "fields": {"action_time": "2023-05-19T06:17:49.231Z", "user": 2, "content_type": 84, "object_id": "1", "object_repr": "Platinum membership", "action_flag": 1, "change_message": "[{\"added\": {}}]"}}, {"model": "admin.logentry", "pk": 506, "fields": {"action_time": "2023-05-19T06:26:32.053Z", "user": 2, "content_type": 85, "object_id": "2", "object_repr": "PurchasedMembership object (2)", "action_flag": 3, "change_message": ""}}, {"model": "admin.logentry", "pk": 507, "fields": {"action_time": "2023-05-19T06:26:32.055Z", "user": 2, "content_type": 85, "object_id": "1", "object_repr": "PurchasedMembership object (1)", "action_flag": 3, "change_message": ""}}, {"model": "admin.logentry", "pk": 508, "fields": {"action_time": "2023-05-26T03:57:23.969Z", "user": 131, "content_type": 83, "object_id": "223", "object_repr": "FirebaseFcm object (223)", "action_flag": 3, "change_message": ""}}, {"model": "admin.logentry", "pk": 509, "fields": {"action_time": "2023-05-26T03:57:23.976Z", "user": 131, "content_type": 83, "object_id": "222", "object_repr": "FirebaseFcm object (222)", "action_flag": 3, "change_message": ""}}, {"model": "admin.logentry", "pk": 510, "fields": {"action_time": "2023-05-26T03:57:23.978Z", "user": 131, "content_type": 83, "object_id": "214", "object_repr": "FirebaseFcm object (214)", "action_flag": 3, "change_message": ""}}, {"model": "admin.logentry", "pk": 511, "fields": {"action_time": "2023-05-26T03:57:23.979Z", "user": 131, "content_type": 83, "object_id": "201", "object_repr": "FirebaseFcm object (201)", "action_flag": 3, "change_message": ""}}, {"model": "admin.logentry", "pk": 512, "fields": {"action_time": "2023-05-26T03:57:23.980Z", "user": 131, "content_type": 83, "object_id": "194", "object_repr": "FirebaseFcm object (194)", "action_flag": 3, "change_message": ""}}, {"model": "admin.logentry", "pk": 513, "fields": {"action_time": "2023-05-26T03:57:23.981Z", "user": 131, "content_type": 83, "object_id": "193", "object_repr": "FirebaseFcm object (193)", "action_flag": 3, "change_message": ""}}, {"model": "admin.logentry", "pk": 514, "fields": {"action_time": "2023-05-26T03:57:23.982Z", "user": 131, "content_type": 83, "object_id": "181", "object_repr": "FirebaseFcm object (181)", "action_flag": 3, "change_message": ""}}, {"model": "admin.logentry", "pk": 515, "fields": {"action_time": "2023-05-26T03:57:23.983Z", "user": 131, "content_type": 83, "object_id": "154", "object_repr": "FirebaseFcm object (154)", "action_flag": 3, "change_message": ""}}, {"model": "admin.logentry", "pk": 516, "fields": {"action_time": "2023-05-26T03:57:23.984Z", "user": 131, "content_type": 83, "object_id": "87", "object_repr": "FirebaseFcm object (87)", "action_flag": 3, "change_message": ""}}, {"model": "admin.logentry", "pk": 517, "fields": {"action_time": "2023-05-26T03:57:23.985Z", "user": 131, "content_type": 83, "object_id": "85", "object_repr": "FirebaseFcm object (85)", "action_flag": 3, "change_message": ""}}, {"model": "admin.logentry", "pk": 518, "fields": {"action_time": "2023-05-26T03:57:23.986Z", "user": 131, "content_type": 83, "object_id": "51", "object_repr": "FirebaseFcm object (51)", "action_flag": 3, "change_message": ""}}, {"model": "admin.logentry", "pk": 519, "fields": {"action_time": "2023-05-26T03:57:23.986Z", "user": 131, "content_type": 83, "object_id": "38", "object_repr": "FirebaseFcm object (38)", "action_flag": 3, "change_message": ""}}, {"model": "admin.logentry", "pk": 520, "fields": {"action_time": "2023-05-26T03:57:23.987Z", "user": 131, "content_type": 83, "object_id": "35", "object_repr": "FirebaseFcm object (35)", "action_flag": 3, "change_message": ""}}, {"model": "admin.logentry", "pk": 521, "fields": {"action_time": "2023-05-26T03:57:23.988Z", "user": 131, "content_type": 83, "object_id": "34", "object_repr": "FirebaseFcm object (34)", "action_flag": 3, "change_message": ""}}, {"model": "admin.logentry", "pk": 522, "fields": {"action_time": "2023-05-26T03:57:23.989Z", "user": 131, "content_type": 83, "object_id": "15", "object_repr": "FirebaseFcm object (15)", "action_flag": 3, "change_message": ""}}, {"model": "admin.logentry", "pk": 523, "fields": {"action_time": "2023-05-26T03:57:23.990Z", "user": 131, "content_type": 83, "object_id": "14", "object_repr": "FirebaseFcm object (14)", "action_flag": 3, "change_message": ""}}, {"model": "admin.logentry", "pk": 524, "fields": {"action_time": "2023-05-26T03:57:23.991Z", "user": 131, "content_type": 83, "object_id": "12", "object_repr": "FirebaseFcm object (12)", "action_flag": 3, "change_message": ""}}, {"model": "admin.logentry", "pk": 525, "fields": {"action_time": "2023-05-26T03:57:23.992Z", "user": 131, "content_type": 83, "object_id": "11", "object_repr": "FirebaseFcm object (11)", "action_flag": 3, "change_message": ""}}, {"model": "admin.logentry", "pk": 526, "fields": {"action_time": "2023-05-26T03:57:23.992Z", "user": 131, "content_type": 83, "object_id": "7", "object_repr": "FirebaseFcm object (7)", "action_flag": 3, "change_message": ""}}, {"model": "admin.logentry", "pk": 527, "fields": {"action_time": "2023-05-26T03:57:23.993Z", "user": 131, "content_type": 83, "object_id": "6", "object_repr": "FirebaseFcm object (6)", "action_flag": 3, "change_message": ""}}, {"model": "admin.logentry", "pk": 528, "fields": {"action_time": "2023-05-26T03:57:23.994Z", "user": 131, "content_type": 83, "object_id": "1", "object_repr": "FirebaseFcm object (1)", "action_flag": 3, "change_message": ""}}, {"model": "admin.logentry", "pk": 529, "fields": {"action_time": "2023-05-26T05:02:23.636Z", "user": 131, "content_type": 84, "object_id": "1", "object_repr": "Little One", "action_flag": 2, "change_message": "[{\"changed\": {\"fields\": [\"Membership name\", \"Membership amount\"]}}]"}}, {"model": "admin.logentry", "pk": 530, "fields": {"action_time": "2023-05-26T05:02:40.741Z", "user": 131, "content_type": 84, "object_id": "2", "object_repr": "Bundle of Joy", "action_flag": 1, "change_message": "[{\"added\": {}}]"}}, {"model": "admin.logentry", "pk": 531, "fields": {"action_time": "2023-05-26T05:03:07.495Z", "user": 131, "content_type": 84, "object_id": "3", "object_repr": "Born with Silver Spoon", "action_flag": 1, "change_message": "[{\"added\": {}}]"}}, {"model": "admin.logentry", "pk": 532, "fields": {"action_time": "2023-05-26T05:03:48.370Z", "user": 131, "content_type": 84, "object_id": "4", "object_repr": "Trial Plan", "action_flag": 1, "change_message": "[{\"added\": {}}]"}}, {"model": "admin.logentry", "pk": 533, "fields": {"action_time": "2023-05-28T03:29:09.973Z", "user": 131, "content_type": 83, "object_id": "229", "object_repr": "FirebaseFcm object (229)", "action_flag": 3, "change_message": ""}}, {"model": "admin.logentry", "pk": 534, "fields": {"action_time": "2023-05-28T03:29:09.976Z", "user": 131, "content_type": 83, "object_id": "228", "object_repr": "FirebaseFcm object (228)", "action_flag": 3, "change_message": ""}}, {"model": "admin.logentry", "pk": 535, "fields": {"action_time": "2023-05-28T03:29:09.978Z", "user": 131, "content_type": 83, "object_id": "227", "object_repr": "FirebaseFcm object (227)", "action_flag": 3, "change_message": ""}}, {"model": "admin.logentry", "pk": 536, "fields": {"action_time": "2023-05-28T03:29:09.979Z", "user": 131, "content_type": 83, "object_id": "226", "object_repr": "FirebaseFcm object (226)", "action_flag": 3, "change_message": ""}}, {"model": "admin.logentry", "pk": 537, "fields": {"action_time": "2023-05-28T03:50:29.800Z", "user": 131, "content_type": 83, "object_id": "245", "object_repr": "FirebaseFcm object (245)", "action_flag": 3, "change_message": ""}}, {"model": "admin.logentry", "pk": 538, "fields": {"action_time": "2023-05-28T03:50:29.802Z", "user": 131, "content_type": 83, "object_id": "244", "object_repr": "FirebaseFcm object (244)", "action_flag": 3, "change_message": ""}}, {"model": "admin.logentry", "pk": 539, "fields": {"action_time": "2023-05-28T03:50:29.803Z", "user": 131, "content_type": 83, "object_id": "243", "object_repr": "FirebaseFcm object (243)", "action_flag": 3, "change_message": ""}}, {"model": "admin.logentry", "pk": 540, "fields": {"action_time": "2023-06-01T08:25:56.369Z", "user": 166, "content_type": 6, "object_id": "166", "object_repr": "admin@admin.com", "action_flag": 2, "change_message": "[{\"changed\": {\"fields\": [\"Role\"]}}]"}}, {"model": "admin.logentry", "pk": 541, "fields": {"action_time": "2023-06-01T16:20:12.253Z", "user": 131, "content_type": 83, "object_id": "290", "object_repr": "FirebaseFcm object (290)", "action_flag": 3, "change_message": ""}}, {"model": "admin.logentry", "pk": 542, "fields": {"action_time": "2023-06-01T16:20:12.256Z", "user": 131, "content_type": 83, "object_id": "288", "object_repr": "FirebaseFcm object (288)", "action_flag": 3, "change_message": ""}}, {"model": "admin.logentry", "pk": 543, "fields": {"action_time": "2023-06-01T16:20:12.259Z", "user": 131, "content_type": 83, "object_id": "287", "object_repr": "FirebaseFcm object (287)", "action_flag": 3, "change_message": ""}}, {"model": "admin.logentry", "pk": 544, "fields": {"action_time": "2023-06-01T16:20:12.260Z", "user": 131, "content_type": 83, "object_id": "281", "object_repr": "FirebaseFcm object (281)", "action_flag": 3, "change_message": ""}}, {"model": "admin.logentry", "pk": 545, "fields": {"action_time": "2023-06-01T16:20:12.262Z", "user": 131, "content_type": 83, "object_id": "271", "object_repr": "FirebaseFcm object (271)", "action_flag": 3, "change_message": ""}}, {"model": "admin.logentry", "pk": 546, "fields": {"action_time": "2023-06-01T16:20:12.264Z", "user": 131, "content_type": 83, "object_id": "269", "object_repr": "FirebaseFcm object (269)", "action_flag": 3, "change_message": ""}}, {"model": "admin.logentry", "pk": 547, "fields": {"action_time": "2023-06-01T16:20:12.266Z", "user": 131, "content_type": 83, "object_id": "268", "object_repr": "FirebaseFcm object (268)", "action_flag": 3, "change_message": ""}}, {"model": "admin.logentry", "pk": 548, "fields": {"action_time": "2023-06-01T16:20:12.267Z", "user": 131, "content_type": 83, "object_id": "264", "object_repr": "FirebaseFcm object (264)", "action_flag": 3, "change_message": ""}}, {"model": "admin.logentry", "pk": 549, "fields": {"action_time": "2023-06-01T16:20:12.269Z", "user": 131, "content_type": 83, "object_id": "257", "object_repr": "FirebaseFcm object (257)", "action_flag": 3, "change_message": ""}}, {"model": "admin.logentry", "pk": 550, "fields": {"action_time": "2023-06-01T16:20:12.271Z", "user": 131, "content_type": 83, "object_id": "256", "object_repr": "FirebaseFcm object (256)", "action_flag": 3, "change_message": ""}}, {"model": "admin.logentry", "pk": 551, "fields": {"action_time": "2023-06-01T16:20:12.272Z", "user": 131, "content_type": 83, "object_id": "251", "object_repr": "FirebaseFcm object (251)", "action_flag": 3, "change_message": ""}}, {"model": "admin.logentry", "pk": 552, "fields": {"action_time": "2023-06-01T16:20:12.274Z", "user": 131, "content_type": 83, "object_id": "248", "object_repr": "FirebaseFcm object (248)", "action_flag": 3, "change_message": ""}}, {"model": "admin.logentry", "pk": 553, "fields": {"action_time": "2023-06-03T15:38:14.205Z", "user": 166, "content_type": 15, "object_id": "7", "object_repr": "8 week", "action_flag": 2, "change_message": "[{\"changed\": {\"fields\": [\"Image\"]}}]"}}, {"model": "admin.logentry", "pk": 554, "fields": {"action_time": "2023-06-03T15:38:32.989Z", "user": 166, "content_type": 15, "object_id": "7", "object_repr": "8 week", "action_flag": 2, "change_message": "[{\"changed\": {\"fields\": [\"Image\"]}}]"}}, {"model": "admin.logentry", "pk": 555, "fields": {"action_time": "2023-06-03T15:40:51.908Z", "user": 166, "content_type": 15, "object_id": "1", "object_repr": "2 week", "action_flag": 2, "change_message": "[{\"changed\": {\"fields\": [\"Image\"]}}]"}}, {"model": "admin.logentry", "pk": 556, "fields": {"action_time": "2023-06-05T12:25:15.686Z", "user": 166, "content_type": 85, "object_id": "41", "object_repr": "PurchasedMembership object (41)", "action_flag": 3, "change_message": ""}}, {"model": "admin.logentry", "pk": 557, "fields": {"action_time": "2023-06-05T12:25:15.689Z", "user": 166, "content_type": 85, "object_id": "40", "object_repr": "PurchasedMembership object (40)", "action_flag": 3, "change_message": ""}}, {"model": "admin.logentry", "pk": 558, "fields": {"action_time": "2023-06-05T12:25:15.691Z", "user": 166, "content_type": 85, "object_id": "39", "object_repr": "PurchasedMembership object (39)", "action_flag": 3, "change_message": ""}}, {"model": "admin.logentry", "pk": 559, "fields": {"action_time": "2023-06-05T12:25:15.692Z", "user": 166, "content_type": 85, "object_id": "38", "object_repr": "PurchasedMembership object (38)", "action_flag": 3, "change_message": ""}}, {"model": "admin.logentry", "pk": 560, "fields": {"action_time": "2023-06-05T12:25:15.693Z", "user": 166, "content_type": 85, "object_id": "37", "object_repr": "PurchasedMembership object (37)", "action_flag": 3, "change_message": ""}}, {"model": "admin.logentry", "pk": 561, "fields": {"action_time": "2023-06-05T12:25:15.694Z", "user": 166, "content_type": 85, "object_id": "36", "object_repr": "PurchasedMembership object (36)", "action_flag": 3, "change_message": ""}}, {"model": "admin.logentry", "pk": 562, "fields": {"action_time": "2023-06-05T12:25:15.695Z", "user": 166, "content_type": 85, "object_id": "35", "object_repr": "PurchasedMembership object (35)", "action_flag": 3, "change_message": ""}}, {"model": "admin.logentry", "pk": 563, "fields": {"action_time": "2023-06-05T12:25:15.696Z", "user": 166, "content_type": 85, "object_id": "34", "object_repr": "PurchasedMembership object (34)", "action_flag": 3, "change_message": ""}}, {"model": "admin.logentry", "pk": 564, "fields": {"action_time": "2023-06-05T12:25:15.697Z", "user": 166, "content_type": 85, "object_id": "33", "object_repr": "PurchasedMembership object (33)", "action_flag": 3, "change_message": ""}}, {"model": "admin.logentry", "pk": 565, "fields": {"action_time": "2023-06-05T12:25:15.697Z", "user": 166, "content_type": 85, "object_id": "32", "object_repr": "PurchasedMembership object (32)", "action_flag": 3, "change_message": ""}}, {"model": "admin.logentry", "pk": 566, "fields": {"action_time": "2023-06-05T12:25:15.698Z", "user": 166, "content_type": 85, "object_id": "31", "object_repr": "PurchasedMembership object (31)", "action_flag": 3, "change_message": ""}}, {"model": "admin.logentry", "pk": 567, "fields": {"action_time": "2023-06-05T12:25:15.699Z", "user": 166, "content_type": 85, "object_id": "30", "object_repr": "PurchasedMembership object (30)", "action_flag": 3, "change_message": ""}}, {"model": "admin.logentry", "pk": 568, "fields": {"action_time": "2023-06-05T12:25:15.700Z", "user": 166, "content_type": 85, "object_id": "29", "object_repr": "PurchasedMembership object (29)", "action_flag": 3, "change_message": ""}}, {"model": "admin.logentry", "pk": 569, "fields": {"action_time": "2023-06-05T12:25:15.701Z", "user": 166, "content_type": 85, "object_id": "28", "object_repr": "PurchasedMembership object (28)", "action_flag": 3, "change_message": ""}}, {"model": "admin.logentry", "pk": 570, "fields": {"action_time": "2023-06-05T12:25:15.702Z", "user": 166, "content_type": 85, "object_id": "27", "object_repr": "PurchasedMembership object (27)", "action_flag": 3, "change_message": ""}}, {"model": "admin.logentry", "pk": 571, "fields": {"action_time": "2023-06-05T12:25:15.703Z", "user": 166, "content_type": 85, "object_id": "26", "object_repr": "PurchasedMembership object (26)", "action_flag": 3, "change_message": ""}}, {"model": "admin.logentry", "pk": 572, "fields": {"action_time": "2023-06-05T12:25:15.704Z", "user": 166, "content_type": 85, "object_id": "25", "object_repr": "PurchasedMembership object (25)", "action_flag": 3, "change_message": ""}}, {"model": "admin.logentry", "pk": 573, "fields": {"action_time": "2023-06-05T12:25:15.704Z", "user": 166, "content_type": 85, "object_id": "24", "object_repr": "PurchasedMembership object (24)", "action_flag": 3, "change_message": ""}}, {"model": "admin.logentry", "pk": 574, "fields": {"action_time": "2023-06-05T12:25:15.705Z", "user": 166, "content_type": 85, "object_id": "23", "object_repr": "PurchasedMembership object (23)", "action_flag": 3, "change_message": ""}}, {"model": "admin.logentry", "pk": 575, "fields": {"action_time": "2023-06-05T12:25:15.706Z", "user": 166, "content_type": 85, "object_id": "22", "object_repr": "PurchasedMembership object (22)", "action_flag": 3, "change_message": ""}}, {"model": "admin.logentry", "pk": 576, "fields": {"action_time": "2023-06-05T12:25:15.707Z", "user": 166, "content_type": 85, "object_id": "21", "object_repr": "PurchasedMembership object (21)", "action_flag": 3, "change_message": ""}}, {"model": "admin.logentry", "pk": 577, "fields": {"action_time": "2023-06-05T12:25:15.708Z", "user": 166, "content_type": 85, "object_id": "20", "object_repr": "PurchasedMembership object (20)", "action_flag": 3, "change_message": ""}}, {"model": "admin.logentry", "pk": 578, "fields": {"action_time": "2023-06-05T12:25:15.709Z", "user": 166, "content_type": 85, "object_id": "19", "object_repr": "PurchasedMembership object (19)", "action_flag": 3, "change_message": ""}}, {"model": "admin.logentry", "pk": 579, "fields": {"action_time": "2023-06-05T12:25:15.710Z", "user": 166, "content_type": 85, "object_id": "18", "object_repr": "PurchasedMembership object (18)", "action_flag": 3, "change_message": ""}}, {"model": "admin.logentry", "pk": 580, "fields": {"action_time": "2023-06-05T12:25:15.711Z", "user": 166, "content_type": 85, "object_id": "17", "object_repr": "PurchasedMembership object (17)", "action_flag": 3, "change_message": ""}}, {"model": "admin.logentry", "pk": 581, "fields": {"action_time": "2023-06-05T12:25:15.712Z", "user": 166, "content_type": 85, "object_id": "16", "object_repr": "PurchasedMembership object (16)", "action_flag": 3, "change_message": ""}}, {"model": "admin.logentry", "pk": 582, "fields": {"action_time": "2023-06-05T12:25:15.713Z", "user": 166, "content_type": 85, "object_id": "15", "object_repr": "PurchasedMembership object (15)", "action_flag": 3, "change_message": ""}}, {"model": "admin.logentry", "pk": 583, "fields": {"action_time": "2023-06-05T12:25:15.715Z", "user": 166, "content_type": 85, "object_id": "14", "object_repr": "PurchasedMembership object (14)", "action_flag": 3, "change_message": ""}}, {"model": "admin.logentry", "pk": 584, "fields": {"action_time": "2023-06-05T12:25:15.716Z", "user": 166, "content_type": 85, "object_id": "13", "object_repr": "PurchasedMembership object (13)", "action_flag": 3, "change_message": ""}}, {"model": "admin.logentry", "pk": 585, "fields": {"action_time": "2023-06-05T12:25:15.718Z", "user": 166, "content_type": 85, "object_id": "12", "object_repr": "PurchasedMembership object (12)", "action_flag": 3, "change_message": ""}}, {"model": "admin.logentry", "pk": 586, "fields": {"action_time": "2023-06-05T12:25:15.719Z", "user": 166, "content_type": 85, "object_id": "11", "object_repr": "PurchasedMembership object (11)", "action_flag": 3, "change_message": ""}}, {"model": "admin.logentry", "pk": 587, "fields": {"action_time": "2023-06-05T12:25:15.720Z", "user": 166, "content_type": 85, "object_id": "10", "object_repr": "PurchasedMembership object (10)", "action_flag": 3, "change_message": ""}}, {"model": "admin.logentry", "pk": 588, "fields": {"action_time": "2023-06-05T12:25:15.721Z", "user": 166, "content_type": 85, "object_id": "9", "object_repr": "PurchasedMembership object (9)", "action_flag": 3, "change_message": ""}}, {"model": "admin.logentry", "pk": 589, "fields": {"action_time": "2023-06-05T12:25:15.722Z", "user": 166, "content_type": 85, "object_id": "8", "object_repr": "PurchasedMembership object (8)", "action_flag": 3, "change_message": ""}}, {"model": "admin.logentry", "pk": 590, "fields": {"action_time": "2023-06-05T12:25:15.723Z", "user": 166, "content_type": 85, "object_id": "7", "object_repr": "PurchasedMembership object (7)", "action_flag": 3, "change_message": ""}}, {"model": "admin.logentry", "pk": 591, "fields": {"action_time": "2023-06-05T12:25:15.724Z", "user": 166, "content_type": 85, "object_id": "6", "object_repr": "PurchasedMembership object (6)", "action_flag": 3, "change_message": ""}}, {"model": "admin.logentry", "pk": 592, "fields": {"action_time": "2023-06-05T12:25:15.725Z", "user": 166, "content_type": 85, "object_id": "5", "object_repr": "PurchasedMembership object (5)", "action_flag": 3, "change_message": ""}}, {"model": "admin.logentry", "pk": 593, "fields": {"action_time": "2023-06-05T12:25:15.726Z", "user": 166, "content_type": 85, "object_id": "4", "object_repr": "PurchasedMembership object (4)", "action_flag": 3, "change_message": ""}}, {"model": "admin.logentry", "pk": 594, "fields": {"action_time": "2023-06-05T12:25:15.727Z", "user": 166, "content_type": 85, "object_id": "3", "object_repr": "PurchasedMembership object (3)", "action_flag": 3, "change_message": ""}}, {"model": "admin.logentry", "pk": 595, "fields": {"action_time": "2023-06-05T12:58:26.040Z", "user": 166, "content_type": 85, "object_id": "43", "object_repr": "PurchasedMembership object (43)", "action_flag": 2, "change_message": "[{\"changed\": {\"fields\": [\"Is paid\"]}}]"}}, {"model": "admin.logentry", "pk": 596, "fields": {"action_time": "2023-06-05T12:58:53.937Z", "user": 166, "content_type": 85, "object_id": "44", "object_repr": "PurchasedMembership object (44)", "action_flag": 3, "change_message": ""}}, {"model": "admin.logentry", "pk": 597, "fields": {"action_time": "2023-06-05T12:58:53.939Z", "user": 166, "content_type": 85, "object_id": "43", "object_repr": "PurchasedMembership object (43)", "action_flag": 3, "change_message": ""}}, {"model": "admin.logentry", "pk": 598, "fields": {"action_time": "2023-06-05T12:58:59.921Z", "user": 166, "content_type": 85, "object_id": "45", "object_repr": "PurchasedMembership object (45)", "action_flag": 2, "change_message": "[{\"changed\": {\"fields\": [\"Is paid\"]}}]"}}, {"model": "admin.logentry", "pk": 599, "fields": {"action_time": "2023-06-05T16:06:09.326Z", "user": 166, "content_type": 7, "object_id": "11", "object_repr": "jisha@gmail.com", "action_flag": 2, "change_message": "[{\"changed\": {\"fields\": [\"Languages\", \"Price\"]}}]"}}, {"model": "admin.logentry", "pk": 600, "fields": {"action_time": "2023-06-05T16:06:43.739Z", "user": 166, "content_type": 7, "object_id": "10", "object_repr": "babybirthschool@gmail.com", "action_flag": 2, "change_message": "[{\"changed\": {\"fields\": [\"Hospitals\", \"Languages\", \"Price\"]}}]"}}, {"model": "admin.logentry", "pk": 601, "fields": {"action_time": "2023-06-06T05:07:25.693Z", "user": 166, "content_type": 85, "object_id": "46", "object_repr": "PurchasedMembership object (46)", "action_flag": 2, "change_message": "[{\"changed\": {\"fields\": [\"User\"]}}]"}}, {"model": "admin.logentry", "pk": 602, "fields": {"action_time": "2023-06-08T09:10:07.728Z", "user": 166, "content_type": 83, "object_id": "344", "object_repr": "FirebaseFcm object (344)", "action_flag": 3, "change_message": ""}}, {"model": "admin.logentry", "pk": 603, "fields": {"action_time": "2023-06-08T09:10:07.731Z", "user": 166, "content_type": 83, "object_id": "334", "object_repr": "FirebaseFcm object (334)", "action_flag": 3, "change_message": ""}}, {"model": "admin.logentry", "pk": 604, "fields": {"action_time": "2023-06-08T09:10:07.733Z", "user": 166, "content_type": 83, "object_id": "332", "object_repr": "FirebaseFcm object (332)", "action_flag": 3, "change_message": ""}}, {"model": "admin.logentry", "pk": 605, "fields": {"action_time": "2023-06-08T09:10:07.734Z", "user": 166, "content_type": 83, "object_id": "328", "object_repr": "FirebaseFcm object (328)", "action_flag": 3, "change_message": ""}}, {"model": "admin.logentry", "pk": 606, "fields": {"action_time": "2023-06-08T09:10:07.735Z", "user": 166, "content_type": 83, "object_id": "327", "object_repr": "FirebaseFcm object (327)", "action_flag": 3, "change_message": ""}}, {"model": "admin.logentry", "pk": 607, "fields": {"action_time": "2023-06-08T09:10:07.736Z", "user": 166, "content_type": 83, "object_id": "324", "object_repr": "FirebaseFcm object (324)", "action_flag": 3, "change_message": ""}}, {"model": "admin.logentry", "pk": 608, "fields": {"action_time": "2023-06-08T09:10:07.737Z", "user": 166, "content_type": 83, "object_id": "317", "object_repr": "FirebaseFcm object (317)", "action_flag": 3, "change_message": ""}}, {"model": "admin.logentry", "pk": 609, "fields": {"action_time": "2023-06-08T09:10:07.739Z", "user": 166, "content_type": 83, "object_id": "310", "object_repr": "FirebaseFcm object (310)", "action_flag": 3, "change_message": ""}}, {"model": "admin.logentry", "pk": 610, "fields": {"action_time": "2023-06-08T09:10:07.740Z", "user": 166, "content_type": 83, "object_id": "303", "object_repr": "FirebaseFcm object (303)", "action_flag": 3, "change_message": ""}}, {"model": "admin.logentry", "pk": 611, "fields": {"action_time": "2023-06-08T09:10:07.741Z", "user": 166, "content_type": 83, "object_id": "302", "object_repr": "FirebaseFcm object (302)", "action_flag": 3, "change_message": ""}}, {"model": "admin.logentry", "pk": 612, "fields": {"action_time": "2023-06-08T09:10:07.742Z", "user": 166, "content_type": 83, "object_id": "301", "object_repr": "FirebaseFcm object (301)", "action_flag": 3, "change_message": ""}}, {"model": "admin.logentry", "pk": 613, "fields": {"action_time": "2023-06-08T09:10:07.743Z", "user": 166, "content_type": 83, "object_id": "300", "object_repr": "FirebaseFcm object (300)", "action_flag": 3, "change_message": ""}}, {"model": "admin.logentry", "pk": 614, "fields": {"action_time": "2023-06-08T09:10:07.744Z", "user": 166, "content_type": 83, "object_id": "298", "object_repr": "FirebaseFcm object (298)", "action_flag": 3, "change_message": ""}}, {"model": "admin.logentry", "pk": 615, "fields": {"action_time": "2023-06-08T09:10:07.745Z", "user": 166, "content_type": 83, "object_id": "296", "object_repr": "FirebaseFcm object (296)", "action_flag": 3, "change_message": ""}}, {"model": "admin.logentry", "pk": 616, "fields": {"action_time": "2023-06-08T09:10:07.746Z", "user": 166, "content_type": 83, "object_id": "294", "object_repr": "FirebaseFcm object (294)", "action_flag": 3, "change_message": ""}}, {"model": "admin.logentry", "pk": 617, "fields": {"action_time": "2023-06-08T15:27:51.100Z", "user": 166, "content_type": 83, "object_id": "360", "object_repr": "FirebaseFcm object (360)", "action_flag": 3, "change_message": ""}}, {"model": "admin.logentry", "pk": 618, "fields": {"action_time": "2023-06-08T15:27:51.104Z", "user": 166, "content_type": 83, "object_id": "356", "object_repr": "FirebaseFcm object (356)", "action_flag": 3, "change_message": ""}}, {"model": "admin.logentry", "pk": 619, "fields": {"action_time": "2023-06-11T12:34:07.779Z", "user": 166, "content_type": 83, "object_id": "376", "object_repr": "FirebaseFcm object (376)", "action_flag": 3, "change_message": ""}}, {"model": "admin.logentry", "pk": 620, "fields": {"action_time": "2023-06-11T12:34:07.782Z", "user": 166, "content_type": 83, "object_id": "371", "object_repr": "FirebaseFcm object (371)", "action_flag": 3, "change_message": ""}}, {"model": "admin.logentry", "pk": 621, "fields": {"action_time": "2023-06-11T12:34:07.783Z", "user": 166, "content_type": 83, "object_id": "368", "object_repr": "FirebaseFcm object (368)", "action_flag": 3, "change_message": ""}}, {"model": "admin.logentry", "pk": 622, "fields": {"action_time": "2023-06-11T12:34:07.785Z", "user": 166, "content_type": 83, "object_id": "367", "object_repr": "FirebaseFcm object (367)", "action_flag": 3, "change_message": ""}}, {"model": "admin.logentry", "pk": 623, "fields": {"action_time": "2023-06-11T12:34:07.786Z", "user": 166, "content_type": 83, "object_id": "366", "object_repr": "FirebaseFcm object (366)", "action_flag": 3, "change_message": ""}}, {"model": "admin.logentry", "pk": 624, "fields": {"action_time": "2023-06-11T12:34:07.787Z", "user": 166, "content_type": 83, "object_id": "364", "object_repr": "FirebaseFcm object (364)", "action_flag": 3, "change_message": ""}}, {"model": "admin.logentry", "pk": 625, "fields": {"action_time": "2023-06-11T12:34:07.788Z", "user": 166, "content_type": 83, "object_id": "361", "object_repr": "FirebaseFcm object (361)", "action_flag": 3, "change_message": ""}}, {"model": "admin.logentry", "pk": 626, "fields": {"action_time": "2023-06-12T05:37:51.070Z", "user": 166, "content_type": 83, "object_id": "390", "object_repr": "FirebaseFcm object (390)", "action_flag": 3, "change_message": ""}}, {"model": "admin.logentry", "pk": 627, "fields": {"action_time": "2023-06-12T05:37:51.074Z", "user": 166, "content_type": 83, "object_id": "381", "object_repr": "FirebaseFcm object (381)", "action_flag": 3, "change_message": ""}}, {"model": "admin.logentry", "pk": 628, "fields": {"action_time": "2023-06-12T05:37:51.076Z", "user": 166, "content_type": 83, "object_id": "379", "object_repr": "FirebaseFcm object (379)", "action_flag": 3, "change_message": ""}}, {"model": "admin.logentry", "pk": 629, "fields": {"action_time": "2023-06-12T05:37:51.077Z", "user": 166, "content_type": 83, "object_id": "378", "object_repr": "FirebaseFcm object (378)", "action_flag": 3, "change_message": ""}}, {"model": "admin.logentry", "pk": 630, "fields": {"action_time": "2023-06-12T10:05:04.358Z", "user": 166, "content_type": 49, "object_id": "201", "object_repr": "nancy", "action_flag": 2, "change_message": "[{\"changed\": {\"fields\": [\"Rejected\", \"Meeting url\"]}}]"}}, {"model": "admin.logentry", "pk": 631, "fields": {"action_time": "2023-06-14T05:04:42.194Z", "user": 131, "content_type": 83, "object_id": "407", "object_repr": "FirebaseFcm object (407)", "action_flag": 3, "change_message": ""}}, {"model": "admin.logentry", "pk": 632, "fields": {"action_time": "2023-06-14T05:04:42.202Z", "user": 131, "content_type": 83, "object_id": "399", "object_repr": "FirebaseFcm object (399)", "action_flag": 3, "change_message": ""}}, {"model": "admin.logentry", "pk": 633, "fields": {"action_time": "2023-06-14T05:04:42.204Z", "user": 131, "content_type": 83, "object_id": "397", "object_repr": "FirebaseFcm object (397)", "action_flag": 3, "change_message": ""}}, {"model": "admin.logentry", "pk": 634, "fields": {"action_time": "2023-06-14T05:04:42.205Z", "user": 131, "content_type": 83, "object_id": "396", "object_repr": "FirebaseFcm object (396)", "action_flag": 3, "change_message": ""}}, {"model": "admin.logentry", "pk": 635, "fields": {"action_time": "2023-06-14T05:04:42.206Z", "user": 131, "content_type": 83, "object_id": "392", "object_repr": "FirebaseFcm object (392)", "action_flag": 3, "change_message": ""}}, {"model": "admin.logentry", "pk": 636, "fields": {"action_time": "2023-06-14T05:04:42.208Z", "user": 131, "content_type": 83, "object_id": "391", "object_repr": "FirebaseFcm object (391)", "action_flag": 3, "change_message": ""}}, {"model": "admin.logentry", "pk": 637, "fields": {"action_time": "2023-06-14T05:59:55.146Z", "user": 131, "content_type": 83, "object_id": "421", "object_repr": "FirebaseFcm object (421)", "action_flag": 3, "change_message": ""}}, {"model": "admin.logentry", "pk": 638, "fields": {"action_time": "2023-06-14T05:59:55.148Z", "user": 131, "content_type": 83, "object_id": "420", "object_repr": "FirebaseFcm object (420)", "action_flag": 3, "change_message": ""}}, {"model": "admin.logentry", "pk": 639, "fields": {"action_time": "2023-06-14T05:59:55.149Z", "user": 131, "content_type": 83, "object_id": "415", "object_repr": "FirebaseFcm object (415)", "action_flag": 3, "change_message": ""}}, {"model": "admin.logentry", "pk": 640, "fields": {"action_time": "2023-06-14T05:59:55.151Z", "user": 131, "content_type": 83, "object_id": "413", "object_repr": "FirebaseFcm object (413)", "action_flag": 3, "change_message": ""}}, {"model": "admin.logentry", "pk": 641, "fields": {"action_time": "2023-06-14T05:59:55.155Z", "user": 131, "content_type": 83, "object_id": "412", "object_repr": "FirebaseFcm object (412)", "action_flag": 3, "change_message": ""}}, {"model": "admin.logentry", "pk": 642, "fields": {"action_time": "2023-06-14T05:59:55.159Z", "user": 131, "content_type": 83, "object_id": "410", "object_repr": "FirebaseFcm object (410)", "action_flag": 3, "change_message": ""}}, {"model": "admin.logentry", "pk": 643, "fields": {"action_time": "2023-06-14T07:20:10.446Z", "user": 131, "content_type": 49, "object_id": "220", "object_repr": "swetha", "action_flag": 3, "change_message": ""}}, {"model": "admin.logentry", "pk": 644, "fields": {"action_time": "2023-06-14T07:20:10.449Z", "user": 131, "content_type": 49, "object_id": "219", "object_repr": "swetha", "action_flag": 3, "change_message": ""}}, {"model": "admin.logentry", "pk": 645, "fields": {"action_time": "2023-06-14T07:20:10.451Z", "user": 131, "content_type": 49, "object_id": "218", "object_repr": "swetha", "action_flag": 3, "change_message": ""}}, {"model": "admin.logentry", "pk": 646, "fields": {"action_time": "2023-06-14T07:20:10.452Z", "user": 131, "content_type": 49, "object_id": "217", "object_repr": "nancy", "action_flag": 3, "change_message": ""}}, {"model": "admin.logentry", "pk": 647, "fields": {"action_time": "2023-06-14T07:20:10.453Z", "user": 131, "content_type": 49, "object_id": "216", "object_repr": "nancy", "action_flag": 3, "change_message": ""}}, {"model": "admin.logentry", "pk": 648, "fields": {"action_time": "2023-06-14T07:20:10.454Z", "user": 131, "content_type": 49, "object_id": "215", "object_repr": "nancy", "action_flag": 3, "change_message": ""}}, {"model": "admin.logentry", "pk": 649, "fields": {"action_time": "2023-06-14T07:20:10.456Z", "user": 131, "content_type": 49, "object_id": "214", "object_repr": "nancy", "action_flag": 3, "change_message": ""}}, {"model": "admin.logentry", "pk": 650, "fields": {"action_time": "2023-06-14T07:20:10.460Z", "user": 131, "content_type": 49, "object_id": "213", "object_repr": "nancy", "action_flag": 3, "change_message": ""}}, {"model": "admin.logentry", "pk": 651, "fields": {"action_time": "2023-06-14T07:20:10.461Z", "user": 131, "content_type": 49, "object_id": "212", "object_repr": "nancy", "action_flag": 3, "change_message": ""}}, {"model": "admin.logentry", "pk": 652, "fields": {"action_time": "2023-06-14T07:20:10.466Z", "user": 131, "content_type": 49, "object_id": "211", "object_repr": "nancy", "action_flag": 3, "change_message": ""}}, {"model": "admin.logentry", "pk": 653, "fields": {"action_time": "2023-06-14T07:20:10.468Z", "user": 131, "content_type": 49, "object_id": "210", "object_repr": "nancy", "action_flag": 3, "change_message": ""}}, {"model": "admin.logentry", "pk": 654, "fields": {"action_time": "2023-06-14T07:20:10.470Z", "user": 131, "content_type": 49, "object_id": "209", "object_repr": "nancy", "action_flag": 3, "change_message": ""}}, {"model": "admin.logentry", "pk": 655, "fields": {"action_time": "2023-06-14T07:20:10.471Z", "user": 131, "content_type": 49, "object_id": "208", "object_repr": "nancy", "action_flag": 3, "change_message": ""}}, {"model": "admin.logentry", "pk": 656, "fields": {"action_time": "2023-06-14T07:20:10.473Z", "user": 131, "content_type": 49, "object_id": "207", "object_repr": "nancy", "action_flag": 3, "change_message": ""}}, {"model": "admin.logentry", "pk": 657, "fields": {"action_time": "2023-06-14T07:20:10.475Z", "user": 131, "content_type": 49, "object_id": "206", "object_repr": "nancy", "action_flag": 3, "change_message": ""}}, {"model": "admin.logentry", "pk": 658, "fields": {"action_time": "2023-06-14T07:20:10.476Z", "user": 131, "content_type": 49, "object_id": "205", "object_repr": "nancy", "action_flag": 3, "change_message": ""}}, {"model": "admin.logentry", "pk": 659, "fields": {"action_time": "2023-06-14T07:20:10.477Z", "user": 131, "content_type": 49, "object_id": "204", "object_repr": "nancy", "action_flag": 3, "change_message": ""}}, {"model": "admin.logentry", "pk": 660, "fields": {"action_time": "2023-06-14T07:20:10.479Z", "user": 131, "content_type": 49, "object_id": "203", "object_repr": "nancy", "action_flag": 3, "change_message": ""}}, {"model": "admin.logentry", "pk": 661, "fields": {"action_time": "2023-06-14T07:20:10.480Z", "user": 131, "content_type": 49, "object_id": "202", "object_repr": "nancy", "action_flag": 3, "change_message": ""}}, {"model": "admin.logentry", "pk": 662, "fields": {"action_time": "2023-06-14T07:20:10.482Z", "user": 131, "content_type": 49, "object_id": "201", "object_repr": "nancy", "action_flag": 3, "change_message": ""}}, {"model": "admin.logentry", "pk": 663, "fields": {"action_time": "2023-06-14T07:20:10.483Z", "user": 131, "content_type": 49, "object_id": "200", "object_repr": "nancy", "action_flag": 3, "change_message": ""}}, {"model": "admin.logentry", "pk": 664, "fields": {"action_time": "2023-06-14T07:20:10.484Z", "user": 131, "content_type": 49, "object_id": "199", "object_repr": "nancy", "action_flag": 3, "change_message": ""}}, {"model": "admin.logentry", "pk": 665, "fields": {"action_time": "2023-06-14T07:20:10.485Z", "user": 131, "content_type": 49, "object_id": "198", "object_repr": "nancy", "action_flag": 3, "change_message": ""}}, {"model": "admin.logentry", "pk": 666, "fields": {"action_time": "2023-06-14T07:20:10.486Z", "user": 131, "content_type": 49, "object_id": "197", "object_repr": "nancy", "action_flag": 3, "change_message": ""}}, {"model": "admin.logentry", "pk": 667, "fields": {"action_time": "2023-06-14T07:20:10.487Z", "user": 131, "content_type": 49, "object_id": "196", "object_repr": "nancy", "action_flag": 3, "change_message": ""}}, {"model": "admin.logentry", "pk": 668, "fields": {"action_time": "2023-06-14T07:20:10.488Z", "user": 131, "content_type": 49, "object_id": "195", "object_repr": "nancy", "action_flag": 3, "change_message": ""}}, {"model": "admin.logentry", "pk": 669, "fields": {"action_time": "2023-06-14T07:20:10.489Z", "user": 131, "content_type": 49, "object_id": "194", "object_repr": "nancy", "action_flag": 3, "change_message": ""}}, {"model": "admin.logentry", "pk": 670, "fields": {"action_time": "2023-06-14T07:20:10.490Z", "user": 131, "content_type": 49, "object_id": "193", "object_repr": "nancy", "action_flag": 3, "change_message": ""}}, {"model": "admin.logentry", "pk": 671, "fields": {"action_time": "2023-06-14T07:20:10.491Z", "user": 131, "content_type": 49, "object_id": "192", "object_repr": "nancy", "action_flag": 3, "change_message": ""}}, {"model": "admin.logentry", "pk": 672, "fields": {"action_time": "2023-06-14T07:20:10.492Z", "user": 131, "content_type": 49, "object_id": "191", "object_repr": "nancy", "action_flag": 3, "change_message": ""}}, {"model": "admin.logentry", "pk": 673, "fields": {"action_time": "2023-06-14T07:20:10.493Z", "user": 131, "content_type": 49, "object_id": "190", "object_repr": "nancy", "action_flag": 3, "change_message": ""}}, {"model": "admin.logentry", "pk": 674, "fields": {"action_time": "2023-06-14T07:20:10.494Z", "user": 131, "content_type": 49, "object_id": "189", "object_repr": "nancy", "action_flag": 3, "change_message": ""}}, {"model": "admin.logentry", "pk": 675, "fields": {"action_time": "2023-06-14T07:20:10.495Z", "user": 131, "content_type": 49, "object_id": "188", "object_repr": "nancy", "action_flag": 3, "change_message": ""}}, {"model": "admin.logentry", "pk": 676, "fields": {"action_time": "2023-06-14T07:20:10.496Z", "user": 131, "content_type": 49, "object_id": "187", "object_repr": "nancy", "action_flag": 3, "change_message": ""}}, {"model": "admin.logentry", "pk": 677, "fields": {"action_time": "2023-06-14T07:20:10.496Z", "user": 131, "content_type": 49, "object_id": "186", "object_repr": "nancy", "action_flag": 3, "change_message": ""}}, {"model": "admin.logentry", "pk": 678, "fields": {"action_time": "2023-06-14T07:20:10.498Z", "user": 131, "content_type": 49, "object_id": "185", "object_repr": "nancy", "action_flag": 3, "change_message": ""}}, {"model": "admin.logentry", "pk": 679, "fields": {"action_time": "2023-06-14T07:20:10.499Z", "user": 131, "content_type": 49, "object_id": "184", "object_repr": "veera", "action_flag": 3, "change_message": ""}}, {"model": "admin.logentry", "pk": 680, "fields": {"action_time": "2023-06-14T07:20:10.500Z", "user": 131, "content_type": 49, "object_id": "183", "object_repr": "meera", "action_flag": 3, "change_message": ""}}, {"model": "admin.logentry", "pk": 681, "fields": {"action_time": "2023-06-14T07:20:10.501Z", "user": 131, "content_type": 49, "object_id": "182", "object_repr": "nancy", "action_flag": 3, "change_message": ""}}, {"model": "admin.logentry", "pk": 682, "fields": {"action_time": "2023-06-14T07:20:10.502Z", "user": 131, "content_type": 49, "object_id": "181", "object_repr": "nancy", "action_flag": 3, "change_message": ""}}, {"model": "admin.logentry", "pk": 683, "fields": {"action_time": "2023-06-14T07:20:10.503Z", "user": 131, "content_type": 49, "object_id": "180", "object_repr": "nancy", "action_flag": 3, "change_message": ""}}, {"model": "admin.logentry", "pk": 684, "fields": {"action_time": "2023-06-14T07:20:10.504Z", "user": 131, "content_type": 49, "object_id": "179", "object_repr": "nancy", "action_flag": 3, "change_message": ""}}, {"model": "admin.logentry", "pk": 685, "fields": {"action_time": "2023-06-14T07:20:10.505Z", "user": 131, "content_type": 49, "object_id": "178", "object_repr": "nancy", "action_flag": 3, "change_message": ""}}, {"model": "admin.logentry", "pk": 686, "fields": {"action_time": "2023-06-14T07:20:10.507Z", "user": 131, "content_type": 49, "object_id": "177", "object_repr": "nancy", "action_flag": 3, "change_message": ""}}, {"model": "admin.logentry", "pk": 687, "fields": {"action_time": "2023-06-14T07:20:10.508Z", "user": 131, "content_type": 49, "object_id": "176", "object_repr": "nancy", "action_flag": 3, "change_message": ""}}, {"model": "admin.logentry", "pk": 688, "fields": {"action_time": "2023-06-14T07:20:10.509Z", "user": 131, "content_type": 49, "object_id": "175", "object_repr": "nancy", "action_flag": 3, "change_message": ""}}, {"model": "admin.logentry", "pk": 689, "fields": {"action_time": "2023-06-14T07:20:10.510Z", "user": 131, "content_type": 49, "object_id": "174", "object_repr": "nancy", "action_flag": 3, "change_message": ""}}, {"model": "admin.logentry", "pk": 690, "fields": {"action_time": "2023-06-14T07:20:10.511Z", "user": 131, "content_type": 49, "object_id": "173", "object_repr": "nancy", "action_flag": 3, "change_message": ""}}, {"model": "admin.logentry", "pk": 691, "fields": {"action_time": "2023-06-14T07:20:10.512Z", "user": 131, "content_type": 49, "object_id": "172", "object_repr": "nancy", "action_flag": 3, "change_message": ""}}, {"model": "admin.logentry", "pk": 692, "fields": {"action_time": "2023-06-14T07:20:10.513Z", "user": 131, "content_type": 49, "object_id": "171", "object_repr": "nancy", "action_flag": 3, "change_message": ""}}, {"model": "admin.logentry", "pk": 693, "fields": {"action_time": "2023-06-14T08:37:29.476Z", "user": 131, "content_type": 83, "object_id": "431", "object_repr": "FirebaseFcm object (431)", "action_flag": 3, "change_message": ""}}, {"model": "admin.logentry", "pk": 694, "fields": {"action_time": "2023-06-14T08:37:29.479Z", "user": 131, "content_type": 83, "object_id": "430", "object_repr": "FirebaseFcm object (430)", "action_flag": 3, "change_message": ""}}, {"model": "admin.logentry", "pk": 695, "fields": {"action_time": "2023-06-14T08:37:29.480Z", "user": 131, "content_type": 83, "object_id": "429", "object_repr": "FirebaseFcm object (429)", "action_flag": 3, "change_message": ""}}, {"model": "admin.logentry", "pk": 696, "fields": {"action_time": "2023-06-14T08:37:29.481Z", "user": 131, "content_type": 83, "object_id": "428", "object_repr": "FirebaseFcm object (428)", "action_flag": 3, "change_message": ""}}, {"model": "admin.logentry", "pk": 697, "fields": {"action_time": "2023-06-14T08:37:29.482Z", "user": 131, "content_type": 83, "object_id": "427", "object_repr": "FirebaseFcm object (427)", "action_flag": 3, "change_message": ""}}, {"model": "admin.logentry", "pk": 698, "fields": {"action_time": "2023-06-14T08:37:29.483Z", "user": 131, "content_type": 83, "object_id": "426", "object_repr": "FirebaseFcm object (426)", "action_flag": 3, "change_message": ""}}, {"model": "admin.logentry", "pk": 699, "fields": {"action_time": "2023-06-14T09:30:20.634Z", "user": 131, "content_type": 83, "object_id": "454", "object_repr": "FirebaseFcm object (454)", "action_flag": 3, "change_message": ""}}, {"model": "admin.logentry", "pk": 700, "fields": {"action_time": "2023-06-14T09:30:20.637Z", "user": 131, "content_type": 83, "object_id": "448", "object_repr": "FirebaseFcm object (448)", "action_flag": 3, "change_message": ""}}, {"model": "admin.logentry", "pk": 701, "fields": {"action_time": "2023-06-14T09:30:20.638Z", "user": 131, "content_type": 83, "object_id": "446", "object_repr": "FirebaseFcm object (446)", "action_flag": 3, "change_message": ""}}, {"model": "admin.logentry", "pk": 702, "fields": {"action_time": "2023-06-14T09:30:20.640Z", "user": 131, "content_type": 83, "object_id": "445", "object_repr": "FirebaseFcm object (445)", "action_flag": 3, "change_message": ""}}, {"model": "admin.logentry", "pk": 703, "fields": {"action_time": "2023-06-14T09:30:20.641Z", "user": 131, "content_type": 83, "object_id": "444", "object_repr": "FirebaseFcm object (444)", "action_flag": 3, "change_message": ""}}, {"model": "admin.logentry", "pk": 704, "fields": {"action_time": "2023-06-14T09:30:20.642Z", "user": 131, "content_type": 83, "object_id": "443", "object_repr": "FirebaseFcm object (443)", "action_flag": 3, "change_message": ""}}, {"model": "admin.logentry", "pk": 705, "fields": {"action_time": "2023-06-14T09:30:20.644Z", "user": 131, "content_type": 83, "object_id": "441", "object_repr": "FirebaseFcm object (441)", "action_flag": 3, "change_message": ""}}, {"model": "admin.logentry", "pk": 706, "fields": {"action_time": "2023-06-15T08:23:12.383Z", "user": 131, "content_type": 85, "object_id": "66", "object_repr": "PurchasedMembership object (66)", "action_flag": 2, "change_message": "[{\"changed\": {\"fields\": [\"Is paid\"]}}]"}}, {"model": "admin.logentry", "pk": 707, "fields": {"action_time": "2023-06-15T08:30:28.485Z", "user": 131, "content_type": 85, "object_id": "66", "object_repr": "PurchasedMembership object (66)", "action_flag": 2, "change_message": "[{\"changed\": {\"fields\": [\"Is paid\"]}}]"}}, {"model": "admin.logentry", "pk": 708, "fields": {"action_time": "2023-06-15T14:22:11.984Z", "user": 131, "content_type": 83, "object_id": "487", "object_repr": "FirebaseFcm object (487)", "action_flag": 3, "change_message": ""}}, {"model": "admin.logentry", "pk": 709, "fields": {"action_time": "2023-06-15T14:22:11.987Z", "user": 131, "content_type": 83, "object_id": "484", "object_repr": "FirebaseFcm object (484)", "action_flag": 3, "change_message": ""}}, {"model": "admin.logentry", "pk": 710, "fields": {"action_time": "2023-06-15T14:22:11.989Z", "user": 131, "content_type": 83, "object_id": "478", "object_repr": "FirebaseFcm object (478)", "action_flag": 3, "change_message": ""}}, {"model": "admin.logentry", "pk": 711, "fields": {"action_time": "2023-06-15T14:22:11.990Z", "user": 131, "content_type": 83, "object_id": "465", "object_repr": "FirebaseFcm object (465)", "action_flag": 3, "change_message": ""}}, {"model": "admin.logentry", "pk": 712, "fields": {"action_time": "2023-06-15T14:22:11.991Z", "user": 131, "content_type": 83, "object_id": "461", "object_repr": "FirebaseFcm object (461)", "action_flag": 3, "change_message": ""}}, {"model": "admin.logentry", "pk": 713, "fields": {"action_time": "2023-06-15T14:22:11.992Z", "user": 131, "content_type": 83, "object_id": "460", "object_repr": "FirebaseFcm object (460)", "action_flag": 3, "change_message": ""}}, {"model": "admin.logentry", "pk": 714, "fields": {"action_time": "2023-06-15T14:22:57.065Z", "user": 131, "content_type": 83, "object_id": "488", "object_repr": "FirebaseFcm object (488)", "action_flag": 3, "change_message": ""}}, {"model": "admin.logentry", "pk": 715, "fields": {"action_time": "2023-06-16T16:43:57.447Z", "user": 131, "content_type": 83, "object_id": "492", "object_repr": "FirebaseFcm object (492)", "action_flag": 3, "change_message": ""}}, {"model": "admin.logentry", "pk": 716, "fields": {"action_time": "2023-06-16T16:43:57.453Z", "user": 131, "content_type": 83, "object_id": "491", "object_repr": "FirebaseFcm object (491)", "action_flag": 3, "change_message": ""}}, {"model": "admin.logentry", "pk": 717, "fields": {"action_time": "2023-06-17T09:53:38.668Z", "user": 2, "content_type": 84, "object_id": "1", "object_repr": "Little One", "action_flag": 2, "change_message": "[{\"changed\": {\"fields\": [\"Membership amount\"]}}]"}}, {"model": "admin.logentry", "pk": 718, "fields": {"action_time": "2023-06-17T11:15:19.660Z", "user": 2, "content_type": 79, "object_id": "17", "object_repr": "Banner object (17)", "action_flag": 1, "change_message": "[{\"added\": {}}]"}}, {"model": "admin.logentry", "pk": 719, "fields": {"action_time": "2023-06-17T11:15:29.456Z", "user": 2, "content_type": 79, "object_id": "17", "object_repr": "Banner object (17)", "action_flag": 2, "change_message": "[]"}}, {"model": "admin.logentry", "pk": 720, "fields": {"action_time": "2023-06-17T11:16:06.129Z", "user": 2, "content_type": 79, "object_id": "17", "object_repr": "Banner object (17)", "action_flag": 3, "change_message": ""}}, {"model": "admin.logentry", "pk": 721, "fields": {"action_time": "2023-06-20T15:35:55.459Z", "user": 131, "content_type": 83, "object_id": "496", "object_repr": "FirebaseFcm object (496)", "action_flag": 3, "change_message": ""}}, {"model": "admin.logentry", "pk": 722, "fields": {"action_time": "2023-06-20T15:35:55.465Z", "user": 131, "content_type": 83, "object_id": "495", "object_repr": "FirebaseFcm object (495)", "action_flag": 3, "change_message": ""}}, {"model": "admin.logentry", "pk": 723, "fields": {"action_time": "2023-06-20T15:35:55.468Z", "user": 131, "content_type": 83, "object_id": "494", "object_repr": "FirebaseFcm object (494)", "action_flag": 3, "change_message": ""}}, {"model": "admin.logentry", "pk": 724, "fields": {"action_time": "2023-06-20T15:35:55.470Z", "user": 131, "content_type": 83, "object_id": "493", "object_repr": "FirebaseFcm object (493)", "action_flag": 3, "change_message": ""}}, {"model": "admin.logentry", "pk": 725, "fields": {"action_time": "2023-06-22T16:12:12.780Z", "user": 131, "content_type": 83, "object_id": "515", "object_repr": "FirebaseFcm object (515)", "action_flag": 3, "change_message": ""}}, {"model": "admin.logentry", "pk": 726, "fields": {"action_time": "2023-06-22T16:12:26.721Z", "user": 131, "content_type": 83, "object_id": "514", "object_repr": "FirebaseFcm object (514)", "action_flag": 3, "change_message": ""}}, {"model": "admin.logentry", "pk": 727, "fields": {"action_time": "2023-06-22T16:12:26.724Z", "user": 131, "content_type": 83, "object_id": "512", "object_repr": "FirebaseFcm object (512)", "action_flag": 3, "change_message": ""}}, {"model": "admin.logentry", "pk": 728, "fields": {"action_time": "2023-06-22T16:12:26.726Z", "user": 131, "content_type": 83, "object_id": "505", "object_repr": "FirebaseFcm object (505)", "action_flag": 3, "change_message": ""}}, {"model": "admin.logentry", "pk": 729, "fields": {"action_time": "2023-06-22T16:12:26.727Z", "user": 131, "content_type": 83, "object_id": "504", "object_repr": "FirebaseFcm object (504)", "action_flag": 3, "change_message": ""}}, {"model": "admin.logentry", "pk": 730, "fields": {"action_time": "2023-06-22T16:12:26.728Z", "user": 131, "content_type": 83, "object_id": "502", "object_repr": "FirebaseFcm object (502)", "action_flag": 3, "change_message": ""}}, {"model": "admin.logentry", "pk": 731, "fields": {"action_time": "2023-06-22T16:12:26.729Z", "user": 131, "content_type": 83, "object_id": "501", "object_repr": "FirebaseFcm object (501)", "action_flag": 3, "change_message": ""}}, {"model": "admin.logentry", "pk": 732, "fields": {"action_time": "2023-06-22T16:12:26.730Z", "user": 131, "content_type": 83, "object_id": "499", "object_repr": "FirebaseFcm object (499)", "action_flag": 3, "change_message": ""}}, {"model": "admin.logentry", "pk": 733, "fields": {"action_time": "2023-06-22T16:12:26.731Z", "user": 131, "content_type": 83, "object_id": "498", "object_repr": "FirebaseFcm object (498)", "action_flag": 3, "change_message": ""}}, {"model": "admin.logentry", "pk": 734, "fields": {"action_time": "2023-06-22T16:27:56.684Z", "user": 131, "content_type": 83, "object_id": "517", "object_repr": "FirebaseFcm object (517)", "action_flag": 3, "change_message": ""}}, {"model": "admin.logentry", "pk": 735, "fields": {"action_time": "2023-06-23T05:31:15.875Z", "user": 2, "content_type": 6, "object_id": "180", "object_repr": "Admin@shebirth.in", "action_flag": 1, "change_message": "[{\"added\": {}}]"}}, {"model": "admin.logentry", "pk": 736, "fields": {"action_time": "2023-06-23T05:33:50.797Z", "user": 2, "content_type": 6, "object_id": "180", "object_repr": "Admin@shebirth.in", "action_flag": 2, "change_message": "[{\"changed\": {\"fields\": [\"Is staff\"]}}]"}}, {"model": "auth.permission", "pk": 1, "fields": {"name": "Can add log entry", "content_type": 1, "codename": "add_logentry"}}, {"model": "auth.permission", "pk": 2, "fields": {"name": "Can change log entry", "content_type": 1, "codename": "change_logentry"}}, {"model": "auth.permission", "pk": 3, "fields": {"name": "Can delete log entry", "content_type": 1, "codename": "delete_logentry"}}, {"model": "auth.permission", "pk": 4, "fields": {"name": "Can view log entry", "content_type": 1, "codename": "view_logentry"}}, {"model": "auth.permission", "pk": 5, "fields": {"name": "Can add permission", "content_type": 2, "codename": "add_permission"}}, {"model": "auth.permission", "pk": 6, "fields": {"name": "Can change permission", "content_type": 2, "codename": "change_permission"}}, {"model": "auth.permission", "pk": 7, "fields": {"name": "Can delete permission", "content_type": 2, "codename": "delete_permission"}}, {"model": "auth.permission", "pk": 8, "fields": {"name": "Can view permission", "content_type": 2, "codename": "view_permission"}}, {"model": "auth.permission", "pk": 9, "fields": {"name": "Can add group", "content_type": 3, "codename": "add_group"}}, {"model": "auth.permission", "pk": 10, "fields": {"name": "Can change group", "content_type": 3, "codename": "change_group"}}, {"model": "auth.permission", "pk": 11, "fields": {"name": "Can delete group", "content_type": 3, "codename": "delete_group"}}, {"model": "auth.permission", "pk": 12, "fields": {"name": "Can view group", "content_type": 3, "codename": "view_group"}}, {"model": "auth.permission", "pk": 13, "fields": {"name": "Can add content type", "content_type": 4, "codename": "add_contenttype"}}, {"model": "auth.permission", "pk": 14, "fields": {"name": "Can change content type", "content_type": 4, "codename": "change_contenttype"}}, {"model": "auth.permission", "pk": 15, "fields": {"name": "Can delete content type", "content_type": 4, "codename": "delete_contenttype"}}, {"model": "auth.permission", "pk": 16, "fields": {"name": "Can view content type", "content_type": 4, "codename": "view_contenttype"}}, {"model": "auth.permission", "pk": 17, "fields": {"name": "Can add session", "content_type": 5, "codename": "add_session"}}, {"model": "auth.permission", "pk": 18, "fields": {"name": "Can change session", "content_type": 5, "codename": "change_session"}}, {"model": "auth.permission", "pk": 19, "fields": {"name": "Can delete session", "content_type": 5, "codename": "delete_session"}}, {"model": "auth.permission", "pk": 20, "fields": {"name": "Can view session", "content_type": 5, "codename": "view_session"}}, {"model": "auth.permission", "pk": 21, "fields": {"name": "Can add user", "content_type": 6, "codename": "add_user"}}, {"model": "auth.permission", "pk": 22, "fields": {"name": "Can change user", "content_type": 6, "codename": "change_user"}}, {"model": "auth.permission", "pk": 23, "fields": {"name": "Can delete user", "content_type": 6, "codename": "delete_user"}}, {"model": "auth.permission", "pk": 24, "fields": {"name": "Can view user", "content_type": 6, "codename": "view_user"}}, {"model": "auth.permission", "pk": 25, "fields": {"name": "Can add doctor details", "content_type": 7, "codename": "add_doctordetails"}}, {"model": "auth.permission", "pk": 26, "fields": {"name": "Can change doctor details", "content_type": 7, "codename": "change_doctordetails"}}, {"model": "auth.permission", "pk": 27, "fields": {"name": "Can delete doctor details", "content_type": 7, "codename": "delete_doctordetails"}}, {"model": "auth.permission", "pk": 28, "fields": {"name": "Can view doctor details", "content_type": 7, "codename": "view_doctordetails"}}, {"model": "auth.permission", "pk": 29, "fields": {"name": "Can add customer details", "content_type": 8, "codename": "add_customerdetails"}}, {"model": "auth.permission", "pk": 30, "fields": {"name": "Can change customer details", "content_type": 8, "codename": "change_customerdetails"}}, {"model": "auth.permission", "pk": 31, "fields": {"name": "Can delete customer details", "content_type": 8, "codename": "delete_customerdetails"}}, {"model": "auth.permission", "pk": 32, "fields": {"name": "Can view customer details", "content_type": 8, "codename": "view_customerdetails"}}, {"model": "auth.permission", "pk": 33, "fields": {"name": "Can add sales team details", "content_type": 9, "codename": "add_salesteamdetails"}}, {"model": "auth.permission", "pk": 34, "fields": {"name": "Can change sales team details", "content_type": 9, "codename": "change_salesteamdetails"}}, {"model": "auth.permission", "pk": 35, "fields": {"name": "Can delete sales team details", "content_type": 9, "codename": "delete_salesteamdetails"}}, {"model": "auth.permission", "pk": 36, "fields": {"name": "Can view sales team details", "content_type": 9, "codename": "view_salesteamdetails"}}, {"model": "auth.permission", "pk": 37, "fields": {"name": "Can add consultant info", "content_type": 10, "codename": "add_consultantinfo"}}, {"model": "auth.permission", "pk": 38, "fields": {"name": "Can change consultant info", "content_type": 10, "codename": "change_consultantinfo"}}, {"model": "auth.permission", "pk": 39, "fields": {"name": "Can delete consultant info", "content_type": 10, "codename": "delete_consultantinfo"}}, {"model": "auth.permission", "pk": 40, "fields": {"name": "Can view consultant info", "content_type": 10, "codename": "view_consultantinfo"}}, {"model": "auth.permission", "pk": 41, "fields": {"name": "Can add hospital manager details", "content_type": 11, "codename": "add_hospitalmanagerdetails"}}, {"model": "auth.permission", "pk": 42, "fields": {"name": "Can change hospital manager details", "content_type": 11, "codename": "change_hospitalmanagerdetails"}}, {"model": "auth.permission", "pk": 43, "fields": {"name": "Can delete hospital manager details", "content_type": 11, "codename": "delete_hospitalmanagerdetails"}}, {"model": "auth.permission", "pk": 44, "fields": {"name": "Can view hospital manager details", "content_type": 11, "codename": "view_hospitalmanagerdetails"}}, {"model": "auth.permission", "pk": 45, "fields": {"name": "Can add otp", "content_type": 12, "codename": "add_otp"}}, {"model": "auth.permission", "pk": 46, "fields": {"name": "Can change otp", "content_type": 12, "codename": "change_otp"}}, {"model": "auth.permission", "pk": 47, "fields": {"name": "Can delete otp", "content_type": 12, "codename": "delete_otp"}}, {"model": "auth.permission", "pk": 48, "fields": {"name": "Can view otp", "content_type": 12, "codename": "view_otp"}}, {"model": "auth.permission", "pk": 49, "fields": {"name": "Can add activity main module", "content_type": 13, "codename": "add_activitymainmodule"}}, {"model": "auth.permission", "pk": 50, "fields": {"name": "Can change activity main module", "content_type": 13, "codename": "change_activitymainmodule"}}, {"model": "auth.permission", "pk": 51, "fields": {"name": "Can delete activity main module", "content_type": 13, "codename": "delete_activitymainmodule"}}, {"model": "auth.permission", "pk": 52, "fields": {"name": "Can view activity main module", "content_type": 13, "codename": "view_activitymainmodule"}}, {"model": "auth.permission", "pk": 53, "fields": {"name": "Can add Activity Sub modules", "content_type": 14, "codename": "add_activitysubmodules"}}, {"model": "auth.permission", "pk": 54, "fields": {"name": "Can change Activity Sub modules", "content_type": 14, "codename": "change_activitysubmodules"}}, {"model": "auth.permission", "pk": 55, "fields": {"name": "Can delete Activity Sub modules", "content_type": 14, "codename": "delete_activitysubmodules"}}, {"model": "auth.permission", "pk": 56, "fields": {"name": "Can view Activity Sub modules", "content_type": 14, "codename": "view_activitysubmodules"}}, {"model": "auth.permission", "pk": 57, "fields": {"name": "Can add Client Login Foetal Image", "content_type": 15, "codename": "add_babypics"}}, {"model": "auth.permission", "pk": 58, "fields": {"name": "Can change Client Login Foetal Image", "content_type": 15, "codename": "change_babypics"}}, {"model": "auth.permission", "pk": 59, "fields": {"name": "Can delete Client Login Foetal Image", "content_type": 15, "codename": "delete_babypics"}}, {"model": "auth.permission", "pk": 60, "fields": {"name": "Can view Client Login Foetal Image", "content_type": 15, "codename": "view_babypics"}}, {"model": "auth.permission", "pk": 61, "fields": {"name": "Can add custom symptoms", "content_type": 16, "codename": "add_customsymptoms"}}, {"model": "auth.permission", "pk": 62, "fields": {"name": "Can change custom symptoms", "content_type": 16, "codename": "change_customsymptoms"}}, {"model": "auth.permission", "pk": 63, "fields": {"name": "Can delete custom symptoms", "content_type": 16, "codename": "delete_customsymptoms"}}, {"model": "auth.permission", "pk": 64, "fields": {"name": "Can view custom symptoms", "content_type": 16, "codename": "view_customsymptoms"}}, {"model": "auth.permission", "pk": 65, "fields": {"name": "Can add daily tracker module", "content_type": 17, "codename": "add_dailytrackermodule"}}, {"model": "auth.permission", "pk": 66, "fields": {"name": "Can change daily tracker module", "content_type": 17, "codename": "change_dailytrackermodule"}}, {"model": "auth.permission", "pk": 67, "fields": {"name": "Can delete daily tracker module", "content_type": 17, "codename": "delete_dailytrackermodule"}}, {"model": "auth.permission", "pk": 68, "fields": {"name": "Can view daily tracker module", "content_type": 17, "codename": "view_dailytrackermodule"}}, {"model": "auth.permission", "pk": 69, "fields": {"name": "Can add Meal (Manual)", "content_type": 18, "codename": "add_meal"}}, {"model": "auth.permission", "pk": 70, "fields": {"name": "Can change Meal (Manual)", "content_type": 18, "codename": "change_meal"}}, {"model": "auth.permission", "pk": 71, "fields": {"name": "Can delete Meal (Manual)", "content_type": 18, "codename": "delete_meal"}}, {"model": "auth.permission", "pk": 72, "fields": {"name": "Can view Meal (Manual)", "content_type": 18, "codename": "view_meal"}}, {"model": "auth.permission", "pk": 73, "fields": {"name": "Can add Medicine time(manual)", "content_type": 19, "codename": "add_medicinetime"}}, {"model": "auth.permission", "pk": 74, "fields": {"name": "Can change Medicine time(manual)", "content_type": 19, "codename": "change_medicinetime"}}, {"model": "auth.permission", "pk": 75, "fields": {"name": "Can delete Medicine time(manual)", "content_type": 19, "codename": "delete_medicinetime"}}, {"model": "auth.permission", "pk": 76, "fields": {"name": "Can view Medicine time(manual)", "content_type": 19, "codename": "view_medicinetime"}}, {"model": "auth.permission", "pk": 77, "fields": {"name": "Can add Pain Scale (manual)", "content_type": 20, "codename": "add_painscale"}}, {"model": "auth.permission", "pk": 78, "fields": {"name": "Can change Pain Scale (manual)", "content_type": 20, "codename": "change_painscale"}}, {"model": "auth.permission", "pk": 79, "fields": {"name": "Can delete Pain Scale (manual)", "content_type": 20, "codename": "delete_painscale"}}, {"model": "auth.permission", "pk": 80, "fields": {"name": "Can view Pain Scale (manual)", "content_type": 20, "codename": "view_painscale"}}, {"model": "auth.permission", "pk": 81, "fields": {"name": "Can add symptoms category", "content_type": 21, "codename": "add_symptomscategory"}}, {"model": "auth.permission", "pk": 82, "fields": {"name": "Can change symptoms category", "content_type": 21, "codename": "change_symptomscategory"}}, {"model": "auth.permission", "pk": 83, "fields": {"name": "Can delete symptoms category", "content_type": 21, "codename": "delete_symptomscategory"}}, {"model": "auth.permission", "pk": 84, "fields": {"name": "Can view symptoms category", "content_type": 21, "codename": "view_symptomscategory"}}, {"model": "auth.permission", "pk": 85, "fields": {"name": "Can add symptoms", "content_type": 22, "codename": "add_symptoms"}}, {"model": "auth.permission", "pk": 86, "fields": {"name": "Can change symptoms", "content_type": 22, "codename": "change_symptoms"}}, {"model": "auth.permission", "pk": 87, "fields": {"name": "Can delete symptoms", "content_type": 22, "codename": "delete_symptoms"}}, {"model": "auth.permission", "pk": 88, "fields": {"name": "Can view symptoms", "content_type": 22, "codename": "view_symptoms"}}, {"model": "auth.permission", "pk": 89, "fields": {"name": "Can add positive symptoms", "content_type": 23, "codename": "add_positivesymptoms"}}, {"model": "auth.permission", "pk": 90, "fields": {"name": "Can change positive symptoms", "content_type": 23, "codename": "change_positivesymptoms"}}, {"model": "auth.permission", "pk": 91, "fields": {"name": "Can delete positive symptoms", "content_type": 23, "codename": "delete_positivesymptoms"}}, {"model": "auth.permission", "pk": 92, "fields": {"name": "Can view positive symptoms", "content_type": 23, "codename": "view_positivesymptoms"}}, {"model": "auth.permission", "pk": 93, "fields": {"name": "Can add positive custom symptoms", "content_type": 24, "codename": "add_positivecustomsymptoms"}}, {"model": "auth.permission", "pk": 94, "fields": {"name": "Can change positive custom symptoms", "content_type": 24, "codename": "change_positivecustomsymptoms"}}, {"model": "auth.permission", "pk": 95, "fields": {"name": "Can delete positive custom symptoms", "content_type": 24, "codename": "delete_positivecustomsymptoms"}}, {"model": "auth.permission", "pk": 96, "fields": {"name": "Can view positive custom symptoms", "content_type": 24, "codename": "view_positivecustomsymptoms"}}, {"model": "auth.permission", "pk": 97, "fields": {"name": "Can add medicines", "content_type": 25, "codename": "add_medicines"}}, {"model": "auth.permission", "pk": 98, "fields": {"name": "Can change medicines", "content_type": 25, "codename": "change_medicines"}}, {"model": "auth.permission", "pk": 99, "fields": {"name": "Can delete medicines", "content_type": 25, "codename": "delete_medicines"}}, {"model": "auth.permission", "pk": 100, "fields": {"name": "Can view medicines", "content_type": 25, "codename": "view_medicines"}}, {"model": "auth.permission", "pk": 101, "fields": {"name": "Can add last update date", "content_type": 26, "codename": "add_lastupdatedate"}}, {"model": "auth.permission", "pk": 102, "fields": {"name": "Can change last update date", "content_type": 26, "codename": "change_lastupdatedate"}}, {"model": "auth.permission", "pk": 103, "fields": {"name": "Can delete last update date", "content_type": 26, "codename": "delete_lastupdatedate"}}, {"model": "auth.permission", "pk": 104, "fields": {"name": "Can view last update date", "content_type": 26, "codename": "view_lastupdatedate"}}, {"model": "auth.permission", "pk": 105, "fields": {"name": "Can add exercise videos", "content_type": 27, "codename": "add_exercisevideos"}}, {"model": "auth.permission", "pk": 106, "fields": {"name": "Can change exercise videos", "content_type": 27, "codename": "change_exercisevideos"}}, {"model": "auth.permission", "pk": 107, "fields": {"name": "Can delete exercise videos", "content_type": 27, "codename": "delete_exercisevideos"}}, {"model": "auth.permission", "pk": 108, "fields": {"name": "Can view exercise videos", "content_type": 27, "codename": "view_exercisevideos"}}, {"model": "auth.permission", "pk": 109, "fields": {"name": "Can add exercises", "content_type": 28, "codename": "add_exercises"}}, {"model": "auth.permission", "pk": 110, "fields": {"name": "Can change exercises", "content_type": 28, "codename": "change_exercises"}}, {"model": "auth.permission", "pk": 111, "fields": {"name": "Can delete exercises", "content_type": 28, "codename": "delete_exercises"}}, {"model": "auth.permission", "pk": 112, "fields": {"name": "Can view exercises", "content_type": 28, "codename": "view_exercises"}}, {"model": "auth.permission", "pk": 113, "fields": {"name": "Can add exercise consent", "content_type": 29, "codename": "add_exerciseconsent"}}, {"model": "auth.permission", "pk": 114, "fields": {"name": "Can change exercise consent", "content_type": 29, "codename": "change_exerciseconsent"}}, {"model": "auth.permission", "pk": 115, "fields": {"name": "Can delete exercise consent", "content_type": 29, "codename": "delete_exerciseconsent"}}, {"model": "auth.permission", "pk": 116, "fields": {"name": "Can view exercise consent", "content_type": 29, "codename": "view_exerciseconsent"}}, {"model": "auth.permission", "pk": 117, "fields": {"name": "Can add custom exercises", "content_type": 30, "codename": "add_customexercises"}}, {"model": "auth.permission", "pk": 118, "fields": {"name": "Can change custom exercises", "content_type": 30, "codename": "change_customexercises"}}, {"model": "auth.permission", "pk": 119, "fields": {"name": "Can delete custom exercises", "content_type": 30, "codename": "delete_customexercises"}}, {"model": "auth.permission", "pk": 120, "fields": {"name": "Can view custom exercises", "content_type": 30, "codename": "view_customexercises"}}, {"model": "auth.permission", "pk": 121, "fields": {"name": "Can add custom activity", "content_type": 31, "codename": "add_customactivity"}}, {"model": "auth.permission", "pk": 122, "fields": {"name": "Can change custom activity", "content_type": 31, "codename": "change_customactivity"}}, {"model": "auth.permission", "pk": 123, "fields": {"name": "Can delete custom activity", "content_type": 31, "codename": "delete_customactivity"}}, {"model": "auth.permission", "pk": 124, "fields": {"name": "Can view custom activity", "content_type": 31, "codename": "view_customactivity"}}, {"model": "auth.permission", "pk": 125, "fields": {"name": "Can add contraction", "content_type": 32, "codename": "add_contraction"}}, {"model": "auth.permission", "pk": 126, "fields": {"name": "Can change contraction", "content_type": 32, "codename": "change_contraction"}}, {"model": "auth.permission", "pk": 127, "fields": {"name": "Can delete contraction", "content_type": 32, "codename": "delete_contraction"}}, {"model": "auth.permission", "pk": 128, "fields": {"name": "Can view contraction", "content_type": 32, "codename": "view_contraction"}}, {"model": "auth.permission", "pk": 129, "fields": {"name": "Can add completed exercises", "content_type": 33, "codename": "add_completedexercises"}}, {"model": "auth.permission", "pk": 130, "fields": {"name": "Can change completed exercises", "content_type": 33, "codename": "change_completedexercises"}}, {"model": "auth.permission", "pk": 131, "fields": {"name": "Can delete completed exercises", "content_type": 33, "codename": "delete_completedexercises"}}, {"model": "auth.permission", "pk": 132, "fields": {"name": "Can view completed exercises", "content_type": 33, "codename": "view_completedexercises"}}, {"model": "auth.permission", "pk": 133, "fields": {"name": "Can add completed custom activity", "content_type": 34, "codename": "add_completedcustomactivity"}}, {"model": "auth.permission", "pk": 134, "fields": {"name": "Can change completed custom activity", "content_type": 34, "codename": "change_completedcustomactivity"}}, {"model": "auth.permission", "pk": 135, "fields": {"name": "Can delete completed custom activity", "content_type": 34, "codename": "delete_completedcustomactivity"}}, {"model": "auth.permission", "pk": 136, "fields": {"name": "Can view completed custom activity", "content_type": 34, "codename": "view_completedcustomactivity"}}, {"model": "auth.permission", "pk": 137, "fields": {"name": "Can add calories burnt", "content_type": 35, "codename": "add_caloriesburnt"}}, {"model": "auth.permission", "pk": 138, "fields": {"name": "Can change calories burnt", "content_type": 35, "codename": "change_caloriesburnt"}}, {"model": "auth.permission", "pk": 139, "fields": {"name": "Can delete calories burnt", "content_type": 35, "codename": "delete_caloriesburnt"}}, {"model": "auth.permission", "pk": 140, "fields": {"name": "Can view calories burnt", "content_type": 35, "codename": "view_caloriesburnt"}}, {"model": "auth.permission", "pk": 141, "fields": {"name": "Can add taken medicine", "content_type": 36, "codename": "add_takenmedicine"}}, {"model": "auth.permission", "pk": 142, "fields": {"name": "Can change taken medicine", "content_type": 36, "codename": "change_takenmedicine"}}, {"model": "auth.permission", "pk": 143, "fields": {"name": "Can delete taken medicine", "content_type": 36, "codename": "delete_takenmedicine"}}, {"model": "auth.permission", "pk": 144, "fields": {"name": "Can view taken medicine", "content_type": 36, "codename": "view_takenmedicine"}}, {"model": "auth.permission", "pk": 145, "fields": {"name": "Can add symptoms input", "content_type": 37, "codename": "add_symptomsinput"}}, {"model": "auth.permission", "pk": 146, "fields": {"name": "Can change symptoms input", "content_type": 37, "codename": "change_symptomsinput"}}, {"model": "auth.permission", "pk": 147, "fields": {"name": "Can delete symptoms input", "content_type": 37, "codename": "delete_symptomsinput"}}, {"model": "auth.permission", "pk": 148, "fields": {"name": "Can view symptoms input", "content_type": 37, "codename": "view_symptomsinput"}}, {"model": "auth.permission", "pk": 149, "fields": {"name": "Can add diet tracker", "content_type": 38, "codename": "add_diettracker"}}, {"model": "auth.permission", "pk": 150, "fields": {"name": "Can change diet tracker", "content_type": 38, "codename": "change_diettracker"}}, {"model": "auth.permission", "pk": 151, "fields": {"name": "Can delete diet tracker", "content_type": 38, "codename": "delete_diettracker"}}, {"model": "auth.permission", "pk": 152, "fields": {"name": "Can view diet tracker", "content_type": 38, "codename": "view_diettracker"}}, {"model": "auth.permission", "pk": 153, "fields": {"name": "Can add completed custome exercises", "content_type": 39, "codename": "add_completedcustomeexercises"}}, {"model": "auth.permission", "pk": 154, "fields": {"name": "Can change completed custome exercises", "content_type": 39, "codename": "change_completedcustomeexercises"}}, {"model": "auth.permission", "pk": 155, "fields": {"name": "Can delete completed custome exercises", "content_type": 39, "codename": "delete_completedcustomeexercises"}}, {"model": "auth.permission", "pk": 156, "fields": {"name": "Can view completed custome exercises", "content_type": 39, "codename": "view_completedcustomeexercises"}}, {"model": "auth.permission", "pk": 157, "fields": {"name": "Can add completed activity", "content_type": 40, "codename": "add_completedactivity"}}, {"model": "auth.permission", "pk": 158, "fields": {"name": "Can change completed activity", "content_type": 40, "codename": "change_completedactivity"}}, {"model": "auth.permission", "pk": 159, "fields": {"name": "Can delete completed activity", "content_type": 40, "codename": "delete_completedactivity"}}, {"model": "auth.permission", "pk": 160, "fields": {"name": "Can view completed activity", "content_type": 40, "codename": "view_completedactivity"}}, {"model": "auth.permission", "pk": 161, "fields": {"name": "Can add medical", "content_type": 41, "codename": "add_medical"}}, {"model": "auth.permission", "pk": 162, "fields": {"name": "Can change medical", "content_type": 41, "codename": "change_medical"}}, {"model": "auth.permission", "pk": 163, "fields": {"name": "Can delete medical", "content_type": 41, "codename": "delete_medical"}}, {"model": "auth.permission", "pk": 164, "fields": {"name": "Can view medical", "content_type": 41, "codename": "view_medical"}}, {"model": "auth.permission", "pk": 165, "fields": {"name": "Can add Learnit module", "content_type": 42, "codename": "add_modules"}}, {"model": "auth.permission", "pk": 166, "fields": {"name": "Can change Learnit module", "content_type": 42, "codename": "change_modules"}}, {"model": "auth.permission", "pk": 167, "fields": {"name": "Can delete Learnit module", "content_type": 42, "codename": "delete_modules"}}, {"model": "auth.permission", "pk": 168, "fields": {"name": "Can view Learnit module", "content_type": 42, "codename": "view_modules"}}, {"model": "auth.permission", "pk": 169, "fields": {"name": "Can add stage", "content_type": 43, "codename": "add_stage"}}, {"model": "auth.permission", "pk": 170, "fields": {"name": "Can change stage", "content_type": 43, "codename": "change_stage"}}, {"model": "auth.permission", "pk": 171, "fields": {"name": "Can delete stage", "content_type": 43, "codename": "delete_stage"}}, {"model": "auth.permission", "pk": 172, "fields": {"name": "Can view stage", "content_type": 43, "codename": "view_stage"}}, {"model": "auth.permission", "pk": 173, "fields": {"name": "Can add videos", "content_type": 44, "codename": "add_videos"}}, {"model": "auth.permission", "pk": 174, "fields": {"name": "Can change videos", "content_type": 44, "codename": "change_videos"}}, {"model": "auth.permission", "pk": 175, "fields": {"name": "Can delete videos", "content_type": 44, "codename": "delete_videos"}}, {"model": "auth.permission", "pk": 176, "fields": {"name": "Can view videos", "content_type": 44, "codename": "view_videos"}}, {"model": "auth.permission", "pk": 177, "fields": {"name": "Can add notes", "content_type": 45, "codename": "add_notes"}}, {"model": "auth.permission", "pk": 178, "fields": {"name": "Can change notes", "content_type": 45, "codename": "change_notes"}}, {"model": "auth.permission", "pk": 179, "fields": {"name": "Can delete notes", "content_type": 45, "codename": "delete_notes"}}, {"model": "auth.permission", "pk": 180, "fields": {"name": "Can view notes", "content_type": 45, "codename": "view_notes"}}, {"model": "auth.permission", "pk": 181, "fields": {"name": "Can add payments", "content_type": 46, "codename": "add_payments"}}, {"model": "auth.permission", "pk": 182, "fields": {"name": "Can change payments", "content_type": 46, "codename": "change_payments"}}, {"model": "auth.permission", "pk": 183, "fields": {"name": "Can delete payments", "content_type": 46, "codename": "delete_payments"}}, {"model": "auth.permission", "pk": 184, "fields": {"name": "Can view payments", "content_type": 46, "codename": "view_payments"}}, {"model": "auth.permission", "pk": 185, "fields": {"name": "Can add membership plans", "content_type": 47, "codename": "add_membershipplans"}}, {"model": "auth.permission", "pk": 186, "fields": {"name": "Can change membership plans", "content_type": 47, "codename": "change_membershipplans"}}, {"model": "auth.permission", "pk": 187, "fields": {"name": "Can delete membership plans", "content_type": 47, "codename": "delete_membershipplans"}}, {"model": "auth.permission", "pk": 188, "fields": {"name": "Can view membership plans", "content_type": 47, "codename": "view_membershipplans"}}, {"model": "auth.permission", "pk": 189, "fields": {"name": "Can add subscriptions", "content_type": 48, "codename": "add_subscriptions"}}, {"model": "auth.permission", "pk": 190, "fields": {"name": "Can change subscriptions", "content_type": 48, "codename": "change_subscriptions"}}, {"model": "auth.permission", "pk": 191, "fields": {"name": "Can delete subscriptions", "content_type": 48, "codename": "delete_subscriptions"}}, {"model": "auth.permission", "pk": 192, "fields": {"name": "Can view subscriptions", "content_type": 48, "codename": "view_subscriptions"}}, {"model": "auth.permission", "pk": 193, "fields": {"name": "Can add appointments", "content_type": 49, "codename": "add_appointments"}}, {"model": "auth.permission", "pk": 194, "fields": {"name": "Can change appointments", "content_type": 49, "codename": "change_appointments"}}, {"model": "auth.permission", "pk": 195, "fields": {"name": "Can delete appointments", "content_type": 49, "codename": "delete_appointments"}}, {"model": "auth.permission", "pk": 196, "fields": {"name": "Can view appointments", "content_type": 49, "codename": "view_appointments"}}, {"model": "auth.permission", "pk": 197, "fields": {"name": "Can add appointment summary", "content_type": 50, "codename": "add_appointmentsummary"}}, {"model": "auth.permission", "pk": 198, "fields": {"name": "Can change appointment summary", "content_type": 50, "codename": "change_appointmentsummary"}}, {"model": "auth.permission", "pk": 199, "fields": {"name": "Can delete appointment summary", "content_type": 50, "codename": "delete_appointmentsummary"}}, {"model": "auth.permission", "pk": 200, "fields": {"name": "Can view appointment summary", "content_type": 50, "codename": "view_appointmentsummary"}}, {"model": "auth.permission", "pk": 201, "fields": {"name": "Can add patient details apporval", "content_type": 51, "codename": "add_patientdetailsapporval"}}, {"model": "auth.permission", "pk": 202, "fields": {"name": "Can change patient details apporval", "content_type": 51, "codename": "change_patientdetailsapporval"}}, {"model": "auth.permission", "pk": 203, "fields": {"name": "Can delete patient details apporval", "content_type": 51, "codename": "delete_patientdetailsapporval"}}, {"model": "auth.permission", "pk": 204, "fields": {"name": "Can view patient details apporval", "content_type": 51, "codename": "view_patientdetailsapporval"}}, {"model": "auth.permission", "pk": 205, "fields": {"name": "Can add investigation", "content_type": 52, "codename": "add_investigation"}}, {"model": "auth.permission", "pk": 206, "fields": {"name": "Can change investigation", "content_type": 52, "codename": "change_investigation"}}, {"model": "auth.permission", "pk": 207, "fields": {"name": "Can delete investigation", "content_type": 52, "codename": "delete_investigation"}}, {"model": "auth.permission", "pk": 208, "fields": {"name": "Can view investigation", "content_type": 52, "codename": "view_investigation"}}, {"model": "auth.permission", "pk": 209, "fields": {"name": "Can add investigation with descriptions", "content_type": 53, "codename": "add_investigationwithdescriptions"}}, {"model": "auth.permission", "pk": 210, "fields": {"name": "Can change investigation with descriptions", "content_type": 53, "codename": "change_investigationwithdescriptions"}}, {"model": "auth.permission", "pk": 211, "fields": {"name": "Can delete investigation with descriptions", "content_type": 53, "codename": "delete_investigationwithdescriptions"}}, {"model": "auth.permission", "pk": 212, "fields": {"name": "Can view investigation with descriptions", "content_type": 53, "codename": "view_investigationwithdescriptions"}}, {"model": "auth.permission", "pk": 213, "fields": {"name": "Can add custom investigation", "content_type": 54, "codename": "add_custominvestigation"}}, {"model": "auth.permission", "pk": 214, "fields": {"name": "Can change custom investigation", "content_type": 54, "codename": "change_custominvestigation"}}, {"model": "auth.permission", "pk": 215, "fields": {"name": "Can delete custom investigation", "content_type": 54, "codename": "delete_custominvestigation"}}, {"model": "auth.permission", "pk": 216, "fields": {"name": "Can view custom investigation", "content_type": 54, "codename": "view_custominvestigation"}}, {"model": "auth.permission", "pk": 217, "fields": {"name": "Can add CallResponses (Manual)", "content_type": 55, "codename": "add_callresponses"}}, {"model": "auth.permission", "pk": 218, "fields": {"name": "Can change CallResponses (Manual)", "content_type": 55, "codename": "change_callresponses"}}, {"model": "auth.permission", "pk": 219, "fields": {"name": "Can delete CallResponses (Manual)", "content_type": 55, "codename": "delete_callresponses"}}, {"model": "auth.permission", "pk": 220, "fields": {"name": "Can view CallResponses (Manual)", "content_type": 55, "codename": "view_callresponses"}}, {"model": "auth.permission", "pk": 221, "fields": {"name": "Can add customer call reposnses", "content_type": 56, "codename": "add_customercallreposnses"}}, {"model": "auth.permission", "pk": 222, "fields": {"name": "Can change customer call reposnses", "content_type": 56, "codename": "change_customercallreposnses"}}, {"model": "auth.permission", "pk": 223, "fields": {"name": "Can delete customer call reposnses", "content_type": 56, "codename": "delete_customercallreposnses"}}, {"model": "auth.permission", "pk": 224, "fields": {"name": "Can view customer call reposnses", "content_type": 56, "codename": "view_customercallreposnses"}}, {"model": "auth.permission", "pk": 225, "fields": {"name": "Can add investigation criticallity", "content_type": 57, "codename": "add_investigationcriticallity"}}, {"model": "auth.permission", "pk": 226, "fields": {"name": "Can change investigation criticallity", "content_type": 57, "codename": "change_investigationcriticallity"}}, {"model": "auth.permission", "pk": 227, "fields": {"name": "Can delete investigation criticallity", "content_type": 57, "codename": "delete_investigationcriticallity"}}, {"model": "auth.permission", "pk": 228, "fields": {"name": "Can view investigation criticallity", "content_type": 57, "codename": "view_investigationcriticallity"}}, {"model": "auth.permission", "pk": 229, "fields": {"name": "Can add criticality change", "content_type": 58, "codename": "add_criticalitychange"}}, {"model": "auth.permission", "pk": 230, "fields": {"name": "Can change criticality change", "content_type": 58, "codename": "change_criticalitychange"}}, {"model": "auth.permission", "pk": 231, "fields": {"name": "Can delete criticality change", "content_type": 58, "codename": "delete_criticalitychange"}}, {"model": "auth.permission", "pk": 232, "fields": {"name": "Can view criticality change", "content_type": 58, "codename": "view_criticalitychange"}}, {"model": "auth.permission", "pk": 233, "fields": {"name": "Can add customized plan", "content_type": 59, "codename": "add_customizedplan"}}, {"model": "auth.permission", "pk": 234, "fields": {"name": "Can change customized plan", "content_type": 59, "codename": "change_customizedplan"}}, {"model": "auth.permission", "pk": 235, "fields": {"name": "Can delete customized plan", "content_type": 59, "codename": "delete_customizedplan"}}, {"model": "auth.permission", "pk": 236, "fields": {"name": "Can view customized plan", "content_type": 59, "codename": "view_customizedplan"}}, {"model": "auth.permission", "pk": 237, "fields": {"name": "Can add messages", "content_type": 60, "codename": "add_messages"}}, {"model": "auth.permission", "pk": 238, "fields": {"name": "Can change messages", "content_type": 60, "codename": "change_messages"}}, {"model": "auth.permission", "pk": 239, "fields": {"name": "Can delete messages", "content_type": 60, "codename": "delete_messages"}}, {"model": "auth.permission", "pk": 240, "fields": {"name": "Can view messages", "content_type": 60, "codename": "view_messages"}}, {"model": "auth.permission", "pk": 241, "fields": {"name": "Can add Token", "content_type": 61, "codename": "add_token"}}, {"model": "auth.permission", "pk": 242, "fields": {"name": "Can change Token", "content_type": 61, "codename": "change_token"}}, {"model": "auth.permission", "pk": 243, "fields": {"name": "Can delete Token", "content_type": 61, "codename": "delete_token"}}, {"model": "auth.permission", "pk": 244, "fields": {"name": "Can view Token", "content_type": 61, "codename": "view_token"}}, {"model": "auth.permission", "pk": 245, "fields": {"name": "Can add token", "content_type": 62, "codename": "add_tokenproxy"}}, {"model": "auth.permission", "pk": 246, "fields": {"name": "Can change token", "content_type": 62, "codename": "change_tokenproxy"}}, {"model": "auth.permission", "pk": 247, "fields": {"name": "Can delete token", "content_type": 62, "codename": "delete_tokenproxy"}}, {"model": "auth.permission", "pk": 248, "fields": {"name": "Can view token", "content_type": 62, "codename": "view_tokenproxy"}}, {"model": "auth.permission", "pk": 249, "fields": {"name": "Can add API key", "content_type": 63, "codename": "add_apikey"}}, {"model": "auth.permission", "pk": 250, "fields": {"name": "Can change API key", "content_type": 63, "codename": "change_apikey"}}, {"model": "auth.permission", "pk": 251, "fields": {"name": "Can delete API key", "content_type": 63, "codename": "delete_apikey"}}, {"model": "auth.permission", "pk": 252, "fields": {"name": "Can view API key", "content_type": 63, "codename": "view_apikey"}}, {"model": "auth.permission", "pk": 253, "fields": {"name": "Can add crontab", "content_type": 64, "codename": "add_crontabschedule"}}, {"model": "auth.permission", "pk": 254, "fields": {"name": "Can change crontab", "content_type": 64, "codename": "change_crontabschedule"}}, {"model": "auth.permission", "pk": 255, "fields": {"name": "Can delete crontab", "content_type": 64, "codename": "delete_crontabschedule"}}, {"model": "auth.permission", "pk": 256, "fields": {"name": "Can view crontab", "content_type": 64, "codename": "view_crontabschedule"}}, {"model": "auth.permission", "pk": 257, "fields": {"name": "Can add interval", "content_type": 65, "codename": "add_intervalschedule"}}, {"model": "auth.permission", "pk": 258, "fields": {"name": "Can change interval", "content_type": 65, "codename": "change_intervalschedule"}}, {"model": "auth.permission", "pk": 259, "fields": {"name": "Can delete interval", "content_type": 65, "codename": "delete_intervalschedule"}}, {"model": "auth.permission", "pk": 260, "fields": {"name": "Can view interval", "content_type": 65, "codename": "view_intervalschedule"}}, {"model": "auth.permission", "pk": 261, "fields": {"name": "Can add periodic task", "content_type": 66, "codename": "add_periodictask"}}, {"model": "auth.permission", "pk": 262, "fields": {"name": "Can change periodic task", "content_type": 66, "codename": "change_periodictask"}}, {"model": "auth.permission", "pk": 263, "fields": {"name": "Can delete periodic task", "content_type": 66, "codename": "delete_periodictask"}}, {"model": "auth.permission", "pk": 264, "fields": {"name": "Can view periodic task", "content_type": 66, "codename": "view_periodictask"}}, {"model": "auth.permission", "pk": 265, "fields": {"name": "Can add periodic tasks", "content_type": 67, "codename": "add_periodictasks"}}, {"model": "auth.permission", "pk": 266, "fields": {"name": "Can change periodic tasks", "content_type": 67, "codename": "change_periodictasks"}}, {"model": "auth.permission", "pk": 267, "fields": {"name": "Can delete periodic tasks", "content_type": 67, "codename": "delete_periodictasks"}}, {"model": "auth.permission", "pk": 268, "fields": {"name": "Can view periodic tasks", "content_type": 67, "codename": "view_periodictasks"}}, {"model": "auth.permission", "pk": 269, "fields": {"name": "Can add solar event", "content_type": 68, "codename": "add_solarschedule"}}, {"model": "auth.permission", "pk": 270, "fields": {"name": "Can change solar event", "content_type": 68, "codename": "change_solarschedule"}}, {"model": "auth.permission", "pk": 271, "fields": {"name": "Can delete solar event", "content_type": 68, "codename": "delete_solarschedule"}}, {"model": "auth.permission", "pk": 272, "fields": {"name": "Can view solar event", "content_type": 68, "codename": "view_solarschedule"}}, {"model": "auth.permission", "pk": 273, "fields": {"name": "Can add clocked", "content_type": 69, "codename": "add_clockedschedule"}}, {"model": "auth.permission", "pk": 274, "fields": {"name": "Can change clocked", "content_type": 69, "codename": "change_clockedschedule"}}, {"model": "auth.permission", "pk": 275, "fields": {"name": "Can delete clocked", "content_type": 69, "codename": "delete_clockedschedule"}}, {"model": "auth.permission", "pk": 276, "fields": {"name": "Can view clocked", "content_type": 69, "codename": "view_clockedschedule"}}, {"model": "auth.permission", "pk": 277, "fields": {"name": "Can add Password Reset Token", "content_type": 70, "codename": "add_resetpasswordtoken"}}, {"model": "auth.permission", "pk": 278, "fields": {"name": "Can change Password Reset Token", "content_type": 70, "codename": "change_resetpasswordtoken"}}, {"model": "auth.permission", "pk": 279, "fields": {"name": "Can delete Password Reset Token", "content_type": 70, "codename": "delete_resetpasswordtoken"}}, {"model": "auth.permission", "pk": 280, "fields": {"name": "Can view Password Reset Token", "content_type": 70, "codename": "view_resetpasswordtoken"}}, {"model": "auth.permission", "pk": 281, "fields": {"name": "Can add appointment payments", "content_type": 71, "codename": "add_appointmentpayments"}}, {"model": "auth.permission", "pk": 282, "fields": {"name": "Can change appointment payments", "content_type": 71, "codename": "change_appointmentpayments"}}, {"model": "auth.permission", "pk": 283, "fields": {"name": "Can delete appointment payments", "content_type": 71, "codename": "delete_appointmentpayments"}}, {"model": "auth.permission", "pk": 284, "fields": {"name": "Can view appointment payments", "content_type": 71, "codename": "view_appointmentpayments"}}, {"model": "auth.permission", "pk": 285, "fields": {"name": "Can add critical symptoms", "content_type": 72, "codename": "add_criticalsymptoms"}}, {"model": "auth.permission", "pk": 286, "fields": {"name": "Can change critical symptoms", "content_type": 72, "codename": "change_criticalsymptoms"}}, {"model": "auth.permission", "pk": 287, "fields": {"name": "Can delete critical symptoms", "content_type": 72, "codename": "delete_criticalsymptoms"}}, {"model": "auth.permission", "pk": 288, "fields": {"name": "Can view critical symptoms", "content_type": 72, "codename": "view_criticalsymptoms"}}, {"model": "auth.permission", "pk": 289, "fields": {"name": "Can add positive critical symptoms", "content_type": 73, "codename": "add_positivecriticalsymptoms"}}, {"model": "auth.permission", "pk": 290, "fields": {"name": "Can change positive critical symptoms", "content_type": 73, "codename": "change_positivecriticalsymptoms"}}, {"model": "auth.permission", "pk": 291, "fields": {"name": "Can delete positive critical symptoms", "content_type": 73, "codename": "delete_positivecriticalsymptoms"}}, {"model": "auth.permission", "pk": 292, "fields": {"name": "Can view positive critical symptoms", "content_type": 73, "codename": "view_positivecriticalsymptoms"}}, {"model": "auth.permission", "pk": 293, "fields": {"name": "Can add complications", "content_type": 74, "codename": "add_complications"}}, {"model": "auth.permission", "pk": 294, "fields": {"name": "Can change complications", "content_type": 74, "codename": "change_complications"}}, {"model": "auth.permission", "pk": 295, "fields": {"name": "Can delete complications", "content_type": 74, "codename": "delete_complications"}}, {"model": "auth.permission", "pk": 296, "fields": {"name": "Can view complications", "content_type": 74, "codename": "view_complications"}}, {"model": "auth.permission", "pk": 297, "fields": {"name": "Can add medical history", "content_type": 75, "codename": "add_medicalhistory"}}, {"model": "auth.permission", "pk": 298, "fields": {"name": "Can change medical history", "content_type": 75, "codename": "change_medicalhistory"}}, {"model": "auth.permission", "pk": 299, "fields": {"name": "Can delete medical history", "content_type": 75, "codename": "delete_medicalhistory"}}, {"model": "auth.permission", "pk": 300, "fields": {"name": "Can view medical history", "content_type": 75, "codename": "view_medicalhistory"}}, {"model": "auth.permission", "pk": 301, "fields": {"name": "Can add customer medical history", "content_type": 76, "codename": "add_customermedicalhistory"}}, {"model": "auth.permission", "pk": 302, "fields": {"name": "Can change customer medical history", "content_type": 76, "codename": "change_customermedicalhistory"}}, {"model": "auth.permission", "pk": 303, "fields": {"name": "Can delete customer medical history", "content_type": 76, "codename": "delete_customermedicalhistory"}}, {"model": "auth.permission", "pk": 304, "fields": {"name": "Can view customer medical history", "content_type": 76, "codename": "view_customermedicalhistory"}}, {"model": "auth.permission", "pk": 305, "fields": {"name": "Can add personal details", "content_type": 77, "codename": "add_personaldetails"}}, {"model": "auth.permission", "pk": 306, "fields": {"name": "Can change personal details", "content_type": 77, "codename": "change_personaldetails"}}, {"model": "auth.permission", "pk": 307, "fields": {"name": "Can delete personal details", "content_type": 77, "codename": "delete_personaldetails"}}, {"model": "auth.permission", "pk": 308, "fields": {"name": "Can view personal details", "content_type": 77, "codename": "view_personaldetails"}}, {"model": "auth.permission", "pk": 309, "fields": {"name": "Can add dad info", "content_type": 78, "codename": "add_dadinfo"}}, {"model": "auth.permission", "pk": 310, "fields": {"name": "Can change dad info", "content_type": 78, "codename": "change_dadinfo"}}, {"model": "auth.permission", "pk": 311, "fields": {"name": "Can delete dad info", "content_type": 78, "codename": "delete_dadinfo"}}, {"model": "auth.permission", "pk": 312, "fields": {"name": "Can view dad info", "content_type": 78, "codename": "view_dadinfo"}}, {"model": "auth.permission", "pk": 313, "fields": {"name": "Can add banner", "content_type": 79, "codename": "add_banner"}}, {"model": "auth.permission", "pk": 314, "fields": {"name": "Can change banner", "content_type": 79, "codename": "change_banner"}}, {"model": "auth.permission", "pk": 315, "fields": {"name": "Can delete banner", "content_type": 79, "codename": "delete_banner"}}, {"model": "auth.permission", "pk": 316, "fields": {"name": "Can view banner", "content_type": 79, "codename": "view_banner"}}, {"model": "auth.permission", "pk": 317, "fields": {"name": "Can add symptoms remedy", "content_type": 80, "codename": "add_symptomsremedy"}}, {"model": "auth.permission", "pk": 318, "fields": {"name": "Can change symptoms remedy", "content_type": 80, "codename": "change_symptomsremedy"}}, {"model": "auth.permission", "pk": 319, "fields": {"name": "Can delete symptoms remedy", "content_type": 80, "codename": "delete_symptomsremedy"}}, {"model": "auth.permission", "pk": 320, "fields": {"name": "Can view symptoms remedy", "content_type": 80, "codename": "view_symptomsremedy"}}, {"model": "auth.permission", "pk": 321, "fields": {"name": "Can add video link", "content_type": 81, "codename": "add_videolink"}}, {"model": "auth.permission", "pk": 322, "fields": {"name": "Can change video link", "content_type": 81, "codename": "change_videolink"}}, {"model": "auth.permission", "pk": 323, "fields": {"name": "Can delete video link", "content_type": 81, "codename": "delete_videolink"}}, {"model": "auth.permission", "pk": 324, "fields": {"name": "Can view video link", "content_type": 81, "codename": "view_videolink"}}, {"model": "auth.permission", "pk": 325, "fields": {"name": "Can add free content", "content_type": 82, "codename": "add_freecontent"}}, {"model": "auth.permission", "pk": 326, "fields": {"name": "Can change free content", "content_type": 82, "codename": "change_freecontent"}}, {"model": "auth.permission", "pk": 327, "fields": {"name": "Can delete free content", "content_type": 82, "codename": "delete_freecontent"}}, {"model": "auth.permission", "pk": 328, "fields": {"name": "Can view free content", "content_type": 82, "codename": "view_freecontent"}}, {"model": "auth.permission", "pk": 329, "fields": {"name": "Can add firebase fcm", "content_type": 83, "codename": "add_firebasefcm"}}, {"model": "auth.permission", "pk": 330, "fields": {"name": "Can change firebase fcm", "content_type": 83, "codename": "change_firebasefcm"}}, {"model": "auth.permission", "pk": 331, "fields": {"name": "Can delete firebase fcm", "content_type": 83, "codename": "delete_firebasefcm"}}, {"model": "auth.permission", "pk": 332, "fields": {"name": "Can view firebase fcm", "content_type": 83, "codename": "view_firebasefcm"}}, {"model": "auth.permission", "pk": 333, "fields": {"name": "Can add member ship", "content_type": 84, "codename": "add_membership"}}, {"model": "auth.permission", "pk": 334, "fields": {"name": "Can change member ship", "content_type": 84, "codename": "change_membership"}}, {"model": "auth.permission", "pk": 335, "fields": {"name": "Can delete member ship", "content_type": 84, "codename": "delete_membership"}}, {"model": "auth.permission", "pk": 336, "fields": {"name": "Can view member ship", "content_type": 84, "codename": "view_membership"}}, {"model": "auth.permission", "pk": 337, "fields": {"name": "Can add purchased membership", "content_type": 85, "codename": "add_purchasedmembership"}}, {"model": "auth.permission", "pk": 338, "fields": {"name": "Can change purchased membership", "content_type": 85, "codename": "change_purchasedmembership"}}, {"model": "auth.permission", "pk": 339, "fields": {"name": "Can delete purchased membership", "content_type": 85, "codename": "delete_purchasedmembership"}}, {"model": "auth.permission", "pk": 340, "fields": {"name": "Can view purchased membership", "content_type": 85, "codename": "view_purchasedmembership"}}, {"model": "contenttypes.contenttype", "pk": 1, "fields": {"app_label": "admin", "model": "logentry"}}, {"model": "contenttypes.contenttype", "pk": 2, "fields": {"app_label": "auth", "model": "permission"}}, {"model": "contenttypes.contenttype", "pk": 3, "fields": {"app_label": "auth", "model": "group"}}, {"model": "contenttypes.contenttype", "pk": 4, "fields": {"app_label": "contenttypes", "model": "contenttype"}}, {"model": "contenttypes.contenttype", "pk": 5, "fields": {"app_label": "sessions", "model": "session"}}, {"model": "contenttypes.contenttype", "pk": 6, "fields": {"app_label": "Accounts", "model": "user"}}, {"model": "contenttypes.contenttype", "pk": 7, "fields": {"app_label": "Accounts", "model": "doctordetails"}}, {"model": "contenttypes.contenttype", "pk": 8, "fields": {"app_label": "Accounts", "model": "customerdetails"}}, {"model": "contenttypes.contenttype", "pk": 9, "fields": {"app_label": "Accounts", "model": "salesteamdetails"}}, {"model": "contenttypes.contenttype", "pk": 10, "fields": {"app_label": "Accounts", "model": "consultantinfo"}}, {"model": "contenttypes.contenttype", "pk": 11, "fields": {"app_label": "Accounts", "model": "hospitalmanagerdetails"}}, {"model": "contenttypes.contenttype", "pk": 12, "fields": {"app_label": "Accounts", "model": "otp"}}, {"model": "contenttypes.contenttype", "pk": 13, "fields": {"app_label": "Customer", "model": "activitymainmodule"}}, {"model": "contenttypes.contenttype", "pk": 14, "fields": {"app_label": "Customer", "model": "activitysubmodules"}}, {"model": "contenttypes.contenttype", "pk": 15, "fields": {"app_label": "Customer", "model": "babypics"}}, {"model": "contenttypes.contenttype", "pk": 16, "fields": {"app_label": "Customer", "model": "customsymptoms"}}, {"model": "contenttypes.contenttype", "pk": 17, "fields": {"app_label": "Customer", "model": "dailytrackermodule"}}, {"model": "contenttypes.contenttype", "pk": 18, "fields": {"app_label": "Customer", "model": "meal"}}, {"model": "contenttypes.contenttype", "pk": 19, "fields": {"app_label": "Customer", "model": "medicinetime"}}, {"model": "contenttypes.contenttype", "pk": 20, "fields": {"app_label": "Customer", "model": "painscale"}}, {"model": "contenttypes.contenttype", "pk": 21, "fields": {"app_label": "Customer", "model": "symptomscategory"}}, {"model": "contenttypes.contenttype", "pk": 22, "fields": {"app_label": "Customer", "model": "symptoms"}}, {"model": "contenttypes.contenttype", "pk": 23, "fields": {"app_label": "Customer", "model": "positivesymptoms"}}, {"model": "contenttypes.contenttype", "pk": 24, "fields": {"app_label": "Customer", "model": "positivecustomsymptoms"}}, {"model": "contenttypes.contenttype", "pk": 25, "fields": {"app_label": "Customer", "model": "medicines"}}, {"model": "contenttypes.contenttype", "pk": 26, "fields": {"app_label": "Customer", "model": "lastupdatedate"}}, {"model": "contenttypes.contenttype", "pk": 27, "fields": {"app_label": "Customer", "model": "exercisevideos"}}, {"model": "contenttypes.contenttype", "pk": 28, "fields": {"app_label": "Customer", "model": "exercises"}}, {"model": "contenttypes.contenttype", "pk": 29, "fields": {"app_label": "Customer", "model": "exerciseconsent"}}, {"model": "contenttypes.contenttype", "pk": 30, "fields": {"app_label": "Customer", "model": "customexercises"}}, {"model": "contenttypes.contenttype", "pk": 31, "fields": {"app_label": "Customer", "model": "customactivity"}}, {"model": "contenttypes.contenttype", "pk": 32, "fields": {"app_label": "Customer", "model": "contraction"}}, {"model": "contenttypes.contenttype", "pk": 33, "fields": {"app_label": "Customer", "model": "completedexercises"}}, {"model": "contenttypes.contenttype", "pk": 34, "fields": {"app_label": "Customer", "model": "completedcustomactivity"}}, {"model": "contenttypes.contenttype", "pk": 35, "fields": {"app_label": "Customer", "model": "caloriesburnt"}}, {"model": "contenttypes.contenttype", "pk": 36, "fields": {"app_label": "Customer", "model": "takenmedicine"}}, {"model": "contenttypes.contenttype", "pk": 37, "fields": {"app_label": "Customer", "model": "symptomsinput"}}, {"model": "contenttypes.contenttype", "pk": 38, "fields": {"app_label": "Customer", "model": "diettracker"}}, {"model": "contenttypes.contenttype", "pk": 39, "fields": {"app_label": "Customer", "model": "completedcustomeexercises"}}, {"model": "contenttypes.contenttype", "pk": 40, "fields": {"app_label": "Customer", "model": "completedactivity"}}, {"model": "contenttypes.contenttype", "pk": 41, "fields": {"app_label": "Customer", "model": "medical"}}, {"model": "contenttypes.contenttype", "pk": 42, "fields": {"app_label": "LearnIt", "model": "modules"}}, {"model": "contenttypes.contenttype", "pk": 43, "fields": {"app_label": "LearnIt", "model": "stage"}}, {"model": "contenttypes.contenttype", "pk": 44, "fields": {"app_label": "LearnIt", "model": "videos"}}, {"model": "contenttypes.contenttype", "pk": 45, "fields": {"app_label": "LearnIt", "model": "notes"}}, {"model": "contenttypes.contenttype", "pk": 46, "fields": {"app_label": "Payments", "model": "payments"}}, {"model": "contenttypes.contenttype", "pk": 47, "fields": {"app_label": "Payments", "model": "membershipplans"}}, {"model": "contenttypes.contenttype", "pk": 48, "fields": {"app_label": "Payments", "model": "subscriptions"}}, {"model": "contenttypes.contenttype", "pk": 49, "fields": {"app_label": "Appointments", "model": "appointments"}}, {"model": "contenttypes.contenttype", "pk": 50, "fields": {"app_label": "Appointments", "model": "appointmentsummary"}}, {"model": "contenttypes.contenttype", "pk": 51, "fields": {"app_label": "Sales", "model": "patientdetailsapporval"}}, {"model": "contenttypes.contenttype", "pk": 52, "fields": {"app_label": "Sales", "model": "investigation"}}, {"model": "contenttypes.contenttype", "pk": 53, "fields": {"app_label": "Sales", "model": "investigationwithdescriptions"}}, {"model": "contenttypes.contenttype", "pk": 54, "fields": {"app_label": "Sales", "model": "custominvestigation"}}, {"model": "contenttypes.contenttype", "pk": 55, "fields": {"app_label": "Sales", "model": "callresponses"}}, {"model": "contenttypes.contenttype", "pk": 56, "fields": {"app_label": "Sales", "model": "customercallreposnses"}}, {"model": "contenttypes.contenttype", "pk": 57, "fields": {"app_label": "Sales", "model": "investigationcriticallity"}}, {"model": "contenttypes.contenttype", "pk": 58, "fields": {"app_label": "Sales", "model": "criticalitychange"}}, {"model": "contenttypes.contenttype", "pk": 59, "fields": {"app_label": "Consultant", "model": "customizedplan"}}, {"model": "contenttypes.contenttype", "pk": 60, "fields": {"app_label": "Messages", "model": "messages"}}, {"model": "contenttypes.contenttype", "pk": 61, "fields": {"app_label": "authtoken", "model": "token"}}, {"model": "contenttypes.contenttype", "pk": 62, "fields": {"app_label": "authtoken", "model": "tokenproxy"}}, {"model": "contenttypes.contenttype", "pk": 63, "fields": {"app_label": "rest_framework_api_key", "model": "apikey"}}, {"model": "contenttypes.contenttype", "pk": 64, "fields": {"app_label": "django_celery_beat", "model": "crontabschedule"}}, {"model": "contenttypes.contenttype", "pk": 65, "fields": {"app_label": "django_celery_beat", "model": "intervalschedule"}}, {"model": "contenttypes.contenttype", "pk": 66, "fields": {"app_label": "django_celery_beat", "model": "periodictask"}}, {"model": "contenttypes.contenttype", "pk": 67, "fields": {"app_label": "django_celery_beat", "model": "periodictasks"}}, {"model": "contenttypes.contenttype", "pk": 68, "fields": {"app_label": "django_celery_beat", "model": "solarschedule"}}, {"model": "contenttypes.contenttype", "pk": 69, "fields": {"app_label": "django_celery_beat", "model": "clockedschedule"}}, {"model": "contenttypes.contenttype", "pk": 70, "fields": {"app_label": "django_rest_passwordreset", "model": "resetpasswordtoken"}}, {"model": "contenttypes.contenttype", "pk": 71, "fields": {"app_label": "Payments", "model": "appointmentpayments"}}, {"model": "contenttypes.contenttype", "pk": 72, "fields": {"app_label": "Admin", "model": "criticalsymptoms"}}, {"model": "contenttypes.contenttype", "pk": 73, "fields": {"app_label": "Admin", "model": "positivecriticalsymptoms"}}, {"model": "contenttypes.contenttype", "pk": 74, "fields": {"app_label": "Analytics", "model": "complications"}}, {"model": "contenttypes.contenttype", "pk": 75, "fields": {"app_label": "Analytics", "model": "medicalhistory"}}, {"model": "contenttypes.contenttype", "pk": 76, "fields": {"app_label": "Analytics", "model": "customermedicalhistory"}}, {"model": "contenttypes.contenttype", "pk": 77, "fields": {"app_label": "Analytics", "model": "personaldetails"}}, {"model": "contenttypes.contenttype", "pk": 78, "fields": {"app_label": "Accounts", "model": "dadinfo"}}, {"model": "contenttypes.contenttype", "pk": 79, "fields": {"app_label": "Accounts", "model": "banner"}}, {"model": "contenttypes.contenttype", "pk": 80, "fields": {"app_label": "Accounts", "model": "symptomsremedy"}}, {"model": "contenttypes.contenttype", "pk": 81, "fields": {"app_label": "Accounts", "model": "videolink"}}, {"model": "contenttypes.contenttype", "pk": 82, "fields": {"app_label": "Admin", "model": "freecontent"}}, {"model": "contenttypes.contenttype", "pk": 83, "fields": {"app_label": "Accounts", "model": "firebasefcm"}}, {"model": "contenttypes.contenttype", "pk": 84, "fields": {"app_label": "Payments", "model": "membership"}}, {"model": "contenttypes.contenttype", "pk": 85, "fields": {"app_label": "Payments", "model": "purchasedmembership"}}, {"model": "sessions.session", "pk": "0e1x74qsfuymr3q5zneh9tdlcmqjajmu", "fields": {"session_data": ".eJxVjDsOwjAQBe_iGll2Fn-gpOcM0Xp3jQPIluKkQtwdIqWA9s3Me6kR16WMa5d5nFid1aAOv1tCekjdAN-x3pqmVpd5SnpT9E67vjaW52V3_w4K9vKtMzgjhIgQBPgUXDbZMMfgxXKw-RiFyJiUYnQ8AEXwkBJ4ARJvDar3BwRVOIg:1nFqsx:6W2u1O38bc7xA7P9COo5nNdkYyflOXY9itdsmIQ-7nk", "expire_date": "2022-02-18T05:11:51.492Z"}}, {"model": "sessions.session", "pk": "0egsd7ggtjbf6ksh6e0lrecnue1lrxko", "fields": {"session_data": ".eJxVjDsOwjAQBe_iGll2Fn-gpOcM0Xp3jQPIluKkQtwdIqWA9s3Me6kR16WMa5d5nFid1aAOv1tCekjdAN-x3pqmVpd5SnpT9E67vjaW52V3_w4K9vKtMzgjhIgQBPgUXDbZMMfgxXKw-RiFyJiUYnQ8AEXwkBJ4ARJvDar3BwRVOIg:1phUab:zX7iE7onlKQN6kjiryx7ARG-dk4-vIvEFr1zGm2d2Po", "expire_date": "2023-04-12T12:07:41.701Z"}}, {"model": "sessions.session", "pk": "3oaugvl5u3xi5qa12i5isx7jjox7sq7j", "fields": {"session_data": ".eJxVjMsOwiAQRf-FtSFAeRSX7v0GMsMMUjU0Ke3K-O_apAvd3nPOfYkE21rT1nlJE4mz0IMWp98VIT-47Yju0G6zzHNblwnlrsiDdnmdiZ-Xw_07qNDrt_YxWw6ZDNnCxuSI7PSoyIMPFIxxiOic9tpGYDsooyzEkWIIqqDFIt4fM2g4OQ:1oxPpb:Wl6tURbVySt0v2IqTEVl3eHnRqU33VAEOfgXcGngcH8", "expire_date": "2022-12-06T09:44:43.096Z"}}, {"model": "sessions.session", "pk": "3paqochct6pgnhtjqpw78xk7b8yr4n4w", "fields": {"session_data": ".eJxVjEEOwiAQRe_C2hBhgLEu3XuGZoYBqRpISrsy3l2bdKHb_977LzXSupRx7WkeJ1FnZdXhd2OKj1Q3IHeqt6Zjq8s8sd4UvdOur03S87K7fweFevnW-QSOTDbsCWxC5wR8GAJJDB6stzajEUaLwSEPAQCEUwRkzJ6cHNX7A894N3M:1qFTs7:n5BXsmONibtekGXFrPoHE-StR3ffqx1a7O6rXolXiCc", "expire_date": "2023-07-15T06:14:15.777Z"}}, {"model": "sessions.session", "pk": "51z23rvbagy5guug5xulprs6a3tyzt9c", "fields": {"session_data": ".eJxVjMsOwiAQRf-FtSFAeRSX7v0GMsMMUjU0Ke3K-O_apAvd3nPOfYkE21rT1nlJE4mz0IMWp98VIT-47Yju0G6zzHNblwnlrsiDdnmdiZ-Xw_07qNDrt_YxWw6ZDNnCxuSI7PSoyIMPFIxxiOic9tpGYDsooyzEkWIIqqDFIt4fM2g4OQ:1phpGe:ta-tJfDjn9zaUAxLjiYEWs1Lx8vdQeWibFgOXIHyHaw", "expire_date": "2023-04-13T10:12:28.489Z"}}, {"model": "sessions.session", "pk": "6svruq13eankoyjxw3584hwonz3wlcs8", "fields": {"session_data": ".eJxVjDsOwjAQBe_iGll2Fn-gpOcM0Xp3jQPIluKkQtwdIqWA9s3Me6kR16WMa5d5nFid1aAOv1tCekjdAN-x3pqmVpd5SnpT9E67vjaW52V3_w4K9vKtMzgjhIgQBPgUXDbZMMfgxXKw-RiFyJiUYnQ8AEXwkBJ4ARJvDar3BwRVOIg:1nRtuF:-w_dna2l906JeJuak1xkdcBxGWqJfMAnr3RjW3jRfeM", "expire_date": "2022-03-23T10:50:59.058Z"}}, {"model": "sessions.session", "pk": "9gc4rans4eyc9iixnpn5ru0snnkh5mya", "fields": {"session_data": ".eJxVjDsOwjAQBe_iGll2Fn-gpOcM0Xp3jQPIluKkQtwdIqWA9s3Me6kR16WMa5d5nFid1aAOv1tCekjdAN-x3pqmVpd5SnpT9E67vjaW52V3_w4K9vKtMzgjhIgQBPgUXDbZMMfgxXKw-RiFyJiUYnQ8AEXwkBJ4ARJvDar3BwRVOIg:1oT0eB:0Fwa5z4DZPNAcka0TvbJtqn1VoATALwHwvxb-nOX_cg", "expire_date": "2022-09-13T12:47:15.048Z"}}, {"model": "sessions.session", "pk": "c8rv2g4kz58r3pa2ov0i9idvyq3kakmt", "fields": {"session_data": ".eJxVjEEOwiAQRe_C2pCpQKEu3XsGMsNMpWogKe3KeHfbpAvd_vfef6uI65Lj2mSOE6uLMkGdfkfC9JSyE35guVedalnmifSu6IM2fassr-vh_h1kbHmrz6YTIBiEoWdnRieWg_PJBugDJRLEcQDL3pI1zhkykDwHBt8hb636fAEMOTgs:1oTKUL:-4F9TDHhERJvPqWkw28PrY20GVBXn9tjSlY4fDhNdKA", "expire_date": "2022-09-14T09:58:25.559Z"}}, {"model": "sessions.session", "pk": "d3a552nduqt1n8jwustrqfg07epjgplh", "fields": {"session_data": ".eJxVjMsOwiAQRf-FtSFAeRSX7v0GMsMMUjU0Ke3K-O_apAvd3nPOfYkE21rT1nlJE4mz0IMWp98VIT-47Yju0G6zzHNblwnlrsiDdnmdiZ-Xw_07qNDrt_YxWw6ZDNnCxuSI7PSoyIMPFIxxiOic9tpGYDsooyzEkWIIqqDFIt4fM2g4OQ:1pmXa2:GbC36n2jjv1NuL8G-yZ4ZIYXmwj07iSntMPDFrkhqj4", "expire_date": "2023-04-26T10:19:58.598Z"}}, {"model": "sessions.session", "pk": "df4qmslugqor9ngxtuzw5yhox3d21l1k", "fields": {"session_data": ".eJxVjMsOwiAQRf-FtSFAeRSX7v0GMsMMUjU0Ke3K-O_apAvd3nPOfYkE21rT1nlJE4mz0IMWp98VIT-47Yju0G6zzHNblwnlrsiDdnmdiZ-Xw_07qNDrt_YxWw6ZDNnCxuSI7PSoyIMPFIxxiOic9tpGYDsooyzEkWIIqqDFIt4fM2g4OQ:1pB80t:zvY7z7XGCNFJ-If6INzma53WzRlhUMfbEBKN9dc8qR8", "expire_date": "2023-01-13T05:33:03.132Z"}}, {"model": "sessions.session", "pk": "e86mv5woeo451kgeuki02d7c2a57yio9", "fields": {"session_data": ".eJxVjDsOwjAQBe_iGll2Fn-gpOcM0Xp3jQPIluKkQtwdIqWA9s3Me6kR16WMa5d5nFid1aAOv1tCekjdAN-x3pqmVpd5SnpT9E67vjaW52V3_w4K9vKtMzgjhIgQBPgUXDbZMMfgxXKw-RiFyJiUYnQ8AEXwkBJ4ARJvDar3BwRVOIg:1pIXsV:hibq2gTGT6noFjt4ArHJt6xjRm0wxfp4W49XlXnWU6w", "expire_date": "2023-02-02T16:35:03.656Z"}}, {"model": "sessions.session", "pk": "ef506p7270ljgsig09k2o5j5wmmjec2x", "fields": {"session_data": ".eJxVjMsOwiAQAP-FsyFbeS0evfcbyC6gVA0kpT0Z_92Q9KDXmcm8RaB9K2HveQ1LEhcxidMvY4rPXIdID6r3JmOr27qwHIk8bJdzS_l1Pdq_QaFexjadwXpltVVMCBwNuTzdDCinAL1GBtToFRljDZikHDtEAO3BsWYrPl-miTX3:1n0eKq:vqJsLcdVqFKcVd8JMolIGyAgVhWOLbixIQLkRtelL0M", "expire_date": "2022-01-07T06:45:48.538Z"}}, {"model": "sessions.session", "pk": "eqyd1ot2awz0lw925zayq727kryzr1x5", "fields": {"session_data": ".eJxVjEEOwiAQRe_C2hCGEhhcuvcMZIBBqoYmpV013t026UK3773_NxFoXWpYO89hzOIqwFpx-aWR0ovbofKT2mOSaWrLPEZ5JPK0Xd6nzO_b2f4dVOp1X7P3Gg1A1A6cJ8WWBqS44zIoVh6dY22yRaMoccGCSBY1gEnaQwTx-QIWRjeS:1q4dcw:rCBamStuHBhN5szvtP572DsBlJDEOKKPhS7gMA7IsGY", "expire_date": "2023-06-15T08:25:46.856Z"}}, {"model": "sessions.session", "pk": "fl8jbzzjnqyp4nycitb9jap9ehjt56kn", "fields": {"session_data": ".eJxVjMsOwiAQRf-FtSEzUl4u3fsNZGBAqoYmpV0Z_92QdKHbe865bxFo32rYe17DzOIiUKE4_a6R0jO3gfhB7b7ItLRtnaMcijxol7eF8-t6uH8HlXodNZ81sdWgkdEWjA60IlaJs0N2liZLHgyjKYoIvAGISlP2JSHgpMTnCzAMOBg:1q9iAZ:5zUfQlUN8jWpUN18R_AM76WJ2rmrxQQ3h5cx-sLJU1U", "expire_date": "2023-06-29T08:17:27.974Z"}}, {"model": "sessions.session", "pk": "goal47uaukk4m5xr42mxtcnj45nqcrbt", "fields": {"session_data": ".eJxVjDsOwjAQBe_iGll2Fn-gpOcM0Xp3jQPIluKkQtwdIqWA9s3Me6kR16WMa5d5nFid1aAOv1tCekjdAN-x3pqmVpd5SnpT9E67vjaW52V3_w4K9vKtMzgjhIgQBPgUXDbZMMfgxXKw-RiFyJiUYnQ8AEXwkBJ4ARJvDar3BwRVOIg:1nY5Ja:lxDWo8QohbWKgMKePFOoUreCLSZX7yljWtrIXdtIZ_8", "expire_date": "2022-04-09T12:14:42.413Z"}}, {"model": "sessions.session", "pk": "gywgcoe5jmfxvczcbimj279l83pcj40j", "fields": {"session_data": ".eJxVjDsOwjAQBe_iGll2Fn-gpOcM0Xp3jQPIluKkQtwdIqWA9s3Me6kR16WMa5d5nFid1aAOv1tCekjdAN-x3pqmVpd5SnpT9E67vjaW52V3_w4K9vKtMzgjhIgQBPgUXDbZMMfgxXKw-RiFyJiUYnQ8AEXwkBJ4ARJvDar3BwRVOIg:1nzCsA:u0oIZitKPhN74GicQOR_R0BoYV1zEFMStSPxz6FyBJc", "expire_date": "2022-06-23T07:46:30.109Z"}}, {"model": "sessions.session", "pk": "gz1g656144xvz400nhcheznoo5qnf72m", "fields": {"session_data": ".eJxVjEEOwiAQRe_C2hCGEhhcuvcMZIBBqoYmpV013t026UK3773_NxFoXWpYO89hzOIqwFpx-aWR0ovbofKT2mOSaWrLPEZ5JPK0Xd6nzO_b2f4dVOp1X7P3Gg1A1A6cJ8WWBqS44zIoVh6dY22yRaMoccGCSBY1gEnaQwTx-QIWRjeS:1q6Chb:QV5zD9JSZ-4NYESRaPzzERUDnNxN8j1lJ_QC2ILOGOU", "expire_date": "2023-06-19T16:05:03.165Z"}}, {"model": "sessions.session", "pk": "hsjfmj5ozqgx6m9xbny39q5gvq0ll6zn", "fields": {"session_data": ".eJxVjMsOwiAQRf-FtSFAeRSX7v0GMsMMUjU0Ke3K-O_apAvd3nPOfYkE21rT1nlJE4mz0IMWp98VIT-47Yju0G6zzHNblwnlrsiDdnmdiZ-Xw_07qNDrt_YxWw6ZDNnCxuSI7PSoyIMPFIxxiOic9tpGYDsooyzEkWIIqqDFIt4fM2g4OQ:1pB9I2:TB0UhF3t1MlKfHQlsGqGbLFAyiblLJfozTYAEgouoWk", "expire_date": "2023-01-13T06:54:50.780Z"}}, {"model": "sessions.session", "pk": "kvexxuczn97m22jkg5udgru9mst7j3bb", "fields": {"session_data": ".eJxVjEEOwiAQRe_C2pCpQKEu3XsGMsNMpWogKe3KeHfbpAvd_vfef6uI65Lj2mSOE6uLMkGdfkfC9JSyE35guVedalnmifSu6IM2fassr-vh_h1kbHmrz6YTIBiEoWdnRieWg_PJBugDJRLEcQDL3pI1zhkykDwHBt8hb636fAEMOTgs:1oTKWk:xdSFtpMU4hSa_dEkR8ecEF3LCyCWIwMbohfjQQ-cFBM", "expire_date": "2022-09-14T10:00:54.493Z"}}, {"model": "sessions.session", "pk": "ky29huci7437p83ndkjfeotiry32s8cx", "fields": {"session_data": ".eJxVjDsOwjAQBe_iGll2Fn-gpOcM0Xp3jQPIluKkQtwdIqWA9s3Me6kR16WMa5d5nFid1aAOv1tCekjdAN-x3pqmVpd5SnpT9E67vjaW52V3_w4K9vKtMzgjhIgQBPgUXDbZMMfgxXKw-RiFyJiUYnQ8AEXwkBJ4ARJvDar3BwRVOIg:1n0eb9:zVIH0UKsyEo4i7ZkHOCuG_-zsK1lAfrV5JKxjRczCUY", "expire_date": "2022-01-07T07:02:39.012Z"}}, {"model": "sessions.session", "pk": "ly4xfj9su0fkz2d7omxaatttc1w9pv7q", "fields": {"session_data": ".eJxVjDsOwjAQBe_iGll2Fn-gpOcM0Xp3jQPIluKkQtwdIqWA9s3Me6kR16WMa5d5nFid1aAOv1tCekjdAN-x3pqmVpd5SnpT9E67vjaW52V3_w4K9vKtMzgjhIgQBPgUXDbZMMfgxXKw-RiFyJiUYnQ8AEXwkBJ4ARJvDar3BwRVOIg:1nMq32:kPm1ea9ztoSr8KWYcfKpwqnRu22s8xBSEIo1pXEo0F0", "expire_date": "2022-03-09T11:43:08.209Z"}}, {"model": "sessions.session", "pk": "mtnk3kgzm3yv6yfhtzeq0kwao5drq5jx", "fields": {"session_data": ".eJxVjDsOwjAQBe_iGll2Fn-gpOcM0Xp3jQPIluKkQtwdIqWA9s3Me6kR16WMa5d5nFid1aAOv1tCekjdAN-x3pqmVpd5SnpT9E67vjaW52V3_w4K9vKtMzgjhIgQBPgUXDbZMMfgxXKw-RiFyJiUYnQ8AEXwkBJ4ARJvDar3BwRVOIg:1n9jZ0:umq9wIk6kyCZZPpXZsUJ0vU9abmc9cGfbfIW1ceAFkc", "expire_date": "2022-02-01T08:09:58.933Z"}}, {"model": "sessions.session", "pk": "n8c8d1ndyty6qsksppmbompq99zk5m9l", "fields": {"session_data": ".eJxVjDsOwjAQBe_iGll2Fn-gpOcM0Xp3jQPIluKkQtwdIqWA9s3Me6kR16WMa5d5nFid1aAOv1tCekjdAN-x3pqmVpd5SnpT9E67vjaW52V3_w4K9vKtMzgjhIgQBPgUXDbZMMfgxXKw-RiFyJiUYnQ8AEXwkBJ4ARJvDar3BwRVOIg:1n4GYx:QgMahCIeNHZofAeHDrIY0Taw0NVBjzYnDvNUisXRhhE", "expire_date": "2022-01-17T06:11:19.945Z"}}, {"model": "sessions.session", "pk": "n9rww3t4xjdhrkw0iqb0fx2nirka63r0", "fields": {"session_data": ".eJxVjDsOwjAQBe_iGll2Fn-gpOcM0Xp3jQPIluKkQtwdIqWA9s3Me6kR16WMa5d5nFid1aAOv1tCekjdAN-x3pqmVpd5SnpT9E67vjaW52V3_w4K9vKtMzgjhIgQBPgUXDbZMMfgxXKw-RiFyJiUYnQ8AEXwkBJ4ARJvDar3BwRVOIg:1oeD5e:h8FfGhtcEXxjh20uvoRfsOjeCW1XFiV9FNfSz8D26i0", "expire_date": "2022-10-14T10:17:54.099Z"}}, {"model": "sessions.session", "pk": "ouafufqe7tvwn7g0xzs2h5ft5s3j8sjy", "fields": {"session_data": ".eJxVjDsOwjAQBe_iGll2Fn-gpOcM0Xp3jQPIluKkQtwdIqWA9s3Me6kR16WMa5d5nFid1aAOv1tCekjdAN-x3pqmVpd5SnpT9E67vjaW52V3_w4K9vKtMzgjhIgQBPgUXDbZMMfgxXKw-RiFyJiUYnQ8AEXwkBJ4ARJvDar3BwRVOIg:1nFqti:zzZSOQ9iBASHkNkKINDypsCljFXpuplmRky5N40bo_U", "expire_date": "2022-02-18T05:12:38.992Z"}}, {"model": "sessions.session", "pk": "qvm2szjgc3v8j0vtywpiw918iu2py5ag", "fields": {"session_data": ".eJxVjMsOwiAQRf-FtSFAeRSX7v0GMsMMUjU0Ke3K-O_apAvd3nPOfYkE21rT1nlJE4mz0IMWp98VIT-47Yju0G6zzHNblwnlrsiDdnmdiZ-Xw_07qNDrt_YxWw6ZDNnCxuSI7PSoyIMPFIxxiOic9tpGYDsooyzEkWIIqqDFIt4fM2g4OQ:1pKDAE:vZgxeh6bxDFQmDUVBPENWN5Zyz2TE8SK8ryk3Ikyld4", "expire_date": "2023-02-07T06:52:14.018Z"}}, {"model": "sessions.session", "pk": "ri2nk7vntq02v0sdac1kycodxg3i29od", "fields": {"session_data": ".eJxVjMsOwiAQRf-FtSFAeRSX7v0GMsMMUjU0Ke3K-O_apAvd3nPOfYkE21rT1nlJE4mz0IMWp98VIT-47Yju0G6zzHNblwnlrsiDdnmdiZ-Xw_07qNDrt_YxWw6ZDNnCxuSI7PSoyIMPFIxxiOic9tpGYDsooyzEkWIIqqDFIt4fM2g4OQ:1pp31u:8sWBThdcp8HaiTrPNu5T9JOyRBgKBnKwAiO0ynfsuDI", "expire_date": "2023-05-03T08:19:06.181Z"}}, {"model": "sessions.session", "pk": "rq3dgg6zrj04extkj2p3lgglxk7ia2ry", "fields": {"session_data": ".eJxVjMsOwiAQRf-FtSEzUl4u3fsNZGBAqoYmpV0Z_92QdKHbe865bxFo32rYe17DzOIiUKE4_a6R0jO3gfhB7b7ItLRtnaMcijxol7eF8-t6uH8HlXodNZ81sdWgkdEWjA60IlaJs0N2liZLHgyjKYoIvAGISlP2JSHgpMTnCzAMOBg:1q4In4:PwRyg5BJQADCqIjMt7C2k6c1ZgK42vOE0vwnvBctzEQ", "expire_date": "2023-06-14T10:10:50.522Z"}}, {"model": "sessions.session", "pk": "rrs3603zz05au7vs5r5n0x1ci8iyep0y", "fields": {"session_data": ".eJxVjEEOwiAQRe_C2hBhgLEu3XuGZoYBqRpISrsy3l2bdKHb_977LzXSupRx7WkeJ1FnZdXhd2OKj1Q3IHeqt6Zjq8s8sd4UvdOur03S87K7fweFevnW-QSOTDbsCWxC5wR8GAJJDB6stzajEUaLwSEPAQCEUwRkzJ6cHNX7A894N3M:1q9ifd:ccSiYecPSC44Ib0MPKRc6FEz-3kMH5skCA_FES2ejQI", "expire_date": "2023-06-29T08:49:33.715Z"}}, {"model": "sessions.session", "pk": "s6ixwz996qznqn7pbpnoujnyy62imt6m", "fields": {"session_data": ".eJxVjEEOwiAQRe_C2pCpQKEu3XsGMsNMpWogKe3KeHfbpAvd_vfef6uI65Lj2mSOE6uLMkGdfkfC9JSyE35guVedalnmifSu6IM2fassr-vh_h1kbHmrz6YTIBiEoWdnRieWg_PJBugDJRLEcQDL3pI1zhkykDwHBt8hb636fAEMOTgs:1oSy71:n0Wh8JxSdmdi5N2PQbgUZlfXdcIKUQBCguQuw-yETkI", "expire_date": "2022-09-13T10:04:51.367Z"}}, {"model": "sessions.session", "pk": "sdeoc37yodrc9ka26tvltpj73xloiag0", "fields": {"session_data": ".eJxVjDsOwjAQBe_iGll2Fn-gpOcM0Xp3jQPIluKkQtwdIqWA9s3Me6kR16WMa5d5nFid1aAOv1tCekjdAN-x3pqmVpd5SnpT9E67vjaW52V3_w4K9vKtMzgjhIgQBPgUXDbZMMfgxXKw-RiFyJiUYnQ8AEXwkBJ4ARJvDar3BwRVOIg:1ngOFG:K4DOb_2hu9WeQLup3uisWYhRezXyBzTjq8fH2-PHpDI", "expire_date": "2022-05-02T10:04:34.265Z"}}, {"model": "sessions.session", "pk": "sy16gtztwnahoq8tp3s8q2zqux63mj22", "fields": {"session_data": ".eJxVjDsOwjAQBe_iGll2Fn-gpOcM0Xp3jQPIluKkQtwdIqWA9s3Me6kR16WMa5d5nFid1aAOv1tCekjdAN-x3pqmVpd5SnpT9E67vjaW52V3_w4K9vKtMzgjhIgQBPgUXDbZMMfgxXKw-RiFyJiUYnQ8AEXwkBJ4ARJvDar3BwRVOIg:1nY3TV:MEe8y_VYQnPXPSi4I7rbi_sjlnta4c63p9ompn1sRzg", "expire_date": "2022-04-09T10:16:49.357Z"}}, {"model": "sessions.session", "pk": "u6c817ok7rb13nkwfvg4utuqysj7g3uh", "fields": {"session_data": ".eJxVjEEOwiAQRe_C2hCGEhhcuvcMZIBBqoYmpV013t026UK3773_NxFoXWpYO89hzOIqwFpx-aWR0ovbofKT2mOSaWrLPEZ5JPK0Xd6nzO_b2f4dVOp1X7P3Gg1A1A6cJ8WWBqS44zIoVh6dY22yRaMoccGCSBY1gEnaQwTx-QIWRjeS:1q9iQ2:WnDQS1d0ve1AdkMP-lJTvfNwRDPvlXNij9EFs54A0PM", "expire_date": "2023-06-29T08:33:26.078Z"}}, {"model": "sessions.session", "pk": "v833m9fj7pspvhwwjg28ugeal2or6egj", "fields": {"session_data": ".eJxVjEEOwiAQRe_C2pCpQKEu3XsGMsNMpWogKe3KeHfbpAvd_vfef6uI65Lj2mSOE6uLMkGdfkfC9JSyE35guVedalnmifSu6IM2fassr-vh_h1kbHmrz6YTIBiEoWdnRieWg_PJBugDJRLEcQDL3pI1zhkykDwHBt8hb636fAEMOTgs:1oSy7I:j2aOtRND0ZYvChgTuyQ0Ly-KXeIEi8vDyAUj1s1jU0s", "expire_date": "2022-09-13T10:05:08.622Z"}}, {"model": "sessions.session", "pk": "wprkcvjyovfnfqo7bg6s9f8ru7ekbn64", "fields": {"session_data": ".eJxVjEEOwiAQRe_C2pCpQKEu3XsGMsNMpWogKe3KeHfbpAvd_vfef6uI65Lj2mSOE6uLMkGdfkfC9JSyE35guVedalnmifSu6IM2fassr-vh_h1kbHmrz6YTIBiEoWdnRieWg_PJBugDJRLEcQDL3pI1zhkykDwHBt8hb636fAEMOTgs:1oTIS1:_Lnuhu08wpnQvdSG7UAtfGxD-qTeqmMqGJ0TOlhvUJU", "expire_date": "2022-09-14T07:47:53.718Z"}}, {"model": "sessions.session", "pk": "x8loku9a0mv4hrnuft9sw4c78jjyg22h", "fields": {"session_data": ".eJxVjDsOwjAQBe_iGll2Fn-gpOcM0Xp3jQPIluKkQtwdIqWA9s3Me6kR16WMa5d5nFid1aAOv1tCekjdAN-x3pqmVpd5SnpT9E67vjaW52V3_w4K9vKtMzgjhIgQBPgUXDbZMMfgxXKw-RiFyJiUYnQ8AEXwkBJ4ARJvDar3BwRVOIg:1pOfXr:LsP5AxfemSokxTXg-NhFYCaXuZ0o67oKhYqN4BdYTXM", "expire_date": "2023-02-19T13:59:03.664Z"}}, {"model": "sessions.session", "pk": "yuq4ic9uu6t40bwwq24i20b190jhf6ou", "fields": {"session_data": ".eJxVjDsOwjAQBe_iGll2Fn-gpOcM0Xp3jQPIluKkQtwdIqWA9s3Me6kR16WMa5d5nFid1aAOv1tCekjdAN-x3pqmVpd5SnpT9E67vjaW52V3_w4K9vKtMzgjhIgQBPgUXDbZMMfgxXKw-RiFyJiUYnQ8AEXwkBJ4ARJvDar3BwRVOIg:1nogx7:bE3KZTKY3VNettKreExYKvU5uB7fTRrjN6ybDVvgIh8", "expire_date": "2022-05-25T07:40:09.833Z"}}, {"model": "sessions.session", "pk": "zf9t9lzc2n5z4ptrmvuxvulrrnyq3enf", "fields": {"session_data": ".eJxVjDsOwjAQBe_iGll2Fn-gpOcM0Xp3jQPIluKkQtwdIqWA9s3Me6kR16WMa5d5nFid1aAOv1tCekjdAN-x3pqmVpd5SnpT9E67vjaW52V3_w4K9vKtMzgjhIgQBPgUXDbZMMfgxXKw-RiFyJiUYnQ8AEXwkBJ4ARJvDar3BwRVOIg:1nmBlA:-w8lOWyEgPZF2-ygTwhgKcCLCC1Wi2HJstDhgfS8w_s", "expire_date": "2022-05-18T09:57:28.883Z"}}, {"model": "sessions.session", "pk": "zqpre53d82gu91e6lzjxw8rqjzflfr5b", "fields": {"session_data": ".eJxVjMsOwiAQRf-FtSFAeRSX7v0GMsMMUjU0Ke3K-O_apAvd3nPOfYkE21rT1nlJE4mz0IMWp98VIT-47Yju0G6zzHNblwnlrsiDdnmdiZ-Xw_07qNDrt_YxWw6ZDNnCxuSI7PSoyIMPFIxxiOic9tpGYDsooyzEkWIIqqDFIt4fM2g4OQ:1pp31a:xo72yYGKNvQM5YYNNUht6VHu1JnJ64PIMH_INIF5DUw", "expire_date": "2023-05-03T08:18:46.902Z"}}, {"model": "Accounts.user", "pk": 2, "fields": {"password": "pbkdf2_sha256$260000$rd67wAliohQeuObX8or76y$pwemTXw19AdHHRJbeoIc1WJxI3euG8awxD4n1k7mRE4=", "last_login": "2023-07-01T06:14:15.774Z", "role": 1, "email": "shebirthkerala@gmail.com", "firstname": "Swetha", "lastname": "r", "mobile": null, "profile_img": "", "is_staff": true, "is_active": true, "is_verified": true, "dateJoined": "2021-12-24T07:01:34.233Z", "fcm_token": "eAQryG5hPLRL1pySAlN59S:APA91bFvy17NkjT9z6ggmf9VPGt2asG7f4SMWvEgip0C2Dk9myFYPQ94kDhE_PGJA_5TFAKREl3N5LHRCB4X8CF5N_jzmeikUqUGKDDOkTJ-HnjrryRGLXJFx0PYwf5iSkzSVp31ICCJ"}}, {"model": "Accounts.user", "pk": 19, "fields": {"password": "pbkdf2_sha256$260000$Q7rQ6XKTEY2M8y8MjPQl0J$52EcZqmynEnOpMCqe8ErLC6UKqp7VQm+uuiQjWHPjgE=", "last_login": null, "role": 5, "email": "conusltant@gmail.com", "firstname": "Sidharth", "lastname": null, "mobile": null, "profile_img": "/ProfilePic/default.jpg", "is_staff": false, "is_active": true, "is_verified": true, "dateJoined": "2022-01-15T05:03:26.738Z", "fcm_token": null}}, {"model": "Accounts.user", "pk": 20, "fields": {"password": "pbkdf2_sha256$260000$9yFc7senqkFVuBX6pyS1q6$EN4ApRaoBBIAPe8APAuKK5RJUkQ+fkjfdPCIcvhEzyQ=", "last_login": null, "role": 2, "email": "melvin@gmail.com", "firstname": "Melvin", "lastname": "t", "mobile": "9207060242", "profile_img": "ProfilePic/download_2_FQGZDj6.jpg", "is_staff": false, "is_active": false, "is_verified": true, "dateJoined": "2022-01-15T06:30:47.655Z", "fcm_token": "cLmdGU0NSduhpSFgXwS1xf:APA91bHVpWxxxYQLQdPG0yfurwdMnWwTaEKiRjHV_p_7J7NUZ4x-FbDt-Z4asbMfTQplzb8jogYb4xadG0_ubEWHsoA4d1qQNgodoFMiQ14QBy8q8Y8zU5AeO81CyQpPzf5J5kHgOt-N"}}, {"model": "Accounts.user", "pk": 21, "fields": {"password": "pbkdf2_sha256$260000$9TwgiAxbfis8R4ASSHa5wh$95vy33DYQ9a3y6L6wUWeG5TNc0cXz/CMX0fR7i3QjUg=", "last_login": null, "role": 5, "email": "ashokswethacbe@gmail.com", "firstname": "Swetha R", "lastname": null, "mobile": null, "profile_img": "/ProfilePic/default.jpg", "is_staff": false, "is_active": true, "is_verified": true, "dateJoined": "2022-01-15T07:57:01.027Z", "fcm_token": null}}, {"model": "Accounts.user", "pk": 22, "fields": {"password": "pbkdf2_sha256$260000$Erp6aCfYJ8RCd7sq02xh7x$kyKGS97zfRMpaGlL1fnKWKXUiAIO5Jvht/+zNSJMdXM=", "last_login": null, "role": 3, "email": "mary@gmail.com", "firstname": "Sreelakshmi", "lastname": "s", "mobile": "9947309155", "profile_img": "ProfilePic/FB_IMG_1675003152664.jpg", "is_staff": false, "is_active": false, "is_verified": true, "dateJoined": "2022-01-15T11:02:52.921Z", "fcm_token": null}}, {"model": "Accounts.user", "pk": 23, "fields": {"password": "pbkdf2_sha256$260000$gIwGkYORshdR4apG44D7zs$yrU1y6CqomyqzLJsrzaTqHxzsxuZwrCN9vxk9X/j310=", "last_login": null, "role": 5, "email": "dr.dhivya86@gmail.com", "firstname": "Divya G", "lastname": null, "mobile": null, "profile_img": "/ProfilePic/default.jpg", "is_staff": false, "is_active": true, "is_verified": true, "dateJoined": "2022-01-15T12:05:47.122Z", "fcm_token": null}}, {"model": "Accounts.user", "pk": 25, "fields": {"password": "pbkdf2_sha256$260000$wrR9xqCaSpK2DTxt7BUX8F$SflitquVID55GZbpvOgFri8JNCAI36Mnd4T2gzlRiOw=", "last_login": null, "role": 2, "email": "dr.melvindominic@shebirth.com", "firstname": "Melvin", "lastname": "Dominic", "mobile": "7904199406", "profile_img": "/ProfilePic/default.jpg", "is_staff": false, "is_active": false, "is_verified": true, "dateJoined": "2022-01-15T13:14:59.351Z", "fcm_token": null}}, {"model": "Accounts.user", "pk": 27, "fields": {"password": "pbkdf2_sha256$260000$50h3ybemuWZ8u7YPlERm0p$PI3VaKxRDW64gvqqh3wPlVqjors61MdwZmC3WYo/qz0=", "last_login": null, "role": 5, "email": "drrekhasukumar@gmail.com", "firstname": "Rekha Sukumaran", "lastname": null, "mobile": null, "profile_img": "/ProfilePic/default.jpg", "is_staff": false, "is_active": true, "is_verified": true, "dateJoined": "2022-01-17T05:33:58.630Z", "fcm_token": null}}, {"model": "Accounts.user", "pk": 32, "fields": {"password": "pbkdf2_sha256$260000$dan0HIFTwMjoKNhZEquFDL$nfTLdFc+NE6FfFIo+wr0tNszql8SaoLE6SSZgrBdYwY=", "last_login": null, "role": 5, "email": "dr.melvindominic@gmail.com", "firstname": "melvin dominic", "lastname": "dominic", "mobile": null, "profile_img": "/ProfilePic/default.jpg", "is_staff": false, "is_active": true, "is_verified": true, "dateJoined": "2022-01-17T05:47:26.062Z", "fcm_token": null}}, {"model": "Accounts.user", "pk": 33, "fields": {"password": "pbkdf2_sha256$260000$ntL82GviDms2lyhb7EGAHQ$/h8MAXdFwXvpJ1gYQueQReyBZSp+Te7X8CTHwP8Jf0A=", "last_login": null, "role": 4, "email": "vivekkn91@gmail.com", "firstname": "vivek", "lastname": null, "mobile": null, "profile_img": "/ProfilePic/default.jpg", "is_staff": false, "is_active": true, "is_verified": true, "dateJoined": "2022-01-17T07:52:49.823Z", "fcm_token": "cXPGh3AdUDXgFQHiawe5zb:APA91bE69MBjbVswXJqn2ueA5CMgw6ANfezIXt4s55GeSCiByxxSrCdTfEx8BQfDyrhCI8lpRwMCmt6flH-4sLMCy6MA-QSBTF8GGx1_aDWZxsiPsWZicek08PcAv6ZmffPq_ILSHTGc"}}, {"model": "Accounts.user", "pk": 34, "fields": {"password": "pbkdf2_sha256$260000$Pr9KLNH79eRTIEDTOK1crw$Wn+vj85uuthZ73xyr2+MTHOKinz+Nx26QXGySmLdp2w=", "last_login": null, "role": 3, "email": "v.dhivya006@gmail.com", "firstname": "Dhivya", "lastname": "Nirmal", "mobile": "8778527326", "profile_img": "/ProfilePic/default.jpg", "is_staff": false, "is_active": false, "is_verified": true, "dateJoined": "2022-01-17T10:45:33.128Z", "fcm_token": null}}, {"model": "Accounts.user", "pk": 56, "fields": {"password": "pbkdf2_sha256$260000$eZHv9OJdL5whI4xzj3oTIJ$/qbT0Dgbbk8nc1EMgd97hQv16jY/hLcpSYOkiwTUZWc=", "last_login": null, "role": 2, "email": "drsuganyavenkat@gmail.com", "firstname": "Suganya", "lastname": "Venkat", "mobile": "9535399852", "profile_img": "/ProfilePic/default.jpg", "is_staff": false, "is_active": false, "is_verified": true, "dateJoined": "2022-05-19T07:53:48.478Z", "fcm_token": null}}, {"model": "Accounts.user", "pk": 76, "fields": {"password": "pbkdf2_sha256$260000$bV637L68oOG0UFEWWgFz5K$eHyAptnpdR6QBybHhk5Rm6GUuNIcpkBHIFD9ruRa+Bc=", "last_login": null, "role": 2, "email": "drjyothisenoj@gmail.com", "firstname": "JYOTI", "lastname": "SENOJ", "mobile": "9447785900", "profile_img": "/ProfilePic/default.jpg", "is_staff": false, "is_active": false, "is_verified": true, "dateJoined": "2022-06-29T08:53:13.493Z", "fcm_token": null}}, {"model": "Accounts.user", "pk": 131, "fields": {"password": "pbkdf2_sha256$260000$8sxSbBRWKOmtnhZb57MZQY$BZzk5ZQOr8YJ51n93sRqd7zZf8leZXX1zGap6UzTOS8=", "last_login": "2023-06-15T08:17:27.971Z", "role": null, "email": "swetha@shebirth.com", "firstname": "Admin", "lastname": "Admin", "mobile": null, "profile_img": "/ProfilePic/default.jpg", "is_staff": true, "is_active": true, "is_verified": true, "dateJoined": "2022-11-22T09:44:38.439Z", "fcm_token": "1"}}, {"model": "Accounts.user", "pk": 144, "fields": {"password": "pbkdf2_sha256$260000$PFQzjxO89pAjmJ1GpXzf4A$y8MPVBLPYvTDqZApytKWFb1odGiUFCsbl+/MNkDSyuA=", "last_login": null, "role": 3, "email": "swetharamesh1811@gmail.com", "firstname": "Swetha", "lastname": "R", "mobile": "9710841234", "profile_img": "/ProfilePic/default.jpg", "is_staff": false, "is_active": false, "is_verified": true, "dateJoined": "2023-02-05T14:18:03.789Z", "fcm_token": "f9iMz4cbYD8r0I54A8gIOk:APA91bGblpXA88cdnDPMwPIJIpRZE09K8GStBxBZEAY8Jvpq_DFhADRq7f8hziy5Fk5B56Tlvfa-gUswBk7dkMT_ryxSq7Y72skhTRKbThDFSwHbtge93jeQVJyB4C9ywv_n9scEIGkM"}}, {"model": "Accounts.user", "pk": 145, "fields": {"password": "pbkdf2_sha256$260000$6IWWoVz198khfMGj7mt1sZ$PJCHeCkf2IB0dky3jw0s0sPob7oTy9l9pKzM0Z8WnyE=", "last_login": null, "role": 3, "email": "vivekkn09@gmail.com", "firstname": "jisa", "lastname": "ks", "mobile": "7558973998", "profile_img": "/ProfilePic/default.jpg", "is_staff": false, "is_active": false, "is_verified": true, "dateJoined": "2023-02-06T04:05:52.470Z", "fcm_token": null}}, {"model": "Accounts.user", "pk": 146, "fields": {"password": "pbkdf2_sha256$260000$YdMATpOvLFlvLU5ehBRanN$/PJlH//zh1g33WDKDIog1Hcq1Y1UueTPqtglKcf50Dc=", "last_login": null, "role": 7, "email": "hari@gmail.com", "firstname": "hari", "lastname": "ks", "mobile": "7558973998", "profile_img": "ProfilePic/Dazzie_Color_Pallete.png", "is_staff": false, "is_active": true, "is_verified": true, "dateJoined": "2023-02-07T10:07:32.693Z", "fcm_token": null}}, {"model": "Accounts.user", "pk": 147, "fields": {"password": "pbkdf2_sha256$260000$ssaMZQmm00ygvlmBOKyL7U$dKi1/SW7AiaRln4zou5nrciBvhkgb96AmSkePh08A00=", "last_login": null, "role": 3, "email": "testuser@gmail.com", "firstname": "test", "lastname": "user", "mobile": "07558973998", "profile_img": "/ProfilePic/default.jpg", "is_staff": false, "is_active": false, "is_verified": true, "dateJoined": "2023-03-03T04:38:30.832Z", "fcm_token": null}}, {"model": "Accounts.user", "pk": 148, "fields": {"password": "pbkdf2_sha256$260000$SnRIZMFgHuuGxofHtGew2r$qLfe+3vidI0MVhhTaetd4tzRd2MR/95pGtnER9AGYNo=", "last_login": null, "role": 3, "email": "lakshmi@gmail.com", "firstname": "lakshmi", "lastname": "k", "mobile": "7558973998", "profile_img": "/ProfilePic/default.jpg", "is_staff": false, "is_active": false, "is_verified": true, "dateJoined": "2023-03-27T07:54:49.655Z", "fcm_token": "cXPGh3AdUDXgFQHiawe5zb:APA91bE69MBjbVswXJqn2ueA5CMgw6ANfezIXt4s55GeSCiByxxSrCdTfEx8BQfDyrhCI8lpRwMCmt6flH-4sLMCy6MA-QSBTF8GGx1_aDWZxsiPsWZicek08PcAv6ZmffPq_ILSHTGc"}}, {"model": "Accounts.user", "pk": 149, "fields": {"password": "pbkdf2_sha256$260000$euZeeb8uPbhjMwbLLjObgc$uLa2VCZ6XADGH/HC5xsvwKSfYLs07o1efNH5S+R2SWw=", "last_login": null, "role": 3, "email": "misha@gmail.com", "firstname": "misha", "lastname": "s", "mobile": "7558973998", "profile_img": "/ProfilePic/default.jpg", "is_staff": false, "is_active": false, "is_verified": true, "dateJoined": "2023-04-07T05:17:05.593Z", "fcm_token": "cq6qX1L1XHwuPas1qjpy6k:APA91bFI6hWOQ_Asar6xMe0LCxiMnagzriyzm6__gKFEL5Sd5f6UQU6iNO7W8JjOa9CxHJstP_IP44QRZGG0b0tvXVFMQkitt0sAXYdavOIeHZoHLyuuuTDoJpSDeCZUVkd-Zlmo6HjC"}}, {"model": "Accounts.user", "pk": 150, "fields": {"password": "pbkdf2_sha256$260000$Y9bvDrWyVDnGTQa8Ig6uk8$E+5+JpTTheRmsKdtULq/3somWwbq78RIKjU1m8cExeA=", "last_login": null, "role": 3, "email": "malar@gmail.com", "firstname": "Malar", "lastname": "S", "mobile": "9867521300", "profile_img": "/ProfilePic/default.jpg", "is_staff": false, "is_active": false, "is_verified": true, "dateJoined": "2023-04-08T05:41:17.303Z", "fcm_token": null}}, {"model": "Accounts.user", "pk": 151, "fields": {"password": "pbkdf2_sha256$260000$YFJ1ctQVROEvyCHhcBYdFp$1nyO3wN8lLNKYNh73P2GFEECEfSkHwW5yag5Skw2IdI=", "last_login": null, "role": 2, "email": "babybirthschool@gmail.com", "firstname": "kevin", "lastname": "cb", "mobile": "7558973998", "profile_img": "/ProfilePic/default.jpg", "is_staff": false, "is_active": true, "is_verified": true, "dateJoined": "2023-04-19T08:40:11.164Z", "fcm_token": null}}, {"model": "Accounts.user", "pk": 152, "fields": {"password": "pbkdf2_sha256$260000$AxqNOvbL9KRJIykZswwEhe$o3/46rfXXs2O/XVx13REsQ5JGUsHzyB58gWFp3x+Bfo=", "last_login": null, "role": 3, "email": "sweztech@gmail.com", "firstname": "smitha", "lastname": "shaji", "mobile": "07558973998", "profile_img": "/ProfilePic/default.jpg", "is_staff": false, "is_active": true, "is_verified": true, "dateJoined": "2023-04-19T08:43:37.641Z", "fcm_token": null}}, {"model": "Accounts.user", "pk": 153, "fields": {"password": "pbkdf2_sha256$260000$dnoh6BtXVrym7q8SQpNKhT$mpiIz06IImMRuhpXLlxiB2qryPF2V4cL9sTM2ULw9yM=", "last_login": null, "role": 5, "email": "swezit2021@gmail.com", "firstname": "shwez", "lastname": null, "mobile": null, "profile_img": "/ProfilePic/default.jpg", "is_staff": false, "is_active": true, "is_verified": true, "dateJoined": "2023-04-19T08:50:05.725Z", "fcm_token": null}}, {"model": "Accounts.user", "pk": 154, "fields": {"password": "pbkdf2_sha256$260000$R9ZNLM8XuNVEZY95IsCWzh$618TARWJTzgiYCGYie/gsuxJBUvttwnUaha9qukWO+g=", "last_login": null, "role": 2, "email": "jisha@gmail.com", "firstname": "jisha", "lastname": "T", "mobile": "7558973998", "profile_img": "/ProfilePic/default.jpg", "is_staff": false, "is_active": true, "is_verified": true, "dateJoined": "2023-04-19T08:54:22.316Z", "fcm_token": null}}, {"model": "Accounts.user", "pk": 155, "fields": {"password": "pbkdf2_sha256$260000$sC9cgCAmDEgUPgxqcnKZx4$McsOFz8QDsq/6J3xjDb9QfG6PsuK5Ef1T1toqyEQWJs=", "last_login": null, "role": 4, "email": "aby@gmail.com", "firstname": "aby", "lastname": null, "mobile": null, "profile_img": "/ProfilePic/default.jpg", "is_staff": false, "is_active": true, "is_verified": true, "dateJoined": "2023-04-19T08:57:52.823Z", "fcm_token": null}}, {"model": "Accounts.user", "pk": 156, "fields": {"password": "pbkdf2_sha256$260000$9hLA1Mx6W6rkZKxH5atdAU$g9G1uwhv0xlY27AX59vVRtNA7EJjbHSZ8yfW4rIqIR4=", "last_login": null, "role": 5, "email": "jobin@gmail.com", "firstname": "jobin", "lastname": null, "mobile": null, "profile_img": "/ProfilePic/default.jpg", "is_staff": false, "is_active": true, "is_verified": true, "dateJoined": "2023-04-19T08:58:52.658Z", "fcm_token": null}}, {"model": "Accounts.user", "pk": 157, "fields": {"password": "pbkdf2_sha256$260000$o9NVk1y5GdJqtJMEWqQgvO$sa68Z60xrawR9eut2MZ6hSsKDKKVQI+RQ88vFcYYEQ4=", "last_login": null, "role": 3, "email": "nancy@gmail.com", "firstname": "nancy", "lastname": "K", "mobile": "7558973998", "profile_img": "/ProfilePic/default.jpg", "is_staff": false, "is_active": true, "is_verified": true, "dateJoined": "2023-04-19T09:02:33.073Z", "fcm_token": null}}, {"model": "Accounts.user", "pk": 158, "fields": {"password": "pbkdf2_sha256$260000$glo3KSUYRqxsGbQAPKR1XM$vwLXNH9h/wDfN7euXPprv2EW+5EoKzle9/7n3tDMzw8=", "last_login": null, "role": 3, "email": "sruthi@gmail.com", "firstname": "sruthi", "lastname": "j", "mobile": "7558973998", "profile_img": "/ProfilePic/default.jpg", "is_staff": false, "is_active": true, "is_verified": true, "dateJoined": "2023-04-25T04:23:50.223Z", "fcm_token": null}}, {"model": "Accounts.user", "pk": 159, "fields": {"password": "pbkdf2_sha256$260000$92VnZ6UOm7QZ6GtgZiHbwD$xg2n8XZ/MghJ+16bQZMs9eY5VoFc9tlurGIKHkKSRuU=", "last_login": null, "role": 3, "email": "reshmi@gmail.com", "firstname": "reshmi", "lastname": "d", "mobile": "07558973998", "profile_img": "/ProfilePic/default.jpg", "is_staff": false, "is_active": true, "is_verified": true, "dateJoined": "2023-04-25T04:50:11.497Z", "fcm_token": null}}, {"model": "Accounts.user", "pk": 160, "fields": {"password": "pbkdf2_sha256$260000$cSBw9K5ZRXOaFx3rMSNxeT$oFqCKlWZR6Ci3uovwAjYSsV7XpGoRZrt+NYI5lkdiE8=", "last_login": null, "role": 3, "email": "bini@gmail.com", "firstname": "bini", "lastname": "d", "mobile": "07558973998", "profile_img": "/ProfilePic/default.jpg", "is_staff": false, "is_active": true, "is_verified": true, "dateJoined": "2023-04-25T04:54:14.864Z", "fcm_token": null}}, {"model": "Accounts.user", "pk": 161, "fields": {"password": "pbkdf2_sha256$260000$SF2JMPpWrAVYgQPiAqMort$qlscd7KOtwa0G5EDdRKyIvNvLv0eRfUIfZrC7kLbTME=", "last_login": null, "role": 7, "email": "harik@gmail.com", "firstname": "hari", "lastname": "j", "mobile": "7558973998", "profile_img": "ProfilePic/Leonardo_Select_restaurant_pos_machine_computer_1.jpg", "is_staff": false, "is_active": true, "is_verified": true, "dateJoined": "2023-05-08T03:50:45.285Z", "fcm_token": null}}, {"model": "Accounts.user", "pk": 162, "fields": {"password": "pbkdf2_sha256$260000$G0RKjh9p5aWNJcTCqac3PU$Ximax1SQd1o8IMuimW/5V1tmQ7ATvhGJNAz+8kTvvM8=", "last_login": null, "role": 6, "email": "stjames@gmail.com", "firstname": "st james", "lastname": null, "mobile": null, "profile_img": "/ProfilePic/default.jpg", "is_staff": false, "is_active": true, "is_verified": true, "dateJoined": "2023-05-15T08:02:23.587Z", "fcm_token": null}}, {"model": "Accounts.user", "pk": 163, "fields": {"password": "pbkdf2_sha256$260000$DcCg8u4HTckReR2Hmxat6b$XtDyOsoxDq6PP1diX7CM+sZehW3mWaCmHz0mkUUJXq8=", "last_login": null, "role": 3, "email": "anjana@gmail.com", "firstname": "anjana", "lastname": "r", "mobile": "7558973998", "profile_img": "/ProfilePic/default.jpg", "is_staff": false, "is_active": true, "is_verified": true, "dateJoined": "2023-05-22T04:22:50.799Z", "fcm_token": null}}, {"model": "Accounts.user", "pk": 164, "fields": {"password": "pbkdf2_sha256$260000$G7Ei8rMf3IKotwAtoUjrJW$Z0KkSFvmJkE1cCRkKjwqdxrC2V3PRGAib2d40qrUzAU=", "last_login": null, "role": 3, "email": "rsfahn@gmail.com", "firstname": "anjdnj", "lastname": "amkmak", "mobile": "9087654323", "profile_img": "/ProfilePic/default.jpg", "is_staff": false, "is_active": true, "is_verified": true, "dateJoined": "2023-05-22T13:56:36.552Z", "fcm_token": null}}, {"model": "Accounts.user", "pk": 165, "fields": {"password": "pbkdf2_sha256$260000$s2yaP3k3OcI8JOGBsRRVLX$WGtO7JXnCNHXUUhXpjwx/ukwCumts8uLihLjGln78FM=", "last_login": null, "role": 3, "email": "meena@gmail.com", "firstname": "meera", "lastname": "g", "mobile": "7558973998", "profile_img": "/ProfilePic/default.jpg", "is_staff": false, "is_active": false, "is_verified": true, "dateJoined": "2023-05-24T03:43:20.486Z", "fcm_token": null}}, {"model": "Accounts.user", "pk": 166, "fields": {"password": "pbkdf2_sha256$260000$FxHluk6o1uIgNWuOManV6R$s1KvYtlvjFskKzZAiNOmONMyQMeUziTcxx7C60/UJsI=", "last_login": "2023-06-15T08:33:26.074Z", "role": 1, "email": "admin@admin.com", "firstname": "Admin", "lastname": "Admin", "mobile": null, "profile_img": "/ProfilePic/default.jpg", "is_staff": true, "is_active": true, "is_verified": true, "dateJoined": "2023-06-01T08:25:35.992Z", "fcm_token": ""}}, {"model": "Accounts.user", "pk": 167, "fields": {"password": "pbkdf2_sha256$260000$E6MhL92ttSqOKR7r0pZsOU$PWofx3TxJjZ74BZkptx8xhxIA6YjqKAqWo/c6U9SLwg=", "last_login": null, "role": 3, "email": "veer@gmail.com", "firstname": "veera", "lastname": "chinnu", "mobile": "916383370939", "profile_img": "/ProfilePic/default.jpg", "is_staff": false, "is_active": true, "is_verified": true, "dateJoined": "2023-06-03T16:04:57.216Z", "fcm_token": null}}, {"model": "Accounts.user", "pk": 168, "fields": {"password": "pbkdf2_sha256$260000$nXw7rBdPkfv4f7ypopsdbi$p4fesHtuCM+AgtI+Hu6GPmlSjm0Pp5AY1sdp/CgH98s=", "last_login": null, "role": 3, "email": "rsswetha@gmail.com", "firstname": "swetha", "lastname": "rs", "mobile": "9710841234", "profile_img": "/ProfilePic/default.jpg", "is_staff": false, "is_active": true, "is_verified": true, "dateJoined": "2023-06-05T13:41:26.216Z", "fcm_token": null}}, {"model": "Accounts.user", "pk": 169, "fields": {"password": "pbkdf2_sha256$260000$zsZgi70EWsG1ayYMepXVnm$yJQeQc4phSDoaujAPZ1ZpHy0jZfeIuRkxIVHqjNKNB0=", "last_login": null, "role": 3, "email": "swetharamesh@gmail.com", "firstname": "Swetha", "lastname": "Rs", "mobile": "9710841234", "profile_img": "/ProfilePic/default.jpg", "is_staff": false, "is_active": false, "is_verified": true, "dateJoined": "2023-06-14T05:11:39.524Z", "fcm_token": null}}, {"model": "Accounts.user", "pk": 170, "fields": {"password": "pbkdf2_sha256$260000$m8VZbDx9hdqkcOjqYRxVh7$j6suSUZS6MI0FvYPuHvg6eDbqXTaoPfwwl2ktX//PWE=", "last_login": null, "role": 3, "email": "nitha@gmail.com", "firstname": "nitha", "lastname": "S", "mobile": "7558973998", "profile_img": "/ProfilePic/default.jpg", "is_staff": false, "is_active": true, "is_verified": true, "dateJoined": "2023-06-14T08:45:29.782Z", "fcm_token": null}}, {"model": "Accounts.user", "pk": 171, "fields": {"password": "pbkdf2_sha256$260000$sbEA5Uj6HYwvVqByHsstXc$xUK90WfcTaCBmt5xxgIAcjvxanAC3n3zmqbIVE9EGdU=", "last_login": null, "role": 3, "email": "varsha@gmail.com", "firstname": "varsha", "lastname": "s", "mobile": "07558973998", "profile_img": "/ProfilePic/default.jpg", "is_staff": false, "is_active": true, "is_verified": true, "dateJoined": "2023-06-15T07:08:39.886Z", "fcm_token": null}}, {"model": "Accounts.user", "pk": 172, "fields": {"password": "pbkdf2_sha256$260000$V7H5le3WQmCXai3byOfQ6b$fPQM88uW9SH93EPbBXId/Cnxfor5DI1C9eJY5VbYNFE=", "last_login": null, "role": 3, "email": "smi@gmail.com", "firstname": "simi", "lastname": "r", "mobile": "07558973998", "profile_img": "/ProfilePic/default.jpg", "is_staff": false, "is_active": true, "is_verified": true, "dateJoined": "2023-06-15T07:51:08.945Z", "fcm_token": null}}, {"model": "Accounts.user", "pk": 173, "fields": {"password": "pbkdf2_sha256$260000$qaO0fcu7J4x7MmYIZygjgs$6j8006NxnQeFA15Nu+UZayVeXN5PLxWrKFpCTRSZ/tU=", "last_login": null, "role": 3, "email": "awetharr@gmail.com", "firstname": "Swetha", "lastname": "r", "mobile": "9710841234", "profile_img": "/ProfilePic/default.jpg", "is_staff": false, "is_active": false, "is_verified": true, "dateJoined": "2023-06-15T08:26:33.175Z", "fcm_token": null}}, {"model": "Accounts.user", "pk": 174, "fields": {"password": "pbkdf2_sha256$260000$rib7Agc5RDyviM12XBJp2R$AL5u5dyk1RYmRN87vpvWEpRpQvwMK1Vd9jgi2e/gZv4=", "last_login": null, "role": 3, "email": "fathima@gmail.com", "firstname": "fathima", "lastname": "s", "mobile": "7558973998", "profile_img": "/ProfilePic/default.jpg", "is_staff": false, "is_active": true, "is_verified": true, "dateJoined": "2023-06-15T08:55:52.365Z", "fcm_token": null}}, {"model": "Accounts.user", "pk": 175, "fields": {"password": "pbkdf2_sha256$260000$KvDmiKzvHxmBKhVyp1a0zd$vXXuOLx8v21cHTqt8H792Q4wN9zh+Z7KAK5HyEfpKq4=", "last_login": null, "role": 4, "email": "maniyammal@shebirth.in", "firstname": "Maniyammal P", "lastname": null, "mobile": null, "profile_img": "/ProfilePic/default.jpg", "is_staff": false, "is_active": true, "is_verified": true, "dateJoined": "2023-06-22T09:09:00.474Z", "fcm_token": null}}, {"model": "Accounts.user", "pk": 176, "fields": {"password": "pbkdf2_sha256$260000$KqFvYHcswAsccuNMYArAJp$a0B1QbGta8ZFPq7CaklzFFzQvsnjMzWOVLH5ynQfwkw=", "last_login": null, "role": 4, "email": "moupali@shebirth.in", "firstname": "Moupali Chakraborty", "lastname": null, "mobile": null, "profile_img": "/ProfilePic/default.jpg", "is_staff": false, "is_active": true, "is_verified": true, "dateJoined": "2023-06-22T09:11:51.395Z", "fcm_token": null}}, {"model": "Accounts.user", "pk": 177, "fields": {"password": "pbkdf2_sha256$260000$c8mrw2EaL5qBhEKF8yQNzG$MdXW+xbLehFA1A7SW3IZcYNeegc6jnVvXOSH1+QFZDM=", "last_login": null, "role": 5, "email": "ameena.shanavas@shebirth.in", "firstname": "Ameena Shanavas", "lastname": null, "mobile": null, "profile_img": "/ProfilePic/default.jpg", "is_staff": false, "is_active": true, "is_verified": true, "dateJoined": "2023-06-22T09:13:07.015Z", "fcm_token": null}}, {"model": "Accounts.user", "pk": 178, "fields": {"password": "pbkdf2_sha256$260000$Q2KOWZ2TJBuSOmbvHneRX7$Tx+Mn/gqdEHd2enyZBrf0OIHh8kFGlx79VIi93UMmRA=", "last_login": null, "role": 5, "email": "yjayanthi.b@shebirth.in", "firstname": "Yjayanthi B", "lastname": null, "mobile": null, "profile_img": "/ProfilePic/default.jpg", "is_staff": false, "is_active": true, "is_verified": true, "dateJoined": "2023-06-22T09:15:02.225Z", "fcm_token": null}}, {"model": "Accounts.user", "pk": 179, "fields": {"password": "pbkdf2_sha256$260000$zHarMhVarEfDba6DmPEMNb$M4eCuChC9mtLuhPjtaSgrCoMfxcWTY2gZnzTp/ck3vM=", "last_login": null, "role": 5, "email": "nafeesath.linah@shebirth.in", "firstname": "Nafeesath Linah", "lastname": null, "mobile": null, "profile_img": "/ProfilePic/default.jpg", "is_staff": false, "is_active": true, "is_verified": true, "dateJoined": "2023-06-22T09:15:49.229Z", "fcm_token": null}}, {"model": "Accounts.user", "pk": 180, "fields": {"password": "shebirth@098", "last_login": null, "role": 1, "email": "Admin@shebirth.in", "firstname": "Admin", "lastname": "new", "mobile": null, "profile_img": "/ProfilePic/default.jpg", "is_staff": true, "is_active": true, "is_verified": true, "dateJoined": "2023-06-23T05:31:15.872Z", "fcm_token": ""}}, {"model": "Accounts.user", "pk": 181, "fields": {"password": "pbkdf2_sha256$260000$pta1j7dAsUVxyrKvQzsnS7$eeHoYa2mjW8oMIOwFN6QAxWk6D9tM5GHjwW0TQt0YQM=", "last_login": null, "role": 2, "email": "yjayanthirao17@gmail.com", "firstname": "Yjayanthi", "lastname": "B", "mobile": "9108368727", "profile_img": "/ProfilePic/default.jpg", "is_staff": false, "is_active": true, "is_verified": true, "dateJoined": "2023-06-23T07:10:11.297Z", "fcm_token": null}}, {"model": "Accounts.user", "pk": 182, "fields": {"password": "pbkdf2_sha256$260000$M2feSSwJUsYwwP4dxra9CO$i31fETv0lqHtKbAu09hN5yFxkxYC5d4l0VcY9k/LNbQ=", "last_login": null, "role": 2, "email": "nafeesathlinah@gmail.com", "firstname": "Nafeesath", "lastname": "Linah", "mobile": "8075722360", "profile_img": "/ProfilePic/default.jpg", "is_staff": false, "is_active": true, "is_verified": true, "dateJoined": "2023-06-23T07:18:04.458Z", "fcm_token": null}}, {"model": "Accounts.user", "pk": 183, "fields": {"password": "pbkdf2_sha256$260000$ONI39iec3pi9dtxIPYLfa9$WE32MvUz3JoZTcrTBVFYWNw3tG5WDaIdrGvMPRL2CQw=", "last_login": null, "role": 3, "email": "shebirthmelvin@gmail.com", "firstname": "Melvincj", "lastname": "Kumar", "mobile": "9710841234", "profile_img": "/ProfilePic/default.jpg", "is_staff": false, "is_active": true, "is_verified": true, "dateJoined": "2023-06-27T04:33:19.357Z", "fcm_token": null}}, {"model": "Accounts.user", "pk": 184, "fields": {"password": "pbkdf2_sha256$260000$zyuvzGwV1Al41C99miqu6i$mQf7WTGzEXqk+61ROH9mS9/IZfKSxookZwMW+QhnfvU=", "last_login": null, "role": 3, "email": "ashwathy@gmail.com", "firstname": "ashwathy", "lastname": "s", "mobile": "7558973998", "profile_img": "/ProfilePic/default.jpg", "is_staff": false, "is_active": false, "is_verified": true, "dateJoined": "2023-06-27T07:46:47.683Z", "fcm_token": null}}, {"model": "Accounts.user", "pk": 185, "fields": {"password": "pbkdf2_sha256$260000$CZAb8xMrWw5g6LIggmEiGV$CEqA+5VVdOlidkP2wXanlLyOb5Aarm4Pzcvs2Y95J78=", "last_login": null, "role": 3, "email": "misha1@gmail.com", "firstname": "misha", "lastname": "s", "mobile": "7558973998", "profile_img": "/ProfilePic/default.jpg", "is_staff": false, "is_active": false, "is_verified": true, "dateJoined": "2023-06-27T08:05:53.491Z", "fcm_token": null}}, {"model": "Accounts.user", "pk": 186, "fields": {"password": "pbkdf2_sha256$260000$vHF2oUor5OxxaKEg02CoW3$Yiy/0CUhhi5UVRR57Uvtvi5Y5MzP1OjUHNw7mE+ZhyI=", "last_login": null, "role": 2, "email": "gg2410@gmail.com", "firstname": "GIGI", "lastname": "SELVAN", "mobile": "9843298077", "profile_img": "/ProfilePic/default.jpg", "is_staff": false, "is_active": true, "is_verified": true, "dateJoined": "2023-07-01T12:23:03.545Z", "fcm_token": null}}, {"model": "Accounts.hospitalmanagerdetails", "pk": 10, "fields": {"user": 162, "location": "chalakudy", "passwordString": "Shebirth@123"}}, {"model": "Accounts.doctordetails", "pk": 10, "fields": {"user": 151, "speciality": "obstretician", "qualification": "MBBS", "medicalCouncil": "yes", "councilRegNo": "123456", "hospitals": "jdioh", "interests": "consultant", "placeOfWork": "kochi", "onlineConsultation": "yes", "experience": 3, "age": 35, "languages": "jjkh", "location": null, "referalId": "K12345", "price": 10, "gender": null, "hospitalManager": null}}, {"model": "Accounts.doctordetails", "pk": 11, "fields": {"user": 154, "speciality": "psychiatrist", "qualification": "MBBS", "medicalCouncil": "yes", "councilRegNo": "2356", "hospitals": "st james", "interests": "consultant", "placeOfWork": "kochi", "onlineConsultation": "yes", "experience": 1, "age": 35, "languages": "english", "location": null, "referalId": "J12345", "price": 100, "gender": null, "hospitalManager": null}}, {"model": "Accounts.doctordetails", "pk": 12, "fields": {"user": 181, "speciality": "Psychologist", "qualification": "MSc Clinical Psychology", "medicalCouncil": "no", "councilRegNo": "nil", "hospitals": "shebirth", "interests": "nil", "placeOfWork": "banglore", "onlineConsultation": "yes", "experience": 2, "age": 24, "languages": "", "location": null, "referalId": "Y1234", "price": 0, "gender": null, "hospitalManager": null}}, {"model": "Accounts.doctordetails", "pk": 13, "fields": {"user": 182, "speciality": "deitician", "qualification": "BSC. FOOD NUTRITION & DIETETICS", "medicalCouncil": "no", "councilRegNo": "nil", "hospitals": "shebirth", "interests": "nill", "placeOfWork": "Bangalore", "onlineConsultation": "no", "experience": 2, "age": 23, "languages": "", "location": null, "referalId": "N1234", "price": 0, "gender": null, "hospitalManager": null}}, {"model": "Accounts.doctordetails", "pk": 14, "fields": {"user": 186, "speciality": "obstretician", "qualification": "MBBS MD O& G MMU", "medicalCouncil": "yes", "councilRegNo": "40115", "hospitals": "Annai Velankanni Multispeciality Hospital", "interests": "obstetrician", "placeOfWork": "Tirunelveli", "onlineConsultation": "yes", "experience": 35, "age": 62, "languages": "", "location": null, "referalId": "GIGI2211", "price": 0, "gender": null, "hospitalManager": null}}, {"model": "Accounts.consultantinfo", "pk": 3, "fields": {"user": 21, "location": "palakkad", "passwordString": "Shebirth@123"}}, {"model": "Accounts.consultantinfo", "pk": 12, "fields": {"user": 153, "location": "kochi", "passwordString": "Shebirth@123"}}, {"model": "Accounts.consultantinfo", "pk": 13, "fields": {"user": 156, "location": "thrissur", "passwordString": "Shebirth@123"}}, {"model": "Accounts.consultantinfo", "pk": 14, "fields": {"user": 177, "location": "Thrissur, Kerala", "passwordString": "Shebirth@123"}}, {"model": "Accounts.consultantinfo", "pk": 15, "fields": {"user": 178, "location": "Bangalore North, Karnataka", "passwordString": "Shebirth@123"}}, {"model": "Accounts.consultantinfo", "pk": 16, "fields": {"user": 179, "location": "Kasargod, Kerala", "passwordString": "Shebirth@123"}}, {"model": "Accounts.customerdetails", "pk": 89, "fields": {"user": 152, "age": 25, "weight": null, "job": null, "address": "kokkampadth h poovathussery po", "husband": null, "location": null, "Idproof": "", "marriedSince": null, "babies_number": null, "abortions": null, "twins": null, "diabetes": null, "allergic_reaction": null, "surgery": null, "Menstruation": null, "Menstruation_date": "2023-04-03", "hereditory": null, "gynacology": null, "no_of_babies_pregnant_with": null, "doctor_final_visit": null, "prescription": "", "drugUse": null, "referalId": 10, "fcm_token": null}}, {"model": "Accounts.customerdetails", "pk": 90, "fields": {"user": 157, "age": 29, "weight": null, "job": null, "address": "kokkampadth h poovathussery po", "husband": "", "location": null, "Idproof": "", "marriedSince": null, "babies_number": null, "abortions": "", "twins": "", "diabetes": "", "allergic_reaction": "", "surgery": "", "Menstruation": "", "Menstruation_date": "2023-04-03", "hereditory": "", "gynacology": "", "no_of_babies_pregnant_with": "", "doctor_final_visit": null, "prescription": "", "drugUse": null, "referalId": 11, "fcm_token": null}}, {"model": "Accounts.customerdetails", "pk": 91, "fields": {"user": 158, "age": 26, "weight": null, "job": null, "address": "kokkampadth h poovathussery po", "husband": null, "location": null, "Idproof": "", "marriedSince": null, "babies_number": null, "abortions": null, "twins": null, "diabetes": null, "allergic_reaction": null, "surgery": null, "Menstruation": null, "Menstruation_date": "2023-04-12", "hereditory": null, "gynacology": null, "no_of_babies_pregnant_with": null, "doctor_final_visit": null, "prescription": "", "drugUse": null, "referalId": 11, "fcm_token": null}}, {"model": "Accounts.customerdetails", "pk": 92, "fields": {"user": 159, "age": 28, "weight": null, "job": null, "address": "kokkampadth h poovathussery po", "husband": null, "location": null, "Idproof": "", "marriedSince": null, "babies_number": null, "abortions": null, "twins": null, "diabetes": null, "allergic_reaction": null, "surgery": null, "Menstruation": null, "Menstruation_date": "2023-04-03", "hereditory": null, "gynacology": null, "no_of_babies_pregnant_with": null, "doctor_final_visit": null, "prescription": "", "drugUse": null, "referalId": 11, "fcm_token": null}}, {"model": "Accounts.customerdetails", "pk": 93, "fields": {"user": 160, "age": 25, "weight": null, "job": null, "address": "kokkampadth h poovathussery po", "husband": null, "location": null, "Idproof": "", "marriedSince": null, "babies_number": null, "abortions": null, "twins": null, "diabetes": null, "allergic_reaction": null, "surgery": null, "Menstruation": null, "Menstruation_date": "2023-04-12", "hereditory": null, "gynacology": null, "no_of_babies_pregnant_with": null, "doctor_final_visit": null, "prescription": "", "drugUse": null, "referalId": 11, "fcm_token": null}}, {"model": "Accounts.customerdetails", "pk": 94, "fields": {"user": 163, "age": 29, "weight": null, "job": null, "address": "abc adress", "husband": null, "location": null, "Idproof": "", "marriedSince": null, "babies_number": null, "abortions": null, "twins": null, "diabetes": null, "allergic_reaction": null, "surgery": null, "Menstruation": null, "Menstruation_date": "2023-04-12", "hereditory": null, "gynacology": null, "no_of_babies_pregnant_with": null, "doctor_final_visit": null, "prescription": "", "drugUse": null, "referalId": 11, "fcm_token": null}}, {"model": "Accounts.customerdetails", "pk": 95, "fields": {"user": 164, "age": 29, "weight": null, "job": null, "address": "Idukki", "husband": null, "location": null, "Idproof": "", "marriedSince": null, "babies_number": null, "abortions": null, "twins": null, "diabetes": null, "allergic_reaction": null, "surgery": null, "Menstruation": null, "Menstruation_date": "2023-05-02", "hereditory": null, "gynacology": null, "no_of_babies_pregnant_with": null, "doctor_final_visit": null, "prescription": "", "drugUse": null, "referalId": 11, "fcm_token": null}}, {"model": "Accounts.customerdetails", "pk": 96, "fields": {"user": 165, "age": 28, "weight": null, "job": null, "address": "abcadress", "husband": null, "location": null, "Idproof": "", "marriedSince": null, "babies_number": null, "abortions": null, "twins": null, "diabetes": null, "allergic_reaction": null, "surgery": null, "Menstruation": null, "Menstruation_date": "2023-05-20", "hereditory": null, "gynacology": null, "no_of_babies_pregnant_with": null, "doctor_final_visit": null, "prescription": "", "drugUse": null, "referalId": 11, "fcm_token": null}}, {"model": "Accounts.customerdetails", "pk": 97, "fields": {"user": 167, "age": 35, "weight": null, "job": null, "address": "2/90 west street,kariapatti,madurai", "husband": null, "location": null, "Idproof": "", "marriedSince": null, "babies_number": null, "abortions": null, "twins": null, "diabetes": null, "allergic_reaction": null, "surgery": null, "Menstruation": null, "Menstruation_date": "2023-04-02", "hereditory": null, "gynacology": null, "no_of_babies_pregnant_with": null, "doctor_final_visit": null, "prescription": "", "drugUse": null, "referalId": 11, "fcm_token": null}}, {"model": "Accounts.customerdetails", "pk": 98, "fields": {"user": 168, "age": 32, "weight": null, "job": null, "address": "znjd", "husband": null, "location": null, "Idproof": "", "marriedSince": null, "babies_number": null, "abortions": null, "twins": null, "diabetes": null, "allergic_reaction": null, "surgery": null, "Menstruation": null, "Menstruation_date": "2023-04-01", "hereditory": null, "gynacology": null, "no_of_babies_pregnant_with": null, "doctor_final_visit": null, "prescription": "", "drugUse": null, "referalId": 11, "fcm_token": null}}, {"model": "Accounts.customerdetails", "pk": 99, "fields": {"user": 169, "age": 20, "weight": null, "job": null, "address": "bbbhmkkk", "husband": null, "location": null, "Idproof": "", "marriedSince": null, "babies_number": null, "abortions": null, "twins": null, "diabetes": null, "allergic_reaction": null, "surgery": null, "Menstruation": null, "Menstruation_date": "2023-04-08", "hereditory": null, "gynacology": null, "no_of_babies_pregnant_with": null, "doctor_final_visit": null, "prescription": "", "drugUse": null, "referalId": 11, "fcm_token": null}}, {"model": "Accounts.customerdetails", "pk": 100, "fields": {"user": 170, "age": 26, "weight": null, "job": null, "address": "kokkampadth h poovathussery po", "husband": null, "location": null, "Idproof": "", "marriedSince": null, "babies_number": null, "abortions": null, "twins": null, "diabetes": null, "allergic_reaction": null, "surgery": null, "Menstruation": null, "Menstruation_date": "2023-06-28", "hereditory": null, "gynacology": null, "no_of_babies_pregnant_with": null, "doctor_final_visit": null, "prescription": "", "drugUse": null, "referalId": 10, "fcm_token": null}}, {"model": "Accounts.customerdetails", "pk": 101, "fields": {"user": 171, "age": 26, "weight": null, "job": null, "address": "kokkampadth h poovathussery po", "husband": null, "location": null, "Idproof": "", "marriedSince": null, "babies_number": null, "abortions": null, "twins": null, "diabetes": null, "allergic_reaction": null, "surgery": null, "Menstruation": null, "Menstruation_date": "2023-06-07", "hereditory": null, "gynacology": null, "no_of_babies_pregnant_with": null, "doctor_final_visit": null, "prescription": "", "drugUse": null, "referalId": 11, "fcm_token": null}}, {"model": "Accounts.customerdetails", "pk": 102, "fields": {"user": 172, "age": 26, "weight": null, "job": null, "address": "kokkampadth h poovathussery po", "husband": null, "location": null, "Idproof": "", "marriedSince": null, "babies_number": null, "abortions": null, "twins": null, "diabetes": null, "allergic_reaction": null, "surgery": null, "Menstruation": null, "Menstruation_date": "2023-05-30", "hereditory": null, "gynacology": null, "no_of_babies_pregnant_with": null, "doctor_final_visit": null, "prescription": "", "drugUse": null, "referalId": 11, "fcm_token": null}}, {"model": "Accounts.customerdetails", "pk": 103, "fields": {"user": 173, "age": 20, "weight": null, "job": null, "address": "D6, Ranka colony, Ranka Villas, BTM 2nd stage, Bilekahalli, bangalore", "husband": null, "location": null, "Idproof": "", "marriedSince": null, "babies_number": null, "abortions": null, "twins": null, "diabetes": null, "allergic_reaction": null, "surgery": null, "Menstruation": null, "Menstruation_date": "2023-06-16", "hereditory": null, "gynacology": null, "no_of_babies_pregnant_with": null, "doctor_final_visit": null, "prescription": "", "drugUse": null, "referalId": 11, "fcm_token": null}}, {"model": "Accounts.customerdetails", "pk": 104, "fields": {"user": 174, "age": 26, "weight": null, "job": null, "address": "kokkampadth h poovathussery po", "husband": null, "location": null, "Idproof": "", "marriedSince": null, "babies_number": null, "abortions": null, "twins": null, "diabetes": null, "allergic_reaction": null, "surgery": null, "Menstruation": null, "Menstruation_date": "2023-05-30", "hereditory": null, "gynacology": null, "no_of_babies_pregnant_with": null, "doctor_final_visit": null, "prescription": "", "drugUse": null, "referalId": 11, "fcm_token": null}}, {"model": "Accounts.customerdetails", "pk": 105, "fields": {"user": 183, "age": 4, "weight": null, "job": null, "address": "D6, Ranka colony, Ranka Villas, BTM 2nd stage, Bilekahalli, bangalore", "husband": null, "location": null, "Idproof": "", "marriedSince": null, "babies_number": null, "abortions": null, "twins": null, "diabetes": null, "allergic_reaction": null, "surgery": null, "Menstruation": null, "Menstruation_date": "2023-05-26", "hereditory": null, "gynacology": null, "no_of_babies_pregnant_with": null, "doctor_final_visit": null, "prescription": "", "drugUse": null, "referalId": 11, "fcm_token": null}}, {"model": "Accounts.customerdetails", "pk": 106, "fields": {"user": 184, "age": 526, "weight": null, "job": null, "address": "kokkampadth h poovathussery po", "husband": null, "location": null, "Idproof": "", "marriedSince": null, "babies_number": null, "abortions": null, "twins": null, "diabetes": null, "allergic_reaction": null, "surgery": null, "Menstruation": null, "Menstruation_date": "2023-06-15", "hereditory": null, "gynacology": null, "no_of_babies_pregnant_with": null, "doctor_final_visit": null, "prescription": "", "drugUse": null, "referalId": 11, "fcm_token": null}}, {"model": "Accounts.customerdetails", "pk": 107, "fields": {"user": 185, "age": 26, "weight": null, "job": null, "address": "kokkampadth h poovathussery po", "husband": null, "location": null, "Idproof": "", "marriedSince": null, "babies_number": null, "abortions": null, "twins": null, "diabetes": null, "allergic_reaction": null, "surgery": null, "Menstruation": null, "Menstruation_date": "2023-06-05", "hereditory": null, "gynacology": null, "no_of_babies_pregnant_with": null, "doctor_final_visit": null, "prescription": "", "drugUse": null, "referalId": 11, "fcm_token": null}}, {"model": "Accounts.firebasefcm", "pk": 519, "fields": {"user": 155, "fcm_token": "fpMCPf2I1nTOSRhsClXJkW:APA91bFX4nC_f6OuBnZFLjKwVwS032zazSD6ZZJQRB1Urwmr5PBd365cFERwblhmuoPSnJpif5Zfb65HprcFxQchu0igDZ_aCOKqnaDa_WkdbD-VJTQMyNAmFT-oBK3GDPRJbfclX8xl"}}, {"model": "Accounts.firebasefcm", "pk": 520, "fields": {"user": 155, "fcm_token": "do7P7yuORL-T2j7e2QodO6:APA91bFwwqJO_HZaT7tgQjgAHBDowEbAhgUZpyijJ1KPfueNSoTkcibMYXGeEL1OEmAWcX_TWIKhimVhGNx6syXKCUF6hhIkY0kjnG61evcGEIj1HrzncwsrFuiJVrkQU-Q7IvYfQyR7"}}, {"model": "Accounts.firebasefcm", "pk": 521, "fields": {"user": 155, "fcm_token": "cxJzyMYeQDS_NYQY2t8nch:APA91bGDk3np7iEYVf4-uMiTMxL_a58Mc35ba8cw3phaEGlAcKsZ5dzUl8fRlB4BV1g_tEN5ebRiB4mw7O6DZsgqxRTL_dJBgO6Cbw9DBQbeULCXZ9m_MsnoCPQoYRzWVR7SUvk2xCo6"}}, {"model": "Accounts.firebasefcm", "pk": 522, "fields": {"user": 169, "fcm_token": "e-qRmCNKZSx3dpn4_Kbj79:APA91bFc7qK-3NOkXkfKUhd5G0tE3eOEb1KrGEqibKw7fXGgIWfpQBGx6zHxLIkfJV0MP0UU7nTGHIFuHpl9AH7Nn_opKSlI0NcXb0NdfpszPBsuNz7GyG3wBQ9xoni_Z0oda9Amd_Ae"}}, {"model": "Accounts.firebasefcm", "pk": 523, "fields": {"user": 155, "fcm_token": "e2wOf2nHS0mb4xfArwpDrp:APA91bH79JlnSD_AaV4cEHLyOGdtC5QbwdI1oX5LmDB0oQo891BZWrpbxrewN7wz_JgcqbRpN7Tna3USyT5Nupxn6skZLx-EH6NGxWEbP_RRQR9grSlVx6o9HoHjq_jx1757s1oL9uZ8"}}, {"model": "Accounts.firebasefcm", "pk": 524, "fields": {"user": 155, "fcm_token": "cZ6uLRhURGmR84j-ubZDLZ:APA91bGKbZoSXzakEpPzeNC7_7o271aUdZwhjaUwlkNklIn-Ftc4gub_RzS_iex0sQBeOBpSjLfmMb-0MXkIZExKi-4NBQQHOb-8pYyNRHFHu37lsHuNoJVIVA_EjgWPMS4ra28y1J9l"}}, {"model": "Accounts.firebasefcm", "pk": 525, "fields": {"user": 2, "fcm_token": "f1vPXPKGojTktIZHjrvriM:APA91bHtIcomr8lgesqFZWVFNtEgoVRJ6N4rOFxr_7478p-2ICiqPV3T1ourGreLCOK3Ce4Wj3X1lPXaXHIDzHQ_IQLTkEFAixX4-gBEMwnBkpp2NiK8lEqKpPGC7uyv_f_hlrEyLoLM"}}, {"model": "Accounts.firebasefcm", "pk": 526, "fields": {"user": 2, "fcm_token": "feFdtxqKuzJmLlEKnwpkx_:APA91bGnePhmry9ddTCHq1jXgG-7xNmmqDIFxUpJyVXtLG1-5qz1MAFw43bYt1cXE1XiQIpkuPGFdFOof1H0kylAWYLYU8WB2kxr3D8MBs6zlxFRHmVfLlH_HB7_5vjZycboIzdoV_PJ"}}, {"model": "Accounts.firebasefcm", "pk": 529, "fields": {"user": 175, "fcm_token": "cnpVzqLZTVGTGxOD3Ct2dg:APA91bHQUr0kcE4IClW8z0a6YORQtK2tJq01Kw1QJI4LMPKOlJYf7t3m4sxvUu-G7oRs3_uEnbkovtCfv0gmUxTmSqMIcixDFhixfmMoe4Lx9adanDADQv6TJBkHI6uHb9LmGH7Tt3Kp"}}, {"model": "Accounts.firebasefcm", "pk": 533, "fields": {"user": 175, "fcm_token": "cmTxk0s5UiQYaIIp6otDJY:APA91bFEOXo-YwDMmJ2wsInIvcF-T8vE5L7097vks32OLx1M81Zuc0qpbuk10xsvIHOdf7zsM0d1UrLFYw0egM3eRTGPad-mNM-yQ2HDSsMje7FEBwpdGsBN1g8uHdEYkNHgMf5syWWL"}}, {"model": "Accounts.firebasefcm", "pk": 534, "fields": {"user": 155, "fcm_token": "cXPGh3AdUDXgFQHiawe5zb:APA91bE69MBjbVswXJqn2ueA5CMgw6ANfezIXt4s55GeSCiByxxSrCdTfEx8BQfDyrhCI8lpRwMCmt6flH-4sLMCy6MA-QSBTF8GGx1_aDWZxsiPsWZicek08PcAv6ZmffPq_ILSHTGc"}}, {"model": "Accounts.firebasefcm", "pk": 537, "fields": {"user": 178, "fcm_token": "fDti-qDfRiC8WTFoaAzUrv:APA91bHY5dkVyLh_RIXn8l9o4rt6CGKdWNqwwMehrWK0OH9-zdORtSrv5ZZLUExpU0ubUcmRiqTvaREuw5zCnZnsU5EZQNOy2A83q9YTfLFlBdS_-gEQi1JHXg2bhQP5EQ8gL9xV1nZv"}}, {"model": "Accounts.firebasefcm", "pk": 538, "fields": {"user": 155, "fcm_token": "dRY2J9yhT3yUWJZ7nLoRla:APA91bFfs9ZyYNjcxvYT_4g4dLjf-7pSExBSfsLXNjIazo_RVgBIXea8DlBXsoE2_GK5puY2QGbDaV0XMEzPDeEFToM3lsqiDsDkE2pz7jtfsFk-JBvwC96mr6JXip5IO-GxZqzsiBb1"}}, {"model": "Accounts.firebasefcm", "pk": 543, "fields": {"user": 155, "fcm_token": "exmcrIEfS_qLGbTZNAdfZI:APA91bGVkqJ4Qfx-Ii1sLkNOD0JxC8Y37jCFyF1DiTaMGY_qKYq1ApL0reMAMQ42jWq3ilp6jPCSHLt_EZ_Cfaud3eolgiFln4TLq9ymGjFMbsyp2krbABL3wO2AKz3i7sYNn1IStl8L"}}, {"model": "Accounts.firebasefcm", "pk": 545, "fields": {"user": 176, "fcm_token": "c2K17wGUSVafY8CIAhW6PN:APA91bFP0s2ABxQU3gVd2asUoKaUX3IChPqiodsDel7Gf8hxrcsHd99Tk-K58m_RFZaQ-N_1m02hgz1CUZ0TLmElvm6Kjur2B20kkyaJnnnpNcWwTBw1IfuNZzgNvhET7V_XihVYTiCx"}}, {"model": "Accounts.firebasefcm", "pk": 548, "fields": {"user": 176, "fcm_token": "fFU189J3q7dIHgvSPOgMrM:APA91bHZJqIGDCQQCVBFIvgAcwDNBfvk1qQCQFXeMLwkO--TFAimVfd8tYQ24jmW8A0ru_Bhr4p7XAkx2K__9vZDJYONhSnWoGuDdVDsHlMOO7IWYw-oppVUboRDbymdtoORtGyST07S"}}, {"model": "Accounts.firebasefcm", "pk": 549, "fields": {"user": 157, "fcm_token": "eAQryG5hPLRL1pySAlN59S:APA91bG3i2YXo5pQfLB5r264UEN93oYOhs8eGjByRaw2739qPMXkospdBuAWseYVxU0HI8x7m3CJhE-s8ddDqwcuiDVpYIVpFXKG4qIyZgrpRI1UzMIQmrcHmxhVPV8j_2oR6-SXxGaa"}}, {"model": "Accounts.firebasefcm", "pk": 554, "fields": {"user": 176, "fcm_token": "fKP2z44QRfCn_zr6NEHV_v:APA91bHkz42xBjGo1ypVeH-EZ9cptOaPdQPs1KZxG9RhdkdND1poQL7SwwnSv_XH-CTy8I1FpxUkLAAz7PEcRR8if9YAOZWYeQq71_rBkvvNpxqTb0g5ApDEcJRr3cvZsWaPuubgcmn6"}}, {"model": "Accounts.firebasefcm", "pk": 556, "fields": {"user": 176, "fcm_token": "fYkhM1zvRB88SXzaa-jjDA:APA91bENduwxvPnbh78hu2BsK6l_aPEgPb2M81RJWUAvY3axgeIsW2fk9ZajNij1rRHS2yIqX6cNQL9Hq6-PQp9U7RWWdXYGqgdWAfGy7pmXVN1yxYL8UrfZIYRhbM4g6yB2Rik-SIr3"}}, {"model": "Accounts.firebasefcm", "pk": 557, "fields": {"user": 155, "fcm_token": "dwHb5ihNTki6mjvM8O91AT:APA91bFKcu4z6A4T_BcFl_7NEkEnkOBbtNmog-ipyi0FtTgMwd6M0iqJ1654VyhvGq9xb97Sxqu02Eb0MlVebzh8K0E9rqPwhgBCMCXC2vfvb8oBR6q_3wHz7TdBEbx6wngnW4PXMRgt"}}, {"model": "Accounts.firebasefcm", "pk": 558, "fields": {"user": 155, "fcm_token": "cdtEN488TTu8fRLQ7fbcsg:APA91bGFVXmq5CVmavQeB66n2TidthYtejQqJXkZ8UqZs9Uhs4T_0rrgFO10yg7EeJCk-C3D1KH34Q_crW1qjoRtW8VDJXps_DCDAQA7CTQ2aKUWMJBl6xHLbs-y3U1n5D3ZLxuTAyu7"}}, {"model": "Accounts.firebasefcm", "pk": 564, "fields": {"user": 175, "fcm_token": "cUwcdCzCf1zyaeZbUlTG1J:APA91bGkosQ__Mkp5dUy5EnXJYICkTekZJZxXuFhWH8bOKePRQS9SzRcyJ36yb-CS3wawpMFcW2WZcY0UqB_vuIqPRGlFcZW1dm17BsIJ3N8JW02bApbZt1rrvm5_sN419_9D9es3nH-"}}, {"model": "Accounts.firebasefcm", "pk": 567, "fields": {"user": 155, "fcm_token": "c6R6FmF-MzEqgM-m3L9WCH:APA91bGjX0bhxgSQPGrbi7RMEPzBXxlxqIWxY9iYSw1JOwwlz-MZAz4nbaeOOhA2f1gvdhGINwHrh3byvDpo9mrdJ2wLe4Vnbl_rfV_3Hl2fBT-FGmY5SdUu4Mp1nde2BV127YloAYwt"}}, {"model": "Accounts.firebasefcm", "pk": 574, "fields": {"user": 175, "fcm_token": "fdAM7X2E-Z10xIFUSnFLzQ:APA91bFDTRD2q0nFIRkNeet7qedpubmff13njleTM_lK8w3gGhFvZLtvSmFS4iOu5EWyYWNNPZKJYOA99IJrn2eSk9IcfkZNqAMrBKT_H2S6zVoiSOOWGEEjgE5DtJJZWr7Vx5a3q7St"}}, {"model": "Accounts.firebasefcm", "pk": 580, "fields": {"user": 2, "fcm_token": "dk-cWwN2aM9CrgtbkYzvMz:APA91bGl4F0ePcdvzAQit12F5rNbLfausDvsT0HtQGLldcu6jJFnLmPrzQwvo0FV-0C1udbTLzvN0rrdGcBMF_G9GLVszDnePWRT0N9ZW5q8m10Nrzi1SL2lCPptO_u3fyvIj7cE1mIr"}}, {"model": "Accounts.firebasefcm", "pk": 581, "fields": {"user": 33, "fcm_token": "c2QsUeuekx556YaTbiWP8f:APA91bEKG07t8cAHAiNW9Q4hhszo99dtC9HOEI5pf0AxDvugrkdJp_XjdlYR2QQvNwzl3UKmKxSMD8IEozSit59jAhloFpNqegIg5sv2AEe222E_BT1rOj-7VtWAJHRQiCideDSMX82r"}}, {"model": "Accounts.firebasefcm", "pk": 594, "fields": {"user": 154, "fcm_token": "d72eMHCdPqv--cS3PlJJ7J:APA91bF15L57IwMNAduz34jtRBQSNO7i_ywuzjS9pqJqP8_Jz-qx6TGxFoCLQ9w77ndLPfoQPcVZ25cL_GRm4CjreDIojogwRHn4ozavl3f1oLarfPLqffJowXF9nbEGZllndMuCMdES"}}, {"model": "Accounts.firebasefcm", "pk": 600, "fields": {"user": 157, "fcm_token": "etmE1vQpCVZMrVKQ5q58U0:APA91bF1LAauOLcps3GVe9EHCGQUsIkbUE4sSEnML3wD633hW6raMwGSchxyZTOjtO8mmQBCMchWY_7sjHmTgPTSpT-PKTJ0CB77JPwVhR6NQ6oWFZieRIUawq7QOD-4J4nCJ7DAcUGY"}}, {"model": "Accounts.firebasefcm", "pk": 616, "fields": {"user": 176, "fcm_token": "eyeAAujSJJADQ8yHASaKw0:APA91bGkijzjW-MuzQQSrIqojm7DV1MEyq6uZQjmIZBd4N24OLf1DWTCZoJeBUwHBSMQ2HBOKZJhMhLgDr9vHrV5CTRVV4uPvXQVNvC2Z1u7PSeDDfgy8iNX3X_1BcWsIlJTpjIzqCL9"}}, {"model": "Accounts.firebasefcm", "pk": 617, "fields": {"user": 176, "fcm_token": "dDHnPqs2ZFChgV7IfJK0za:APA91bHwQ3V5rxnHVyDcWHRGStqcWsb3kmhPVCDzQY5JF5HfM9425TGpkMyhvgXSuBil1cBkmhcMKAbpCXpkb3p4iXd-E4du9_BxW1ejByWmlsqJ8luiDI8eiwwxZUVPn9krjG9KkQHs"}}, {"model": "Accounts.firebasefcm", "pk": 621, "fields": {"user": 154, "fcm_token": "ffIzvAoRTU2QNcpGFSvF55:APA91bHiF6vB9kqc_c6EM1iAo23iQEJ7OhIeQa7s2QsaC0A8BDD92ULeveOw-0nKKW02aMgMI0oOgW66egb_XB0-H2BASabeRYiEsHZx8Coa7ZFhMuXZJBjkB2oGSQBN86E5cIqrkB_y"}}, {"model": "Accounts.firebasefcm", "pk": 622, "fields": {"user": 33, "fcm_token": "cJnLawM_M0ufYGu-ylgxsS:APA91bHzmCFx5HmlRHQ_Evh0EAQe3_Z2t4xLLFSmvzoDGdGsPj2ZlIn6ahpat9tIzwbXKm0irLyFNQ6qZpk8wgc3--6hh76fGm78mbRAWRaYDiygvf-Lda_GuhFCm7syeqo75jC5I4Fj"}}, {"model": "Accounts.firebasefcm", "pk": 643, "fields": {"user": 157, "fcm_token": "eHdr0Tr0QAWzfwKXTKp2I-:APA91bHumHKTZ-2m-RlTi9Sc9_yfgh9sYOA1bgLm_zr0-Wg5I2BymF1Bd08Z82wGdSMjUDW0kTsmjLbgzGOHo3UAJzUPwyGQjIdPRJruRPeLrpfx5hs4LheXVA3XCOCtfdZQ7F5MyWit"}}, {"model": "Accounts.salesteamdetails", "pk": 3, "fields": {"user": 33, "location": "kerala", "passwordString": "Shebirth@123"}}, {"model": "Accounts.salesteamdetails", "pk": 13, "fields": {"user": 155, "location": "kochi", "passwordString": "Shebirth@123"}}, {"model": "Accounts.salesteamdetails", "pk": 14, "fields": {"user": 175, "location": "Bangalore North, Karnataka", "passwordString": "Shebirth@123"}}, {"model": "Accounts.salesteamdetails", "pk": 15, "fields": {"user": 176, "location": "Hooghly, West Bengal", "passwordString": "Shebirth@123"}}, {"model": "Accounts.otp", "pk": 8, "fields": {"client": 22, "otp": 81746, "validity": "2022-01-15T11:12:52.941Z"}}, {"model": "Accounts.otp", "pk": 9, "fields": {"client": 34, "otp": 23864, "validity": "2022-01-17T10:55:33.139Z"}}, {"model": "Accounts.otp", "pk": 83, "fields": {"client": 144, "otp": 17438, "validity": "2023-02-05T14:28:03.801Z"}}, {"model": "Accounts.otp", "pk": 84, "fields": {"client": 145, "otp": 32626, "validity": "2023-02-06T04:15:52.479Z"}}, {"model": "Accounts.otp", "pk": 85, "fields": {"client": 147, "otp": 38778, "validity": "2023-03-03T04:48:30.839Z"}}, {"model": "Accounts.otp", "pk": 86, "fields": {"client": 148, "otp": 46955, "validity": "2023-03-27T08:04:49.665Z"}}, {"model": "Accounts.otp", "pk": 87, "fields": {"client": 149, "otp": 15242, "validity": "2023-04-07T05:27:05.604Z"}}, {"model": "Accounts.otp", "pk": 88, "fields": {"client": 150, "otp": 53957, "validity": "2023-04-08T05:51:17.311Z"}}, {"model": "Accounts.otp", "pk": 89, "fields": {"client": 152, "otp": 72821, "validity": "2023-04-19T08:53:37.647Z"}}, {"model": "Accounts.otp", "pk": 90, "fields": {"client": 157, "otp": 58178, "validity": "2023-04-19T09:12:33.079Z"}}, {"model": "Accounts.otp", "pk": 91, "fields": {"client": 158, "otp": 77283, "validity": "2023-04-25T04:33:50.230Z"}}, {"model": "Accounts.otp", "pk": 92, "fields": {"client": 159, "otp": 27411, "validity": "2023-04-25T05:00:11.504Z"}}, {"model": "Accounts.otp", "pk": 93, "fields": {"client": 160, "otp": 95007, "validity": "2023-04-25T05:04:14.871Z"}}, {"model": "Accounts.otp", "pk": 94, "fields": {"client": 163, "otp": 94749, "validity": "2023-05-22T04:32:50.806Z"}}, {"model": "Accounts.otp", "pk": 95, "fields": {"client": 164, "otp": 90817, "validity": "2023-05-22T14:06:36.560Z"}}, {"model": "Accounts.otp", "pk": 96, "fields": {"client": 165, "otp": 72984, "validity": "2023-05-24T03:53:20.493Z"}}, {"model": "Accounts.otp", "pk": 97, "fields": {"client": 167, "otp": 71352, "validity": "2023-06-03T16:14:57.225Z"}}, {"model": "Accounts.otp", "pk": 98, "fields": {"client": 168, "otp": 77479, "validity": "2023-06-05T13:51:26.224Z"}}, {"model": "Accounts.otp", "pk": 99, "fields": {"client": 169, "otp": 75791, "validity": "2023-06-14T05:21:39.534Z"}}, {"model": "Accounts.otp", "pk": 100, "fields": {"client": 170, "otp": 82113, "validity": "2023-06-14T08:55:29.792Z"}}, {"model": "Accounts.otp", "pk": 101, "fields": {"client": 171, "otp": 99094, "validity": "2023-06-15T07:18:39.894Z"}}, {"model": "Accounts.otp", "pk": 102, "fields": {"client": 172, "otp": 35846, "validity": "2023-06-15T08:01:08.954Z"}}, {"model": "Accounts.otp", "pk": 103, "fields": {"client": 173, "otp": 11555, "validity": "2023-06-15T08:36:33.182Z"}}, {"model": "Accounts.otp", "pk": 104, "fields": {"client": 174, "otp": 86130, "validity": "2023-06-15T09:05:52.373Z"}}, {"model": "Accounts.otp", "pk": 105, "fields": {"client": 183, "otp": 73301, "validity": "2023-06-27T04:43:19.368Z"}}, {"model": "Accounts.otp", "pk": 106, "fields": {"client": 184, "otp": 46544, "validity": "2023-06-27T07:56:47.691Z"}}, {"model": "Accounts.otp", "pk": 107, "fields": {"client": 185, "otp": 54968, "validity": "2023-06-27T08:15:53.500Z"}}, {"model": "Accounts.dadinfo", "pk": 12, "fields": {"user": 146, "age": 35, "wife_email": "mary@gmail.com", "wife_name": "mary"}}, {"model": "Accounts.dadinfo", "pk": 13, "fields": {"user": 161, "age": 30, "wife_email": "nancy@gmail.com", "wife_name": "nancy"}}, {"model": "Accounts.banner", "pk": 14, "fields": {"image": "banner/Get__Exercise_Classes_at_just_1200month_1_Ve09Uen.png"}}, {"model": "Accounts.banner", "pk": 15, "fields": {"image": "banner/Remove_Stress_at_just_499month_1.png"}}, {"model": "Accounts.banner", "pk": 16, "fields": {"image": "banner/Get__Customized_Diet_at_just499month.png"}}, {"model": "Accounts.videolink", "pk": 9, "fields": {"text": "video", "link": "https://www.youtube.com/embed/_ua7MLydgDA"}}, {"model": "Accounts.symptomsremedy", "pk": 1, "fields": {"symptom": "Vomiting", "remedy": "Your wife is experiencing vomiting, give her lots of fluids, with citrus fruit added. She will be dehydrated and tired from the vomiting."}}, {"model": "Accounts.symptomsremedy", "pk": 2, "fields": {"symptom": "Backpain", "remedy": "Plan a back massage for her and make sure she rests frequently. Teach her to not bend at the waist but squat at the knee to pick up things."}}, {"model": "Accounts.symptomsremedy", "pk": 3, "fields": {"symptom": "Constipation", "remedy": "Remind her to drink lots of warm water and eat plenty of dry grapes, vegetables and fruits to relieve constipation."}}, {"model": "Accounts.symptomsremedy", "pk": 4, "fields": {"symptom": "Tingling Or Aching Breasts", "remedy": "Your wife is experiencing tingling or aching breast, accept it as a no touch zone."}}, {"model": "Accounts.symptomsremedy", "pk": 5, "fields": {"symptom": "Motion Sickness", "remedy": "Take supplements and reduce travel if the motion sickness is severe."}}, {"model": "Accounts.symptomsremedy", "pk": 6, "fields": {"symptom": "Acne", "remedy": "Remind her to wash her face 3 to 4 times in a day with lukewarm water."}}, {"model": "Accounts.symptomsremedy", "pk": 7, "fields": {"symptom": "Pregnancy Glow", "remedy": "Your wife has a pregnancy glow and it is the perfect time to gift her some earrings or accessories, to enhance the look."}}, {"model": "Accounts.symptomsremedy", "pk": 8, "fields": {"symptom": "Palpiataion", "remedy": "Your wife is experiencing palpitation which could be a sign of anxiety, do spend some time with her, if it does not settle in 2 days please inform the account manager."}}, {"model": "Accounts.symptomsremedy", "pk": 9, "fields": {"symptom": "Blured Vision", "remedy": "If your wife complains of blurred vision, inform the account manager and ensure she rests more."}}, {"model": "Accounts.symptomsremedy", "pk": 10, "fields": {"symptom": "Swelling", "remedy": "Suggest she cooks with less salt as she needs to reduce salt intake."}}, {"model": "Accounts.symptomsremedy", "pk": 11, "fields": {"symptom": "Headache", "remedy": "Offer her a head massage. Inform the account manager if it does not decrease."}}, {"model": "Accounts.symptomsremedy", "pk": 12, "fields": {"symptom": "Frequent Urination", "remedy": "Offer to sleep on the side of the bed nearer the toilet, so she can go to the loo quickly"}}, {"model": "Accounts.symptomsremedy", "pk": 13, "fields": {"symptom": "Bloating", "remedy": "Your wife may be experiencing bloating. Suggest to her to do some exercise"}}, {"model": "Accounts.symptomsremedy", "pk": 14, "fields": {"symptom": "High Blood Pressure", "remedy": "As mentioned earlier, decrease her salt intake, by ensuring food cooked in the house is with less salt."}}, {"model": "Accounts.symptomsremedy", "pk": 15, "fields": {"symptom": "Heartburn", "remedy": "Buy her loose clothing"}}, {"model": "Accounts.symptomsremedy", "pk": 16, "fields": {"symptom": "Stress", "remedy": "Your wife may feel stressed. Listen to her and be patient of her needs."}}, {"model": "Accounts.symptomsremedy", "pk": 17, "fields": {"symptom": "Nausea", "remedy": "Your wife is experiencing nausea, give her lots of fluids, with citrus fruit added. She will be dehydrated and tired from the vomiting."}}, {"model": "Accounts.symptomsremedy", "pk": 18, "fields": {"symptom": "Anxiety", "remedy": "Make sure she knows that you are there for her and the pregnancy."}}, {"model": "Admin.criticalsymptoms", "pk": 1, "fields": {"name": "Bleeding that goes from light to heavy", "complication": []}}, {"model": "Admin.criticalsymptoms", "pk": 2, "fields": {"name": "Weight loss", "complication": []}}, {"model": "Admin.criticalsymptoms", "pk": 3, "fields": {"name": "Tissue that looks like blood clots passing from your vagina", "complication": []}}, {"model": "Admin.criticalsymptoms", "pk": 4, "fields": {"name": "Excessive vomiting", "complication": []}}, {"model": "Admin.criticalsymptoms", "pk": 5, "fields": {"name": "Dehyderation", "complication": []}}, {"model": "Admin.criticalsymptoms", "pk": 6, "fields": {"name": "Cervix incompetency", "complication": []}}, {"model": "Admin.criticalsymptoms", "pk": 7, "fields": {"name": "Scan single vertical less 2", "complication": []}}, {"model": "Admin.criticalsymptoms", "pk": 8, "fields": {"name": "Single vertical more 8", "complication": []}}, {"model": "Admin.criticalsymptoms", "pk": 9, "fields": {"name": "Weight gain", "complication": []}}, {"model": "Admin.criticalsymptoms", "pk": 10, "fields": {"name": "Jaundice", "complication": []}}, {"model": "Admin.criticalsymptoms", "pk": 11, "fields": {"name": "High blood pressure", "complication": []}}, {"model": "Admin.criticalsymptoms", "pk": 12, "fields": {"name": "Eclampsia", "complication": []}}, {"model": "Admin.criticalsymptoms", "pk": 13, "fields": {"name": "High liver value", "complication": []}}, {"model": "Admin.criticalsymptoms", "pk": 14, "fields": {"name": "Iugr", "complication": []}}, {"model": "Admin.criticalsymptoms", "pk": 15, "fields": {"name": "Oligo", "complication": []}}, {"model": "Admin.criticalsymptoms", "pk": 16, "fields": {"name": "Small baby belly", "complication": []}}, {"model": "Admin.criticalsymptoms", "pk": 17, "fields": {"name": "Parents RH", "complication": []}}, {"model": "Admin.criticalsymptoms", "pk": 18, "fields": {"name": "Early Abortion", "complication": []}}, {"model": "Admin.criticalsymptoms", "pk": 19, "fields": {"name": "Hyperemesis gravidarum", "complication": []}}, {"model": "Admin.criticalsymptoms", "pk": 20, "fields": {"name": "Placenta Preveria", "complication": []}}, {"model": "Admin.criticalsymptoms", "pk": 21, "fields": {"name": "Placenta abruption", "complication": []}}, {"model": "Admin.criticalsymptoms", "pk": 22, "fields": {"name": "Preterm", "complication": []}}, {"model": "Admin.criticalsymptoms", "pk": 23, "fields": {"name": "Polyhydramnios", "complication": []}}, {"model": "Admin.criticalsymptoms", "pk": 24, "fields": {"name": "Diabetes", "complication": []}}, {"model": "Admin.criticalsymptoms", "pk": 25, "fields": {"name": "HELLP", "complication": []}}, {"model": "Admin.criticalsymptoms", "pk": 26, "fields": {"name": "PIH", "complication": []}}, {"model": "Admin.criticalsymptoms", "pk": 27, "fields": {"name": "Fluid Leak", "complication": []}}, {"model": "Admin.criticalsymptoms", "pk": 28, "fields": {"name": "low Anemia", "complication": []}}, {"model": "Admin.positivecriticalsymptoms", "pk": 6, "fields": {"symptom": 9, "customer": 22, "date": "2022-08-20", "positive": true, "created_at": "2022-08-22T12:02:16.979Z"}}, {"model": "Admin.positivecriticalsymptoms", "pk": 7, "fields": {"symptom": 6, "customer": 22, "date": "2022-08-20", "positive": true, "created_at": "2022-08-22T12:02:16.979Z"}}, {"model": "Admin.positivecriticalsymptoms", "pk": 8, "fields": {"symptom": 12, "customer": 22, "date": "2022-08-20", "positive": true, "created_at": "2022-08-22T12:02:16.979Z"}}, {"model": "Admin.positivecriticalsymptoms", "pk": 9, "fields": {"symptom": 15, "customer": 22, "date": "2022-08-20", "positive": true, "created_at": "2022-08-22T12:02:16.979Z"}}, {"model": "Admin.positivecriticalsymptoms", "pk": 10, "fields": {"symptom": 18, "customer": 22, "date": "2022-08-20", "positive": true, "created_at": "2022-08-22T12:02:16.979Z"}}, {"model": "Admin.positivecriticalsymptoms", "pk": 11, "fields": {"symptom": 20, "customer": 22, "date": "2022-08-20", "positive": true, "created_at": "2022-08-22T12:02:16.979Z"}}, {"model": "Admin.positivecriticalsymptoms", "pk": 12, "fields": {"symptom": 1, "customer": 22, "date": "2022-08-22", "positive": true, "created_at": "2022-08-22T12:02:16.979Z"}}, {"model": "Admin.positivecriticalsymptoms", "pk": 13, "fields": {"symptom": 4, "customer": 22, "date": "2022-08-22", "positive": true, "created_at": "2022-08-22T12:02:16.979Z"}}, {"model": "Admin.positivecriticalsymptoms", "pk": 14, "fields": {"symptom": 25, "customer": 22, "date": "2022-08-22", "positive": true, "created_at": "2022-08-22T12:02:16.979Z"}}, {"model": "Admin.positivecriticalsymptoms", "pk": 15, "fields": {"symptom": 28, "customer": 22, "date": "2022-08-22", "positive": true, "created_at": "2022-08-22T12:02:16.979Z"}}, {"model": "Admin.freecontent", "pk": 5, "fields": {"name": "new video", "video_url": "https://www.youtube.com/embed/qN3wfuPYTI4", "crew": "Lorem Ipsum is simply dummy text of the printing and typesetting industry. Lorem Ipsum has been the industry's standard dummy text ever since the 1500s, when an unknown printer took a galley of type and scrambled it to make a type specimen book. It has survived not only five centuries, but also the leap into electronic typesetting, remaining essentially unchanged. It was popularised in the 1960s with the release of Letraset sheets containing Lorem Ipsum passages, and more recently with desktop publishing software like Aldus PageMaker including versions of Lorem Ipsum"}}, {"model": "Admin.freecontent", "pk": 6, "fields": {"name": "test video", "video_url": "https://www.youtube.com/embed/kihlcXGgPEU", "crew": "It is a long established fact that a reader will be distracted by the readable content of a page when looking at its layout. The point of using Lorem Ipsum is that it has a more-or-less normal distribution of letters, as opposed to using 'Content here, content here', making it look like readable English. Many desktop publishing packages and web page editors now use Lorem Ipsum as their default model text, and a search for 'lorem ipsum' will uncover many web sites still in their infancy. Various versions have evolved over the years, sometimes by accident, sometimes on purpose (injected humour and the like)."}}, {"model": "Admin.freecontent", "pk": 7, "fields": {"name": "latest video", "video_url": "https://www.youtube.com/embed/Mmr7IQJaYuU", "crew": "There are many variations of passages of Lorem Ipsum available, but the majority have suffered alteration in some form, by injected humour, or randomised words which don't look even slightly believable. If you are going to use a passage of Lorem Ipsum, you need to be sure there isn't anything embarrassing hidden in the middle of text. All the Lorem Ipsum generators on the Internet tend to repeat predefined chunks as necessary, making this the first true generator on the Internet. It uses a dictionary of over 200 Latin words, combined with a handful of model sentence structures, to generate Lorem Ipsum which looks reasonable. The generated Lorem Ipsum is therefore always free from repetition, injected humour, or non-characteristic words etc."}}, {"model": "Customer.babypics", "pk": 1, "fields": {"week": 2, "description": "At the start of this week, you ovulate. Your egg is fertilized 12 to 24 hours later if a sperm penetrates it  and this simple biological occurrence begins a series of increasingly complicated processes that leads to a new human life, if all goes well. Over the next several days, the fertilized egg will start dividing into multiple cells as it travels down the fallopian tube, enters your uterus, and starts to burrow into the uterine lining.", "length": "-", "weigth": "-", "size": "-", "image": "BabyPics/cJ8gcSJASHVHZXnWwHQz9X.jpg"}}, {"model": "Customer.babypics", "pk": 2, "fields": {"week": 3, "description": "Now nestled in the nutrient-rich lining of your uterus is a microscopic ball of hundreds of rapidly multiplying cells that will develop into your baby. This ball, called a blastocyst, has begun to produce the pregnancy hormone HCG, which tells your ovaries to stop releasing eggs.", "length": "-", "weigth": "-", "size": "-", "image": "BabyPics/Group_568.png"}}, {"model": "Customer.babypics", "pk": 3, "fields": {"week": 4, "description": "Your ball of cells is now officially an embryo. You're now about 4 weeks from the beginning of your last period. It's around this time  when your next period would normally be due  that you might be able to get a positive result on a home pregnancy test.\r\nYour baby is the size of a poppy seed.\r\nYour pregnancy may be detectable in a week or so by a home pregnancy test.", "length": "-", "weigth": "-", "size": "Poppy seed", "image": "BabyPics/Group_570.png"}}, {"model": "Customer.babypics", "pk": 4, "fields": {"week": 5, "description": "Your baby resembles a tadpole more than a human, but is growing fast. The circulatory system is beginning to form, and the tiny \"heart\" will start to beat this week.\r\nYour baby is the size of a sesame seed.\r\nYour baby now looks more like a tiny tadpole than a human.", "length": "-", "weigth": "-", "size": "sesame seed", "image": "BabyPics/Group_571.png"}}, {"model": "Customer.babypics", "pk": 5, "fields": {"week": 6, "description": "Your baby's nose, mouth and ears are starting to take shape, and the intestines and brain are beginning to develop.Your baby is the size of a lentil.", "length": "-", "weigth": "-", "size": "Lentil", "image": "BabyPics/Group_572.png"}}, {"model": "Customer.babypics", "pk": 6, "fields": {"week": 7, "description": "Your baby has doubled in size since last week, but still has a tail, which will soon disappear. Little hands and feet that look more like paddles are emerging from the developing arms and legs.\r\nYour baby is the size of a blueberry.\r\nYour baby has doubled in size since last week and is now about 1/2 inch long.", "length": "-", "weigth": "-", "size": "Blueberry", "image": "BabyPics/Group_573.png"}}, {"model": "Customer.babypics", "pk": 7, "fields": {"week": 8, "description": "Your baby has started moving around, though you won't feel movement yet. Nerve cells are branching out, forming primitive neural pathways. Breathing tubes now extend from his throat to his developing lungs.\r\nYour baby is the size of a kidney bean.\r\nYour little bean is now just over 1/2 inch long and is constantly moving and shifting.", "length": "1.6 cm", "weigth": "1 gram", "size": "kidney bean", "image": "BabyPics/8-weeks-pregnant-ultrasound_yxEoMEy.jpg"}}, {"model": "Customer.babypics", "pk": 8, "fields": {"week": 9, "description": "Your baby's basic physiology is in place (she even has tiny earlobes), but there's much more to come. Her embryonic tail has disappeared. She weighs just a fraction of an ounce but is about to start gaining weight fast. Your baby is the size of a grape.\r\nYour baby now weighs a fraction of an ounce and is almost 1 inch long. His eyes are fully formed but his eyelids will be fused shut until 27 weeks.", "length": "2.3 cm", "weigth": "2 grams", "size": "Grape", "image": "BabyPics/Group_574.png"}}, {"model": "Customer.babypics", "pk": 9, "fields": {"week": 10, "description": "Your embryo has completed the most critical portion of development. His skin is still translucent, but his tiny limbs can bend and fine details like nails are starting to form.\r\nYour baby is the size of a kumquat.\r\nYour baby now weighs less than a quarter of an ounce and is a little over 1 inch long from head to bottom.", "length": "3.1 CM", "weigth": "4 grams", "size": "Kumquat", "image": "BabyPics/Group_575_1.png"}}, {"model": "Customer.babypics", "pk": 10, "fields": {"week": 11, "description": "Your baby is almost fully formed. She's kicking, stretching, and even hiccupping as her diaphragm develops, although you can't feel any activity yet.\r\nYour baby is the size of a fig.\r\nAt just over 1 1/2 inches long from head to bottom, your baby is still teeny-tiny  so while she's already kicking and stretching, you won't feel her acrobatics for another month or two.", "length": "4.1 CM", "weigth": "7 grams", "size": "Fig", "image": "BabyPics/Group_576.png"}}, {"model": "Customer.babypics", "pk": 11, "fields": {"week": 12, "description": "This week your baby's reflexes kick in: His fingers will soon begin to open and close, toes will curl, and his mouth will make sucking movements. He'll feel it if you gently poke your tummy  though you won't feel his movements yet.\r\nYour baby is the size of a lime.\r\nYour lime-sized little one now weighs 1/2 ounce and is just over 2 inches long from head to bottom.", "length": "5.4 cm", "weigth": "14 gram", "size": "lime", "image": "BabyPics/Group_577.png"}}, {"model": "Customer.babypics", "pk": 12, "fields": {"week": 13, "description": "This is the last week of your first trimester. Your baby's tiny fingers now have fingerprints, and her veins and organs are clearly visible through her skin. If you're having a girl, her ovaries contain more than 2 million eggs.\r\nYour baby is the size of a pea pod.\r\nYour little peapod is now almost 3 inches long from head to bottom and weighs nearly an ounce.", "length": "7.4 cm", "weigth": "23 grams", "size": "pea pod", "image": "BabyPics/Group_578.png"}}, {"model": "Customer.babypics", "pk": 13, "fields": {"week": 14, "description": "Your baby's brain impulses have begun to fire and he's using his facial muscles. His kidneys are working now, too. If you have an ultrasound, you may even see him sucking his thumb.\r\nYour baby is the size of a lemon.\r\nYour baby  now weighing roughly 1 1/2 ounces and measuring about 3 1/2 inches from head to bottom  can squint, frown, grimace, pee, and possibly suck her thumb.", "length": "8.7 cm", "weigth": "43 grams", "size": "lemon", "image": "BabyPics/Group_579.png"}}, {"model": "Customer.babypics", "pk": 14, "fields": {"week": 15, "description": "Your baby's eyelids are still fused shut, but she can sense light. If you shine a flashlight on your tummy, she'll move away from the beam. Ultrasounds done this week may reveal your baby's sex.\r\nYour baby is the size of an apple.\r\nThe future apple of your eye now weighs about 2 1/2 ounces and is 4 inches long from head to bottom.", "length": "10.1 cm", "weigth": "70 grams", "size": "apple", "image": "BabyPics/Group_580.png"}}, {"model": "Customer.babypics", "pk": 15, "fields": {"week": 16, "description": "The patterning on your baby's scalp has begun, though the hair isn't visible yet. His legs are more developed  find out when you're likely to feel your baby kick! His head is more upright, and his ears are close to their final position.\r\nYour baby is the size of an avocado.\r\nYour baby now weighs 3 1/2 ounces and is about 4 1/2 inches long from head to bottom.", "length": "11.6 cm", "weigth": "100 grams", "size": "Avocado", "image": "BabyPics/Group_581.png"}}, {"model": "Customer.babypics", "pk": 16, "fields": {"week": 17, "description": "Your baby can move her joints, and her skeleton  formerly soft cartilage  is now hardening to bone. The umbilical cord is growing stronger and thicker.\r\nYour baby is the size of a turnip.\r\nYour little turnip now weighs about 5 ounces and is roughly 5 inches long from head to bottom.", "length": "13 cm", "weigth": "140 grams", "size": "turnip", "image": "BabyPics/Group_582.png"}}, {"model": "Customer.babypics", "pk": 17, "fields": {"week": 18, "description": "Your baby is flexing his arms and legs, and you may be able to feel those movements. Internally, a protective coating of myelin is forming around his nerves.\r\nYour baby is the size of a bell pepper.\r\nYour baby now weighs almost 7 ounces and is roughly 5 1/2 inches long from head to bottom. If you're having a girl, her uterus and fallopian tubes are formed and in place. If you're having a boy, his genitals are noticeable now, but he may hide them from you during an ultrasound.", "length": "14.2 cm", "weigth": "190 gram", "size": "Bell pepper", "image": "BabyPics/Group_583.png"}}, {"model": "Customer.babypics", "pk": 18, "fields": {"week": 19, "description": "Your baby's senses  smell, vision, touch, taste and hearing  are developing and she may be able to hear your voice. Talk, sing or read out loud to her, if you feel like it.\r\nYour baby is the size of an heirloom tomato.\r\nYour tomato-sized baby now weighs about 8 1/2 ounces and is roughly 6 inches long from head to bottom.", "length": "15.3 cm", "weigth": "140 grams", "size": "heirloom tomato", "image": "BabyPics/Group_584.png"}}, {"model": "Customer.babypics", "pk": 19, "fields": {"week": 20, "description": "Your baby can swallow now and his digestive system is producing meconium, the dark, sticky goo that he'll pass in his first poop  either in his diaper or in the womb during delivery.\r\nYour baby is the size of a banana.\r\nYour burgeoning baby now measures about 6 1/2 inches from head to bottom or 10 inches from head to heel, and weighs roughly 10 1/2 ounces.", "length": "25.6 cm", "weigth": "300 grams", "size": "Banana", "image": "BabyPics/Group_585.png"}}, {"model": "Customer.babypics", "pk": 20, "fields": {"week": 21, "description": "Your baby's movements have gone from flutters to full-on kicks and jabs against the walls of your womb. You may start to notice patterns as you become more familiar with her activity.\r\nYour baby is the size of a carrot.\r\nYour carrot-sized cutie is now roughly 10 1/2 inches from head to heel and weighs about 12 ounces.", "length": "26.7 cm", "weigth": "360 grams", "size": "carrot", "image": "BabyPics/Group_586.png"}}, {"model": "Customer.babypics", "pk": 21, "fields": {"week": 22, "description": "Your baby now looks almost like a miniature newborn. Features such as lips and eyebrows are more distinct, but the pigment that will color his eyes isn't present yet.\r\nYour baby is the size of a spaghetti squash.\r\nAt close to 11 inches and almost 1 pound, your baby is starting to look like a miniature newborn as her lips, eyelids, and eyebrows become more distinct", "length": "27.8 cm", "weigth": "430 grams", "size": "spaghetti squash", "image": "BabyPics/Group_587.png"}}, {"model": "Customer.babypics", "pk": 22, "fields": {"week": 23, "description": "Your baby's ears are getting better at picking up sounds. After birth, she may recognize some noises outside the womb that she's hearing inside now.\r\nYour baby is the size of a large mango.\r\nYour baby now weighs just over a pound and is more than 11 inches long  and if you turn on some tunes and sway to the music, he can feel you dance.", "length": "28.9 cm", "weigth": "501 grams", "size": "Large Mango", "image": "BabyPics/Group_588.png"}}, {"model": "Customer.babypics", "pk": 23, "fields": {"week": 24, "description": "Your baby cuts a pretty long and lean figure, but chubbier times are coming. His skin is still thin and translucent, but that will begin to change soon too.\r\nYour baby is the size of an ear of corn.\r\nYour baby is now almost a foot long from head to heel and has gained about 1/4 pound since last week and now weighs about 1 1/4 pounds.", "length": "30 cm", "weigth": "600 grams", "size": "ear of corn", "image": "BabyPics/Group_589.png"}}, {"model": "Customer.babypics", "pk": 24, "fields": {"week": 25, "description": "Your baby's wrinkled skin is starting to fill out with baby fat, making her look more like a newborn. Her hair is beginning to come in, and it has color and texture.\r\nYour baby is now the same weight as an average rutabaga.\r\nYour baby now rivals the average rutabaga in weight  about 1 1/2 pounds  and is roughly 13 1/2 inches long from head to heel.", "length": "34.6 cm", "weigth": "600 grams", "size": "average rutabaga", "image": "BabyPics/Group_590.png"}}, {"model": "Customer.babypics", "pk": 25, "fields": {"week": 26, "description": "Your baby is now inhaling and exhaling amniotic fluid, which helps develop his lungs. These breathing movements are good practice for that first breath of air at birth.\r\nYour baby is the size of a bunch of scallions.\r\nYour baby, now about 14 inches from head to heel and roughly 1 2/3 pounds, may be able to hear both your voice and the voices of people you talk to.", "length": "35.6 cm", "weigth": "760 grams", "size": "bunch of scallions", "image": "BabyPics/Group_591.png"}}, {"model": "Customer.babypics", "pk": 26, "fields": {"week": 27, "description": "This is the last week of your second trimester. Your baby now sleeps and wakes on a regular schedule, and her brain is very active. Her lungs aren't fully formed, but they could function outside the womb with medical help.\r\nYour baby is the size of a head of cauliflower.\r\nYour baby is now as hefty as a head of cauliflower, weighing in at almost 2 pounds and measuring roughly 14 1/2 inches.", "length": "36.6 cm", "weigth": "875 grams", "size": "head of cauliflower", "image": "BabyPics/Group_592.png"}}, {"model": "Customer.babypics", "pk": 27, "fields": {"week": 28, "description": "Your baby's eyesight is developing, which may enable her to sense light filtering in from the outside. She can blink, and her eyelashes have grown in.\r\nYour baby is the size of a large eggplant.\r\nYour baby now weighs about 2 1/4 pounds, is almost 15 inches long from head to heel, and can blink her eyes (which now sport lashes).", "length": "37.6 cm", "weigth": "1 kg", "size": "large eggplant", "image": "BabyPics/Group_593.png"}}, {"model": "Customer.babypics", "pk": 28, "fields": {"week": 29, "description": "Your baby's muscles and lungs are busy getting ready to function in the outside world, and his head is growing to make room for his developing brain.\r\nYour baby is the size of a butternut squash.\r\nYour baby now weighs about 2 1/2 pounds and is a tad over 15 inches long from head to heel.", "length": "38.6 cm", "weigth": "1.2 kg", "size": "butternut squash", "image": "BabyPics/Group_594.png"}}, {"model": "Customer.babypics", "pk": 29, "fields": {"week": 30, "description": "Your baby is surrounded by a pint and a half of amniotic fluid, although there will be less of it as she grows and claims more space inside your uterus.\r\nYour baby is the size of a large cabbage\r\nYour baby tips the scales this week at 3 pounds and is 15 3/4 inches long from head to heel.", "length": "39.9 cm", "weigth": "1.3 kg", "size": "large cabbage", "image": "BabyPics/Group_596.png"}}, {"model": "Customer.babypics", "pk": 30, "fields": {"week": 31, "description": "Your baby can now turn his head from side to side. A protective layer of fat is accumulating under his skin, filling out his arms and legs.\r\nYour baby is the size of a coconut.\r\nYour baby now weighs about 3 1/3 pounds and measures more than 16 inches from head to heel.", "length": "41.1 cm", "weigth": "1.5 kg", "size": "Coconut", "image": "BabyPics/Group_597.png"}}, {"model": "Customer.babypics", "pk": 31, "fields": {"week": 32, "description": "You're probably gaining about a pound a week. Half of that goes straight to your baby, who will gain one-third to half her birth weight in the next seven weeks in preparation for life outside the womb.\r\nYour baby is the size of a large jicama.\r\nYour baby is taking up more and more space in your uterus, weighing in at about 3 3/4 pounds and measuring 16 3/4 inches from head to heel.", "length": "42.4 cm", "weigth": "1.7 kg", "size": "large jicama", "image": "BabyPics/Group_598.png"}}, {"model": "Customer.babypics", "pk": 32, "fields": {"week": 33, "description": "The bones in your baby's skull aren't fused yet. That allows them to shift as his head squeezes through the birth canal. They won't fully fuse until adulthood.\r\nYour baby is the size of a pineapple.\r\nMeasuring 17-plus inches from head to heel and weighing a little over 4 pounds, your baby is rapidly losing that wrinkled, alien look, and his skeleton is hardening.", "length": "43.7 cm", "weigth": "1.9 kg", "size": "0pineapple", "image": "BabyPics/Group_599.png"}}, {"model": "Customer.babypics", "pk": 33, "fields": {"week": 34, "description": "Your baby's central nervous system is maturing, as are her lungs. Babies born between 34 and 37 weeks who have no other health problems usually do well in the long run.\r\nYour baby is the size of a cantaloupe.\r\nYour melon-sized munchkin now weighs about 4 3/4 pounds and is almost 18 inches long from head to heel.", "length": "45 cm", "weigth": "2.1 kg", "size": "cantaloupe", "image": "BabyPics/Group_600.png"}}, {"model": "Customer.babypics", "pk": 34, "fields": {"week": 35, "description": "It's getting snug inside your womb! Your baby's kidneys are fully developed, and his liver can process some waste products.\r\nYour baby is the size of a honeydew melon.\r\nour baby, now weighing in at 5 1/4 pounds and measuring more than 18 inches, doesn't have much room to maneuver in your belly.", "length": "46.2 cm", "weigth": "2.4 kg", "size": "honeydew melon", "image": "BabyPics/Group_601.png"}}, {"model": "Customer.babypics", "pk": 35, "fields": {"week": 36, "description": "Your baby is gaining about an ounce a day. She's also losing most of the fine down that covered her body, along with the vernix casosa, a waxy substance that was protecting her skin until now.\r\nYour baby is the size of a head of romaine lettuce.\r\nYour not-so-little lettuce now measures more than 18 1/2 inches from head to heel and weighs almost 6 pounds (and is still packing it on at a rate of about an ounce a day).", "length": "47.4 cm", "weigth": "2.6 kg", "size": "head of romaine lettuce", "image": "BabyPics/Group_602.png"}}, {"model": "Customer.babypics", "pk": 36, "fields": {"week": 37, "description": "Your due date is very close, but though your baby looks like a newborn, he isn't quite ready for the outside world. Over the next two weeks his lungs and brain will fully mature.\r\nYour baby is the size of a bunch of Swiss chard.\r\nYour baby measures roughly 19 inches from head to heel and weighs about 6 1/3 pounds.", "length": "48.6 cm", "weigth": "2.9 kg", "size": "bunch of swiss chard", "image": "BabyPics/Group_603.png"}}, {"model": "Customer.babypics", "pk": 37, "fields": {"week": 38, "description": "Are you curious about your baby's eye color? Her irises are not fully pigmented, so if she's born with blue eyes, they could change to a darker color up until she's about a year old.\r\nYour baby is the size of a leek.\r\nYour lanky leek is now more than 19 1/2 inches long from head to heel and weighs nearly 7 pounds.", "length": "49.8 cm", "weigth": "3.1 kg", "size": "leek", "image": "BabyPics/Group_604.png"}}, {"model": "Customer.babypics", "pk": 38, "fields": {"week": 39, "description": "Your baby's physical development is complete, but he's still busy putting on fat he'll need to help regulate his body temperature in the outside world.\r\nYour baby is the size of a mini watermelon.\r\nYour baby now weighs a bit over 7 pounds and is roughly 20 inches long from head to heel.", "length": "50.7 cm", "weigth": "3.3 kg", "size": "mini watermelon", "image": "BabyPics/Group_605.png"}}, {"model": "Customer.babypics", "pk": 39, "fields": {"week": 40, "description": "If you're past your due date you may not be as late as you think, especially if you calculated it solely based on the day of your last period. Sometimes women ovulate later than expected.\r\nBut if you don't go into labor on your own by your due date, your healthcare provider will probably do tests (such as a sonogram and a non-stress test) to make sure you can safely continue your pregnancy\r\nYour baby is the size of a small pumpkin.\r\nYour little pumpkin could arrive any day now, if he or she isn't here already. The average newborn weighs about 7 1/2 pounds and is about 20 inches long.", "length": "51.2 cm", "weigth": "3.5 kg", "size": "Small Pumpkin", "image": "BabyPics/Group_606_ingdX7u.png"}}, {"model": "Customer.dailytrackermodule", "pk": 1, "fields": {"name": "activity"}}, {"model": "Customer.dailytrackermodule", "pk": 2, "fields": {"name": "exercise"}}, {"model": "Customer.dailytrackermodule", "pk": 3, "fields": {"name": "diet"}}, {"model": "Customer.activitymainmodule", "pk": 1, "fields": {"stage": 2, "name": "walking", "url": "https://razorpay.com/docs/payments/payments/test-card-upi-details/", "description": "walking is good for health", "disabled": true}}, {"model": "Customer.activitymainmodule", "pk": 2, "fields": {"stage": 2, "name": "fdgfdgh", "url": "https://www.google.com/", "description": "rgdfghdh", "disabled": true}}, {"model": "Customer.activitymainmodule", "pk": 3, "fields": {"stage": 2, "name": "fdgfdg", "url": "https://www.youtube.com/watch?v=RDV3Z1KCBvo&ab_channel=CleverProgrammer", "description": "drdglkjdfgjdfl;ijdfh", "disabled": false}}, {"model": "Customer.activitymainmodule", "pk": 4, "fields": {"stage": 2, "name": "New Act", "url": "https://sukhprasavam.com/dall_clients", "description": "dfssdf", "disabled": true}}, {"model": "Customer.activitymainmodule", "pk": 5, "fields": {"stage": 8, "name": "spend time with family", "url": "https://www.google.com/", "description": "relaxing", "disabled": true}}, {"model": "Customer.activitymainmodule", "pk": 6, "fields": {"stage": 8, "name": "Relaxing ", "url": "https://www.google.com/", "description": "dsfsdg", "disabled": true}}, {"model": "Customer.activitysubmodules", "pk": 1, "fields": {"ActivityMainModule": 1, "subModuleName": "morning walk", "disabled": false}}, {"model": "Customer.activitysubmodules", "pk": 2, "fields": {"ActivityMainModule": 2, "subModuleName": "dfhdfh", "disabled": false}}, {"model": "Customer.activitysubmodules", "pk": 3, "fields": {"ActivityMainModule": 3, "subModuleName": "syb1", "disabled": false}}, {"model": "Customer.activitysubmodules", "pk": 4, "fields": {"ActivityMainModule": 4, "subModuleName": "sid1", "disabled": false}}, {"model": "Customer.activitysubmodules", "pk": 5, "fields": {"ActivityMainModule": 6, "subModuleName": "Spend Time With Family", "disabled": false}}, {"model": "Customer.completedactivity", "pk": 2, "fields": {"customer": 22, "daily_tracker_submodules": 1, "date": "2022-01-15", "completed": true}}, {"model": "Customer.completedactivity", "pk": 3, "fields": {"customer": 22, "daily_tracker_submodules": 1, "date": "2022-01-17", "completed": true}}, {"model": "Customer.completedactivity", "pk": 4, "fields": {"customer": 22, "daily_tracker_submodules": 3, "date": "2022-01-17", "completed": true}}, {"model": "Customer.completedactivity", "pk": 5, "fields": {"customer": 22, "daily_tracker_submodules": 2, "date": "2022-01-17", "completed": true}}, {"model": "Customer.completedactivity", "pk": 6, "fields": {"customer": 22, "daily_tracker_submodules": 4, "date": "2022-01-17", "completed": true}}, {"model": "Customer.completedactivity", "pk": 7, "fields": {"customer": 22, "daily_tracker_submodules": 5, "date": "2022-04-29", "completed": true}}, {"model": "Customer.completedactivity", "pk": 9, "fields": {"customer": 22, "daily_tracker_submodules": 5, "date": "2022-07-25", "completed": true}}, {"model": "Customer.completedactivity", "pk": 10, "fields": {"customer": 148, "daily_tracker_submodules": 3, "date": "2023-04-11", "completed": true}}, {"model": "Customer.completedactivity", "pk": 11, "fields": {"customer": 148, "daily_tracker_submodules": 3, "date": "2023-04-13", "completed": true}}, {"model": "Customer.completedactivity", "pk": 12, "fields": {"customer": 157, "daily_tracker_submodules": 3, "date": "2023-05-08", "completed": true}}, {"model": "Customer.completedactivity", "pk": 13, "fields": {"customer": 157, "daily_tracker_submodules": 3, "date": "2023-05-07", "completed": true}}, {"model": "Customer.completedactivity", "pk": 14, "fields": {"customer": 157, "daily_tracker_submodules": 3, "date": "2023-05-06", "completed": true}}, {"model": "Customer.completedactivity", "pk": 15, "fields": {"customer": 157, "daily_tracker_submodules": 3, "date": "2023-05-05", "completed": true}}, {"model": "Customer.completedactivity", "pk": 16, "fields": {"customer": 157, "daily_tracker_submodules": 3, "date": "2023-05-04", "completed": true}}, {"model": "Customer.completedactivity", "pk": 17, "fields": {"customer": 157, "daily_tracker_submodules": 3, "date": "2023-05-03", "completed": true}}, {"model": "Customer.completedactivity", "pk": 18, "fields": {"customer": 157, "daily_tracker_submodules": 3, "date": "2023-05-02", "completed": true}}, {"model": "Customer.completedactivity", "pk": 19, "fields": {"customer": 157, "daily_tracker_submodules": 3, "date": "2023-05-01", "completed": true}}, {"model": "Customer.completedactivity", "pk": 20, "fields": {"customer": 157, "daily_tracker_submodules": 3, "date": "2023-05-09", "completed": true}}, {"model": "Customer.completedactivity", "pk": 21, "fields": {"customer": 157, "daily_tracker_submodules": 3, "date": "2023-05-17", "completed": true}}, {"model": "Customer.customactivity", "pk": 2, "fields": {"customer": 22, "name": "running"}}, {"model": "Customer.customactivity", "pk": 3, "fields": {"customer": 22, "name": "dffsfd"}}, {"model": "Customer.customactivity", "pk": 4, "fields": {"customer": 22, "name": "Flower Making"}}, {"model": "Customer.customactivity", "pk": 8, "fields": {"customer": 22, "name": "huha"}}, {"model": "Customer.customactivity", "pk": 13, "fields": {"customer": 148, "name": "walking"}}, {"model": "Customer.customactivity", "pk": 14, "fields": {"customer": 157, "name": "run"}}, {"model": "Customer.customactivity", "pk": 15, "fields": {"customer": 158, "name": "run"}}, {"model": "Customer.customactivity", "pk": 16, "fields": {"customer": 159, "name": "run"}}, {"model": "Customer.customactivity", "pk": 17, "fields": {"customer": 160, "name": "jump"}}, {"model": "Customer.customactivity", "pk": 18, "fields": {"customer": 163, "name": "walking"}}, {"model": "Customer.completedcustomactivity", "pk": 2, "fields": {"activity": 2, "date": "2022-03-25", "completed": true}}, {"model": "Customer.completedcustomactivity", "pk": 3, "fields": {"activity": 2, "date": "2022-03-26", "completed": true}}, {"model": "Customer.completedcustomactivity", "pk": 4, "fields": {"activity": 2, "date": "2022-03-28", "completed": true}}, {"model": "Customer.completedcustomactivity", "pk": 5, "fields": {"activity": 2, "date": "2022-03-30", "completed": false}}, {"model": "Customer.completedcustomactivity", "pk": 6, "fields": {"activity": 2, "date": "2022-04-07", "completed": true}}, {"model": "Customer.completedcustomactivity", "pk": 7, "fields": {"activity": 2, "date": "2022-04-09", "completed": true}}, {"model": "Customer.completedcustomactivity", "pk": 8, "fields": {"activity": 2, "date": "2022-04-21", "completed": true}}, {"model": "Customer.completedcustomactivity", "pk": 9, "fields": {"activity": 2, "date": "2022-04-23", "completed": true}}, {"model": "Customer.completedcustomactivity", "pk": 10, "fields": {"activity": 2, "date": "2022-04-25", "completed": true}}, {"model": "Customer.completedcustomactivity", "pk": 11, "fields": {"activity": 2, "date": "2022-04-26", "completed": true}}, {"model": "Customer.completedcustomactivity", "pk": 12, "fields": {"activity": 2, "date": "2022-04-28", "completed": true}}, {"model": "Customer.completedcustomactivity", "pk": 13, "fields": {"activity": 2, "date": "2022-04-29", "completed": true}}, {"model": "Customer.completedcustomactivity", "pk": 14, "fields": {"activity": 2, "date": "2022-04-30", "completed": true}}, {"model": "Customer.completedcustomactivity", "pk": 15, "fields": {"activity": 2, "date": "2022-05-02", "completed": true}}, {"model": "Customer.completedcustomactivity", "pk": 16, "fields": {"activity": 2, "date": "2022-05-16", "completed": true}}, {"model": "Customer.completedcustomactivity", "pk": 17, "fields": {"activity": 3, "date": "2022-05-16", "completed": true}}, {"model": "Customer.completedcustomactivity", "pk": 18, "fields": {"activity": 2, "date": "2022-05-19", "completed": true}}, {"model": "Customer.completedcustomactivity", "pk": 19, "fields": {"activity": 3, "date": "2022-05-19", "completed": true}}, {"model": "Customer.completedcustomactivity", "pk": 20, "fields": {"activity": 2, "date": "2022-05-25", "completed": true}}, {"model": "Customer.completedcustomactivity", "pk": 21, "fields": {"activity": 3, "date": "2022-05-25", "completed": true}}, {"model": "Customer.completedcustomactivity", "pk": 22, "fields": {"activity": 4, "date": "2022-05-25", "completed": true}}, {"model": "Customer.completedcustomactivity", "pk": 23, "fields": {"activity": 2, "date": "2022-05-28", "completed": true}}, {"model": "Customer.completedcustomactivity", "pk": 24, "fields": {"activity": 2, "date": "2022-06-06", "completed": false}}, {"model": "Customer.completedcustomactivity", "pk": 25, "fields": {"activity": 3, "date": "2022-06-06", "completed": false}}, {"model": "Customer.completedcustomactivity", "pk": 26, "fields": {"activity": 4, "date": "2022-06-06", "completed": false}}, {"model": "Customer.completedcustomactivity", "pk": 27, "fields": {"activity": 2, "date": "2022-06-07", "completed": true}}, {"model": "Customer.completedcustomactivity", "pk": 28, "fields": {"activity": 3, "date": "2022-06-07", "completed": true}}, {"model": "Customer.completedcustomactivity", "pk": 29, "fields": {"activity": 4, "date": "2022-06-07", "completed": true}}, {"model": "Customer.completedcustomactivity", "pk": 30, "fields": {"activity": 2, "date": "2022-06-08", "completed": true}}, {"model": "Customer.completedcustomactivity", "pk": 31, "fields": {"activity": 3, "date": "2022-06-08", "completed": true}}, {"model": "Customer.completedcustomactivity", "pk": 32, "fields": {"activity": 4, "date": "2022-06-08", "completed": true}}, {"model": "Customer.completedcustomactivity", "pk": 33, "fields": {"activity": 4, "date": "2022-06-10", "completed": true}}, {"model": "Customer.completedcustomactivity", "pk": 34, "fields": {"activity": 3, "date": "2022-06-10", "completed": true}}, {"model": "Customer.completedcustomactivity", "pk": 35, "fields": {"activity": 2, "date": "2022-06-10", "completed": true}}, {"model": "Customer.completedcustomactivity", "pk": 36, "fields": {"activity": 2, "date": "2022-06-11", "completed": true}}, {"model": "Customer.completedcustomactivity", "pk": 37, "fields": {"activity": 3, "date": "2022-06-11", "completed": true}}, {"model": "Customer.completedcustomactivity", "pk": 38, "fields": {"activity": 4, "date": "2022-06-11", "completed": true}}, {"model": "Customer.completedcustomactivity", "pk": 39, "fields": {"activity": 4, "date": "2022-06-14", "completed": true}}, {"model": "Customer.completedcustomactivity", "pk": 41, "fields": {"activity": 3, "date": "2022-06-22", "completed": true}}, {"model": "Customer.completedcustomactivity", "pk": 42, "fields": {"activity": 4, "date": "2022-06-22", "completed": true}}, {"model": "Customer.completedcustomactivity", "pk": 43, "fields": {"activity": 2, "date": "2022-06-22", "completed": true}}, {"model": "Customer.completedcustomactivity", "pk": 44, "fields": {"activity": 2, "date": "2022-06-24", "completed": true}}, {"model": "Customer.completedcustomactivity", "pk": 45, "fields": {"activity": 3, "date": "2022-06-24", "completed": true}}, {"model": "Customer.completedcustomactivity", "pk": 46, "fields": {"activity": 4, "date": "2022-06-24", "completed": true}}, {"model": "Customer.completedcustomactivity", "pk": 48, "fields": {"activity": 2, "date": "2022-07-05", "completed": false}}, {"model": "Customer.completedcustomactivity", "pk": 49, "fields": {"activity": 3, "date": "2022-07-05", "completed": false}}, {"model": "Customer.completedcustomactivity", "pk": 50, "fields": {"activity": 4, "date": "2022-07-07", "completed": true}}, {"model": "Customer.completedcustomactivity", "pk": 52, "fields": {"activity": 2, "date": "2022-07-18", "completed": true}}, {"model": "Customer.completedcustomactivity", "pk": 53, "fields": {"activity": 2, "date": "2022-07-21", "completed": true}}, {"model": "Customer.completedcustomactivity", "pk": 54, "fields": {"activity": 3, "date": "2022-07-21", "completed": true}}, {"model": "Customer.completedcustomactivity", "pk": 55, "fields": {"activity": 4, "date": "2022-07-21", "completed": true}}, {"model": "Customer.completedcustomactivity", "pk": 58, "fields": {"activity": 4, "date": "2022-07-26", "completed": true}}, {"model": "Customer.completedcustomactivity", "pk": 59, "fields": {"activity": 4, "date": "2022-08-08", "completed": true}}, {"model": "Customer.completedcustomactivity", "pk": 60, "fields": {"activity": 4, "date": "2022-08-09", "completed": true}}, {"model": "Customer.completedcustomactivity", "pk": 61, "fields": {"activity": 4, "date": "2022-08-10", "completed": true}}, {"model": "Customer.completedcustomactivity", "pk": 62, "fields": {"activity": 4, "date": "2022-08-11", "completed": true}}, {"model": "Customer.completedcustomactivity", "pk": 64, "fields": {"activity": 2, "date": "2022-08-13", "completed": true}}, {"model": "Customer.completedcustomactivity", "pk": 65, "fields": {"activity": 4, "date": "2022-08-16", "completed": true}}, {"model": "Customer.completedcustomactivity", "pk": 66, "fields": {"activity": 4, "date": "2022-08-17", "completed": true}}, {"model": "Customer.completedcustomactivity", "pk": 67, "fields": {"activity": 2, "date": "2022-08-17", "completed": true}}, {"model": "Customer.completedcustomactivity", "pk": 68, "fields": {"activity": 8, "date": "2022-08-17", "completed": true}}, {"model": "Customer.completedcustomactivity", "pk": 69, "fields": {"activity": 2, "date": "2022-08-18", "completed": true}}, {"model": "Customer.completedcustomactivity", "pk": 70, "fields": {"activity": 8, "date": "2022-08-18", "completed": true}}, {"model": "Customer.completedcustomactivity", "pk": 71, "fields": {"activity": 4, "date": "2022-08-19", "completed": true}}, {"model": "Customer.completedcustomactivity", "pk": 72, "fields": {"activity": 2, "date": "2022-08-22", "completed": true}}, {"model": "Customer.completedcustomactivity", "pk": 73, "fields": {"activity": 4, "date": "2022-08-22", "completed": true}}, {"model": "Customer.completedcustomactivity", "pk": 74, "fields": {"activity": 4, "date": "2022-08-26", "completed": true}}, {"model": "Customer.completedcustomactivity", "pk": 75, "fields": {"activity": 2, "date": "2022-08-26", "completed": true}}, {"model": "Customer.completedcustomactivity", "pk": 76, "fields": {"activity": 4, "date": "2022-08-30", "completed": true}}, {"model": "Customer.completedcustomactivity", "pk": 77, "fields": {"activity": 2, "date": "2022-08-30", "completed": true}}, {"model": "Customer.completedcustomactivity", "pk": 78, "fields": {"activity": 4, "date": "2022-08-31", "completed": true}}, {"model": "Customer.completedcustomactivity", "pk": 79, "fields": {"activity": 2, "date": "2022-09-09", "completed": true}}, {"model": "Customer.completedcustomactivity", "pk": 80, "fields": {"activity": 2, "date": "2022-09-10", "completed": true}}, {"model": "Customer.completedcustomactivity", "pk": 81, "fields": {"activity": 2, "date": "2022-09-20", "completed": true}}, {"model": "Customer.completedcustomactivity", "pk": 82, "fields": {"activity": 2, "date": "2022-09-21", "completed": true}}, {"model": "Customer.completedcustomactivity", "pk": 83, "fields": {"activity": 2, "date": "2022-09-23", "completed": false}}, {"model": "Customer.completedcustomactivity", "pk": 84, "fields": {"activity": 4, "date": "2022-09-24", "completed": true}}, {"model": "Customer.completedcustomactivity", "pk": 85, "fields": {"activity": 4, "date": "2022-09-26", "completed": true}}, {"model": "Customer.completedcustomactivity", "pk": 86, "fields": {"activity": 2, "date": "2022-10-01", "completed": true}}, {"model": "Customer.completedcustomactivity", "pk": 87, "fields": {"activity": 4, "date": "2022-10-01", "completed": true}}, {"model": "Customer.completedcustomactivity", "pk": 88, "fields": {"activity": 4, "date": "2022-10-03", "completed": true}}, {"model": "Customer.completedcustomactivity", "pk": 89, "fields": {"activity": 4, "date": "2022-10-11", "completed": true}}, {"model": "Customer.completedcustomactivity", "pk": 90, "fields": {"activity": 3, "date": "2022-10-12", "completed": true}}, {"model": "Customer.completedcustomactivity", "pk": 91, "fields": {"activity": 8, "date": "2022-10-12", "completed": true}}, {"model": "Customer.completedcustomactivity", "pk": 92, "fields": {"activity": 4, "date": "2022-10-14", "completed": true}}, {"model": "Customer.completedcustomactivity", "pk": 93, "fields": {"activity": 4, "date": "2022-10-17", "completed": true}}, {"model": "Customer.completedcustomactivity", "pk": 94, "fields": {"activity": 2, "date": "2022-11-01", "completed": true}}, {"model": "Customer.completedcustomactivity", "pk": 95, "fields": {"activity": 4, "date": "2022-11-22", "completed": true}}, {"model": "Customer.completedcustomactivity", "pk": 96, "fields": {"activity": 2, "date": "2022-12-14", "completed": true}}, {"model": "Customer.completedcustomactivity", "pk": 97, "fields": {"activity": 4, "date": "2022-12-14", "completed": true}}, {"model": "Customer.completedcustomactivity", "pk": 98, "fields": {"activity": 2, "date": "2022-12-13", "completed": true}}, {"model": "Customer.completedcustomactivity", "pk": 99, "fields": {"activity": 4, "date": "2022-12-12", "completed": true}}, {"model": "Customer.completedcustomactivity", "pk": 100, "fields": {"activity": 2, "date": "2022-12-11", "completed": true}}, {"model": "Customer.completedcustomactivity", "pk": 101, "fields": {"activity": 4, "date": "2022-12-10", "completed": true}}, {"model": "Customer.completedcustomactivity", "pk": 102, "fields": {"activity": 4, "date": "2022-12-09", "completed": true}}, {"model": "Customer.completedcustomactivity", "pk": 103, "fields": {"activity": 2, "date": "2022-12-08", "completed": true}}, {"model": "Customer.completedcustomactivity", "pk": 104, "fields": {"activity": 2, "date": "2022-12-07", "completed": true}}, {"model": "Customer.completedcustomactivity", "pk": 105, "fields": {"activity": 2, "date": "2023-01-21", "completed": true}}, {"model": "Customer.completedcustomactivity", "pk": 106, "fields": {"activity": 4, "date": "2023-01-21", "completed": true}}, {"model": "Customer.completedcustomactivity", "pk": 107, "fields": {"activity": 2, "date": "2023-01-24", "completed": false}}, {"model": "Customer.completedcustomactivity", "pk": 108, "fields": {"activity": 3, "date": "2023-01-24", "completed": false}}, {"model": "Customer.completedcustomactivity", "pk": 109, "fields": {"activity": 2, "date": "2023-01-29", "completed": true}}, {"model": "Customer.completedcustomactivity", "pk": 110, "fields": {"activity": 4, "date": "2023-01-31", "completed": true}}, {"model": "Customer.completedcustomactivity", "pk": 111, "fields": {"activity": 2, "date": "2023-02-06", "completed": true}}, {"model": "Customer.completedcustomactivity", "pk": 112, "fields": {"activity": 4, "date": "2023-02-06", "completed": true}}, {"model": "Customer.completedcustomactivity", "pk": 113, "fields": {"activity": 2, "date": "2023-02-07", "completed": true}}, {"model": "Customer.completedcustomactivity", "pk": 114, "fields": {"activity": 2, "date": "2023-02-10", "completed": true}}, {"model": "Customer.completedcustomactivity", "pk": 115, "fields": {"activity": 4, "date": "2023-02-10", "completed": true}}, {"model": "Customer.completedcustomactivity", "pk": 116, "fields": {"activity": 2, "date": "2023-02-18", "completed": true}}, {"model": "Customer.completedcustomactivity", "pk": 117, "fields": {"activity": 2, "date": "2023-03-07", "completed": true}}, {"model": "Customer.completedcustomactivity", "pk": 118, "fields": {"activity": 4, "date": "2023-03-06", "completed": true}}, {"model": "Customer.completedcustomactivity", "pk": 119, "fields": {"activity": 2, "date": "2023-03-06", "completed": true}}, {"model": "Customer.completedcustomactivity", "pk": 120, "fields": {"activity": 2, "date": "2023-03-24", "completed": true}}, {"model": "Customer.completedcustomactivity", "pk": 121, "fields": {"activity": 13, "date": "2023-03-31", "completed": true}}, {"model": "Customer.completedcustomactivity", "pk": 122, "fields": {"activity": 13, "date": "2023-04-08", "completed": true}}, {"model": "Customer.completedcustomactivity", "pk": 123, "fields": {"activity": 14, "date": "2023-04-25", "completed": true}}, {"model": "Customer.completedcustomactivity", "pk": 124, "fields": {"activity": 14, "date": "2023-04-17", "completed": true}}, {"model": "Customer.completedcustomactivity", "pk": 125, "fields": {"activity": 14, "date": "2023-04-18", "completed": true}}, {"model": "Customer.completedcustomactivity", "pk": 126, "fields": {"activity": 14, "date": "2023-04-19", "completed": true}}, {"model": "Customer.completedcustomactivity", "pk": 127, "fields": {"activity": 14, "date": "2023-04-20", "completed": true}}, {"model": "Customer.completedcustomactivity", "pk": 128, "fields": {"activity": 14, "date": "2023-04-21", "completed": true}}, {"model": "Customer.completedcustomactivity", "pk": 129, "fields": {"activity": 14, "date": "2023-04-22", "completed": true}}, {"model": "Customer.completedcustomactivity", "pk": 130, "fields": {"activity": 14, "date": "2023-04-23", "completed": true}}, {"model": "Customer.completedcustomactivity", "pk": 131, "fields": {"activity": 14, "date": "2023-04-24", "completed": true}}, {"model": "Customer.completedcustomactivity", "pk": 132, "fields": {"activity": 15, "date": "2023-04-25", "completed": true}}, {"model": "Customer.completedcustomactivity", "pk": 133, "fields": {"activity": 16, "date": "2023-04-25", "completed": true}}, {"model": "Customer.completedcustomactivity", "pk": 134, "fields": {"activity": 17, "date": "2023-04-25", "completed": true}}, {"model": "Customer.completedcustomactivity", "pk": 135, "fields": {"activity": 14, "date": "2023-05-04", "completed": true}}, {"model": "Customer.completedcustomactivity", "pk": 136, "fields": {"activity": 14, "date": "2023-05-07", "completed": true}}, {"model": "Customer.completedcustomactivity", "pk": 137, "fields": {"activity": 14, "date": "2023-05-08", "completed": true}}, {"model": "Customer.completedcustomactivity", "pk": 138, "fields": {"activity": 14, "date": "2023-05-06", "completed": true}}, {"model": "Customer.completedcustomactivity", "pk": 139, "fields": {"activity": 14, "date": "2023-05-05", "completed": true}}, {"model": "Customer.completedcustomactivity", "pk": 140, "fields": {"activity": 14, "date": "2023-05-03", "completed": true}}, {"model": "Customer.completedcustomactivity", "pk": 141, "fields": {"activity": 14, "date": "2023-05-02", "completed": true}}, {"model": "Customer.completedcustomactivity", "pk": 142, "fields": {"activity": 14, "date": "2023-05-01", "completed": true}}, {"model": "Customer.completedcustomactivity", "pk": 143, "fields": {"activity": 14, "date": "2023-05-09", "completed": true}}, {"model": "Customer.completedcustomactivity", "pk": 144, "fields": {"activity": 14, "date": "2023-05-17", "completed": true}}, {"model": "Customer.completedcustomactivity", "pk": 145, "fields": {"activity": 14, "date": "2023-05-22", "completed": true}}, {"model": "Customer.completedcustomactivity", "pk": 146, "fields": {"activity": 14, "date": "2023-05-21", "completed": true}}, {"model": "Customer.completedcustomactivity", "pk": 147, "fields": {"activity": 14, "date": "2023-05-20", "completed": true}}, {"model": "Customer.completedcustomactivity", "pk": 148, "fields": {"activity": 14, "date": "2023-05-19", "completed": true}}, {"model": "Customer.completedcustomactivity", "pk": 149, "fields": {"activity": 18, "date": "2023-05-22", "completed": true}}, {"model": "Customer.completedcustomactivity", "pk": 150, "fields": {"activity": 14, "date": "2023-05-23", "completed": true}}, {"model": "Customer.completedcustomactivity", "pk": 151, "fields": {"activity": 14, "date": "2023-06-05", "completed": true}}, {"model": "Customer.completedcustomactivity", "pk": 152, "fields": {"activity": 14, "date": "2023-06-04", "completed": true}}, {"model": "Customer.completedcustomactivity", "pk": 153, "fields": {"activity": 14, "date": "2023-06-03", "completed": true}}, {"model": "Customer.completedcustomactivity", "pk": 154, "fields": {"activity": 14, "date": "2023-06-08", "completed": true}}, {"model": "Customer.completedcustomactivity", "pk": 155, "fields": {"activity": 14, "date": "2023-06-07", "completed": true}}, {"model": "Customer.completedcustomactivity", "pk": 156, "fields": {"activity": 14, "date": "2023-06-06", "completed": true}}, {"model": "Customer.completedcustomactivity", "pk": 157, "fields": {"activity": 14, "date": "2023-07-02", "completed": true}}, {"model": "Customer.meal", "pk": 1, "fields": {"name": "dinner drink"}}, {"model": "Customer.meal", "pk": 2, "fields": {"name": "dinner"}}, {"model": "Customer.meal", "pk": 3, "fields": {"name": "afternoon snack"}}, {"model": "Customer.meal", "pk": 4, "fields": {"name": "lunch"}}, {"model": "Customer.meal", "pk": 5, "fields": {"name": "mid day snack"}}, {"model": "Customer.meal", "pk": 6, "fields": {"name": "breakfast"}}, {"model": "Customer.meal", "pk": 7, "fields": {"name": "early morning"}}, {"model": "Customer.diettracker", "pk": 9, "fields": {"customer": 22, "meal": 7, "date": "2022-01-15", "food": "idili", "time": "22:34"}}, {"model": "Customer.diettracker", "pk": 10, "fields": {"customer": 22, "meal": 6, "date": "2022-01-15", "food": "Chapathi", "time": "14:00:00"}}, {"model": "Customer.diettracker", "pk": 11, "fields": {"customer": 22, "meal": 5, "date": "2022-01-15", "food": "rice", "time": "23:00:00"}}, {"model": "Customer.diettracker", "pk": 12, "fields": {"customer": 22, "meal": 4, "date": "2022-01-15", "food": "fried rice", "time": "22:34:58"}}, {"model": "Customer.diettracker", "pk": 13, "fields": {"customer": 22, "meal": 3, "date": "2022-01-15", "food": "roti", "time": "22:34:58"}}, {"model": "Customer.diettracker", "pk": 14, "fields": {"customer": 22, "meal": 2, "date": "2022-01-15", "food": "biriyani", "time": "12:34"}}, {"model": "Customer.diettracker", "pk": 15, "fields": {"customer": 22, "meal": 1, "date": "2022-01-15", "food": "orange juice", "time": "14:38"}}, {"model": "Customer.diettracker", "pk": 16, "fields": {"customer": 22, "meal": 7, "date": "2022-02-07", "food": "Coffee", "time": "14:38"}}, {"model": "Customer.diettracker", "pk": 17, "fields": {"customer": 22, "meal": 7, "date": "2022-03-25", "food": "milk", "time": "7.30 am"}}, {"model": "Customer.diettracker", "pk": 18, "fields": {"customer": 22, "meal": 6, "date": "2022-03-25", "food": "idli", "time": "8.30"}}, {"model": "Customer.diettracker", "pk": 19, "fields": {"customer": 22, "meal": 7, "date": "2022-04-02", "food": "tea", "time": "6.00"}}, {"model": "Customer.diettracker", "pk": 20, "fields": {"customer": 22, "meal": 6, "date": "2022-04-07", "food": "idly", "time": "8.00"}}, {"model": "Customer.diettracker", "pk": 21, "fields": {"customer": 22, "meal": 7, "date": "2022-04-07", "food": "tea", "time": "6.00"}}, {"model": "Customer.diettracker", "pk": 22, "fields": {"customer": 22, "meal": 5, "date": "2022-04-07", "food": "juice", "time": "11.00"}}, {"model": "Customer.diettracker", "pk": 23, "fields": {"customer": 22, "meal": 4, "date": "2022-04-07", "food": "rice", "time": "1.00"}}, {"model": "Customer.diettracker", "pk": 24, "fields": {"customer": 22, "meal": 3, "date": "2022-04-07", "food": "vada", "time": "5.00"}}, {"model": "Customer.diettracker", "pk": 25, "fields": {"customer": 22, "meal": 2, "date": "2022-04-07", "food": "dosa", "time": "8.00"}}, {"model": "Customer.diettracker", "pk": 26, "fields": {"customer": 22, "meal": 1, "date": "2022-04-07", "food": "milk", "time": "10.00"}}, {"model": "Customer.diettracker", "pk": 27, "fields": {"customer": 22, "meal": 7, "date": "2022-04-16", "food": "idly", "time": "16;05"}}, {"model": "Customer.diettracker", "pk": 28, "fields": {"customer": 22, "meal": 7, "date": "2022-04-21", "food": "milk", "time": "10.30 PM"}}, {"model": "Customer.diettracker", "pk": 29, "fields": {"customer": 22, "meal": 7, "date": "2022-04-23", "food": "tea", "time": "7.30 AM"}}, {"model": "Customer.diettracker", "pk": 30, "fields": {"customer": 22, "meal": 6, "date": "2022-04-23", "food": "dosa", "time": "9.30 AM"}}, {"model": "Customer.diettracker", "pk": 31, "fields": {"customer": 22, "meal": 5, "date": "2022-04-23", "food": "Watermelon", "time": "11:30 AM"}}, {"model": "Customer.diettracker", "pk": 32, "fields": {"customer": 22, "meal": 4, "date": "2022-04-23", "food": "rice,chicken,spinach", "time": "1.30 PM"}}, {"model": "Customer.diettracker", "pk": 33, "fields": {"customer": 22, "meal": 3, "date": "2022-04-23", "food": "chips", "time": "4.00 PM"}}, {"model": "Customer.diettracker", "pk": 34, "fields": {"customer": 22, "meal": 2, "date": "2022-04-23", "food": "Chapatis", "time": "8.00 PM"}}, {"model": "Customer.diettracker", "pk": 35, "fields": {"customer": 22, "meal": 1, "date": "2022-04-23", "food": "milk", "time": "10.30 PM"}}, {"model": "Customer.diettracker", "pk": 36, "fields": {"customer": 22, "meal": 7, "date": "2022-04-25", "food": "idli", "time": "2"}}, {"model": "Customer.diettracker", "pk": 37, "fields": {"customer": 22, "meal": 7, "date": "2022-04-28", "food": "tea", "time": "7.30 AM"}}, {"model": "Customer.diettracker", "pk": 38, "fields": {"customer": 22, "meal": 6, "date": "2022-04-28", "food": "dosa", "time": "9.30 AM"}}, {"model": "Customer.diettracker", "pk": 39, "fields": {"customer": 22, "meal": 5, "date": "2022-04-28", "food": "Watermelon", "time": "11:30 AM"}}, {"model": "Customer.diettracker", "pk": 40, "fields": {"customer": 22, "meal": 4, "date": "2022-04-28", "food": "rice,chicken,spinach", "time": "1.30 PM"}}, {"model": "Customer.diettracker", "pk": 41, "fields": {"customer": 22, "meal": 3, "date": "2022-04-28", "food": "chips", "time": "4.00 PM"}}, {"model": "Customer.diettracker", "pk": 42, "fields": {"customer": 22, "meal": 2, "date": "2022-04-28", "food": "Chapattis", "time": "8.00 PM"}}, {"model": "Customer.diettracker", "pk": 43, "fields": {"customer": 22, "meal": 1, "date": "2022-04-28", "food": "milk", "time": "10.30 PM"}}, {"model": "Customer.diettracker", "pk": 45, "fields": {"customer": 22, "meal": 7, "date": "2022-05-01", "food": "friuts", "time": "9:30"}}, {"model": "Customer.diettracker", "pk": 46, "fields": {"customer": 22, "meal": 7, "date": "2022-04-29", "food": "tea", "time": "7.30 AM"}}, {"model": "Customer.diettracker", "pk": 47, "fields": {"customer": 22, "meal": 6, "date": "2022-04-29", "food": "dosa", "time": "9.30 AM"}}, {"model": "Customer.diettracker", "pk": 48, "fields": {"customer": 22, "meal": 5, "date": "2022-04-29", "food": "Watermelon", "time": "11:30 AM"}}, {"model": "Customer.diettracker", "pk": 49, "fields": {"customer": 22, "meal": 4, "date": "2022-04-29", "food": "rice,chicken,spinach", "time": "1.30 PM"}}, {"model": "Customer.diettracker", "pk": 50, "fields": {"customer": 22, "meal": 3, "date": "2022-04-29", "food": "chips", "time": "4.00 PM"}}, {"model": "Customer.diettracker", "pk": 51, "fields": {"customer": 22, "meal": 2, "date": "2022-04-29", "food": "chappathi", "time": "8.00 PM"}}, {"model": "Customer.diettracker", "pk": 52, "fields": {"customer": 22, "meal": 1, "date": "2022-04-29", "food": "milk", "time": "10.30 PM"}}, {"model": "Customer.diettracker", "pk": 53, "fields": {"customer": 22, "meal": 7, "date": "2022-04-30", "food": "drinks", "time": "7.30"}}, {"model": "Customer.diettracker", "pk": 55, "fields": {"customer": 22, "meal": 7, "date": "2022-05-02", "food": "tea", "time": "9:30"}}, {"model": "Customer.diettracker", "pk": 56, "fields": {"customer": 22, "meal": 7, "date": "2022-05-06", "food": "Tea dfg", "time": "7.00"}}, {"model": "Customer.diettracker", "pk": 57, "fields": {"customer": 22, "meal": 6, "date": "2022-05-06", "food": "idly,sambar", "time": "10.00"}}, {"model": "Customer.diettracker", "pk": 58, "fields": {"customer": 22, "meal": 4, "date": "2022-05-06", "food": "djfj", "time": "8"}}, {"model": "Customer.diettracker", "pk": 59, "fields": {"customer": 22, "meal": 5, "date": "2022-05-06", "food": "sjfjf", "time": "8"}}, {"model": "Customer.diettracker", "pk": 60, "fields": {"customer": 22, "meal": 3, "date": "2022-05-06", "food": "shdhfj", "time": "88"}}, {"model": "Customer.diettracker", "pk": 61, "fields": {"customer": 22, "meal": 1, "date": "2022-05-06", "food": "dhchcj", "time": "8"}}, {"model": "Customer.diettracker", "pk": 62, "fields": {"customer": 22, "meal": 7, "date": "2022-05-10", "food": "dsfds", "time": "10.30 PM"}}, {"model": "Customer.diettracker", "pk": 63, "fields": {"customer": 22, "meal": 7, "date": "2022-05-16", "food": "Tea", "time": "7.00"}}, {"model": "Customer.diettracker", "pk": 64, "fields": {"customer": 22, "meal": 6, "date": "2022-05-16", "food": "idly", "time": "9.00"}}, {"model": "Customer.diettracker", "pk": 65, "fields": {"customer": 22, "meal": 5, "date": "2022-05-16", "food": "juice", "time": "11.00"}}, {"model": "Customer.diettracker", "pk": 66, "fields": {"customer": 22, "meal": 4, "date": "2022-05-16", "food": "rice", "time": "1.00"}}, {"model": "Customer.diettracker", "pk": 67, "fields": {"customer": 22, "meal": 3, "date": "2022-05-16", "food": "Tea", "time": "6.00"}}, {"model": "Customer.diettracker", "pk": 68, "fields": {"customer": 22, "meal": 2, "date": "2022-05-16", "food": "dosa", "time": "8.00"}}, {"model": "Customer.diettracker", "pk": 69, "fields": {"customer": 22, "meal": 1, "date": "2022-05-16", "food": "milk", "time": "10.00"}}, {"model": "Customer.diettracker", "pk": 71, "fields": {"customer": 22, "meal": 7, "date": "2022-05-19", "food": "tea", "time": "6.30"}}, {"model": "Customer.diettracker", "pk": 72, "fields": {"customer": 22, "meal": 6, "date": "2022-05-19", "food": "idly", "time": "9.00"}}, {"model": "Customer.diettracker", "pk": 73, "fields": {"customer": 22, "meal": 5, "date": "2022-05-19", "food": "juice", "time": "11.00"}}, {"model": "Customer.diettracker", "pk": 74, "fields": {"customer": 22, "meal": 4, "date": "2022-05-19", "food": "rice", "time": "1.00"}}, {"model": "Customer.diettracker", "pk": 75, "fields": {"customer": 22, "meal": 3, "date": "2022-05-19", "food": "Coffee", "time": "5.00"}}, {"model": "Customer.diettracker", "pk": 76, "fields": {"customer": 22, "meal": 2, "date": "2022-05-19", "food": "dosa", "time": "8.00"}}, {"model": "Customer.diettracker", "pk": 77, "fields": {"customer": 22, "meal": 1, "date": "2022-05-19", "food": "milk", "time": "9.00"}}, {"model": "Customer.diettracker", "pk": 78, "fields": {"customer": 22, "meal": 7, "date": "2022-05-23", "food": "Milk", "time": "6.00 Am"}}, {"model": "Customer.diettracker", "pk": 79, "fields": {"customer": 22, "meal": 6, "date": "2022-05-23", "food": "Idly", "time": "8.00 Am"}}, {"model": "Customer.diettracker", "pk": 80, "fields": {"customer": 22, "meal": 5, "date": "2022-05-23", "food": "Juice", "time": "11.00 Am"}}, {"model": "Customer.diettracker", "pk": 81, "fields": {"customer": 22, "meal": 7, "date": "2022-05-25", "food": "tea", "time": "6.00"}}, {"model": "Customer.diettracker", "pk": 82, "fields": {"customer": 22, "meal": 6, "date": "2022-05-25", "food": "idly", "time": "9.00"}}, {"model": "Customer.diettracker", "pk": 83, "fields": {"customer": 22, "meal": 5, "date": "2022-05-25", "food": "apple", "time": "11.00"}}, {"model": "Customer.diettracker", "pk": 84, "fields": {"customer": 22, "meal": 4, "date": "2022-05-25", "food": "rice", "time": "1.00"}}, {"model": "Customer.diettracker", "pk": 85, "fields": {"customer": 22, "meal": 3, "date": "2022-05-25", "food": "tea", "time": "5.00"}}, {"model": "Customer.diettracker", "pk": 86, "fields": {"customer": 22, "meal": 2, "date": "2022-05-25", "food": "dosa", "time": "8.00"}}, {"model": "Customer.diettracker", "pk": 87, "fields": {"customer": 22, "meal": 1, "date": "2022-05-25", "food": "milk", "time": "10.00"}}, {"model": "Customer.diettracker", "pk": 88, "fields": {"customer": 22, "meal": 7, "date": "2022-05-28", "food": "Milk", "time": "6.00 AM"}}, {"model": "Customer.diettracker", "pk": 89, "fields": {"customer": 22, "meal": 6, "date": "2022-05-28", "food": "Idly,Sambar", "time": "8 AM"}}, {"model": "Customer.diettracker", "pk": 90, "fields": {"customer": 22, "meal": 5, "date": "2022-05-28", "food": "Orange Juice", "time": "10.15 AM"}}, {"model": "Customer.diettracker", "pk": 91, "fields": {"customer": 22, "meal": 4, "date": "2022-05-28", "food": "Rice,Curd,Cucumber", "time": "1 PM"}}, {"model": "Customer.diettracker", "pk": 92, "fields": {"customer": 22, "meal": 7, "date": "2022-05-30", "food": "efgsdg", "time": "dddd"}}, {"model": "Customer.diettracker", "pk": 93, "fields": {"customer": 22, "meal": 7, "date": "2022-06-03", "food": "tea", "time": "9.00am"}}, {"model": "Customer.diettracker", "pk": 94, "fields": {"customer": 22, "meal": 7, "date": "2022-06-02", "food": "idly", "time": "16;05"}}, {"model": "Customer.diettracker", "pk": 95, "fields": {"customer": 22, "meal": 7, "date": "2022-06-06", "food": "dsfds", "time": "sdfsd"}}, {"model": "Customer.diettracker", "pk": 96, "fields": {"customer": 22, "meal": 6, "date": "2022-06-06", "food": "", "time": ""}}, {"model": "Customer.diettracker", "pk": 97, "fields": {"customer": 22, "meal": 5, "date": "2022-06-06", "food": "", "time": ""}}, {"model": "Customer.diettracker", "pk": 98, "fields": {"customer": 22, "meal": 6, "date": "2022-06-07", "food": "dosa", "time": "11:30 AM"}}, {"model": "Customer.diettracker", "pk": 99, "fields": {"customer": 22, "meal": 7, "date": "2022-06-07", "food": "milk", "time": "10.30 PM"}}, {"model": "Customer.diettracker", "pk": 100, "fields": {"customer": 22, "meal": 5, "date": "2022-06-07", "food": "heff", "time": "10.30"}}, {"model": "Customer.diettracker", "pk": 101, "fields": {"customer": 22, "meal": 7, "date": "2022-06-08", "food": "fruits", "time": "11:30 AM"}}, {"model": "Customer.diettracker", "pk": 102, "fields": {"customer": 22, "meal": 6, "date": "2022-06-08", "food": "chips", "time": "4.00 PM"}}, {"model": "Customer.diettracker", "pk": 103, "fields": {"customer": 22, "meal": 5, "date": "2022-06-08", "food": "chappathi", "time": "4.00 PM"}}, {"model": "Customer.diettracker", "pk": 104, "fields": {"customer": 22, "meal": 4, "date": "2022-06-08", "food": "dosa", "time": "11:30 AM"}}, {"model": "Customer.diettracker", "pk": 105, "fields": {"customer": 22, "meal": 3, "date": "2022-06-08", "food": "dosa", "time": "9.30 AM"}}, {"model": "Customer.diettracker", "pk": 106, "fields": {"customer": 22, "meal": 1, "date": "2022-06-08", "food": "milk", "time": "10.30"}}, {"model": "Customer.diettracker", "pk": 107, "fields": {"customer": 22, "meal": 2, "date": "2022-06-08", "food": "asdaa", "time": "9.30"}}, {"model": "Customer.diettracker", "pk": 108, "fields": {"customer": 22, "meal": 7, "date": "2022-06-10", "food": "tea", "time": "6.00"}}, {"model": "Customer.diettracker", "pk": 109, "fields": {"customer": 22, "meal": 6, "date": "2022-06-10", "food": "dosa", "time": "10.00"}}, {"model": "Customer.diettracker", "pk": 110, "fields": {"customer": 22, "meal": 5, "date": "2022-06-10", "food": "juice", "time": "11.00"}}, {"model": "Customer.diettracker", "pk": 111, "fields": {"customer": 22, "meal": 4, "date": "2022-06-10", "food": "rice", "time": "1.00"}}, {"model": "Customer.diettracker", "pk": 112, "fields": {"customer": 22, "meal": 3, "date": "2022-06-10", "food": "coffee", "time": "5.00"}}, {"model": "Customer.diettracker", "pk": 113, "fields": {"customer": 22, "meal": 2, "date": "2022-06-10", "food": "idly", "time": "8.00"}}, {"model": "Customer.diettracker", "pk": 114, "fields": {"customer": 22, "meal": 1, "date": "2022-06-10", "food": "milk", "time": "9.00"}}, {"model": "Customer.diettracker", "pk": 115, "fields": {"customer": 22, "meal": 7, "date": "2022-06-11", "food": "milk", "time": "6.00"}}, {"model": "Customer.diettracker", "pk": 116, "fields": {"customer": 22, "meal": 6, "date": "2022-06-11", "food": "dosa", "time": "8.00"}}, {"model": "Customer.diettracker", "pk": 117, "fields": {"customer": 22, "meal": 5, "date": "2022-06-11", "food": "juice", "time": "11.00"}}, {"model": "Customer.diettracker", "pk": 118, "fields": {"customer": 22, "meal": 4, "date": "2022-06-11", "food": "rice", "time": "1.00"}}, {"model": "Customer.diettracker", "pk": 119, "fields": {"customer": 22, "meal": 3, "date": "2022-06-11", "food": "tea", "time": "6.00"}}, {"model": "Customer.diettracker", "pk": 120, "fields": {"customer": 22, "meal": 2, "date": "2022-06-11", "food": "idly", "time": "8.00"}}, {"model": "Customer.diettracker", "pk": 121, "fields": {"customer": 22, "meal": 1, "date": "2022-06-11", "food": "milk", "time": "9.00"}}, {"model": "Customer.diettracker", "pk": 122, "fields": {"customer": 22, "meal": 7, "date": "2022-06-13", "food": "diethbb", "time": "3"}}, {"model": "Customer.diettracker", "pk": 123, "fields": {"customer": 22, "meal": 7, "date": "2022-06-14", "food": "tea", "time": "7.30 AM"}}, {"model": "Customer.diettracker", "pk": 124, "fields": {"customer": 22, "meal": 6, "date": "2022-06-14", "food": "dosa", "time": "9.30 AM"}}, {"model": "Customer.diettracker", "pk": 125, "fields": {"customer": 22, "meal": 5, "date": "2022-06-14", "food": "Watermelon", "time": "11:30 AM"}}, {"model": "Customer.diettracker", "pk": 126, "fields": {"customer": 22, "meal": 4, "date": "2022-06-14", "food": "rice,chicken,spinach", "time": "1.30 PM"}}, {"model": "Customer.diettracker", "pk": 127, "fields": {"customer": 22, "meal": 3, "date": "2022-06-14", "food": "chips", "time": "4.00 PM"}}, {"model": "Customer.diettracker", "pk": 128, "fields": {"customer": 22, "meal": 2, "date": "2022-06-14", "food": "Chapatti", "time": "8.00 PM"}}, {"model": "Customer.diettracker", "pk": 129, "fields": {"customer": 22, "meal": 1, "date": "2022-06-14", "food": "milk", "time": "10.30 PM"}}, {"model": "Customer.diettracker", "pk": 142, "fields": {"customer": 22, "meal": 7, "date": "2022-06-22", "food": "coffee", "time": "6.00"}}, {"model": "Customer.diettracker", "pk": 143, "fields": {"customer": 22, "meal": 6, "date": "2022-06-22", "food": "idly", "time": "9.00"}}, {"model": "Customer.diettracker", "pk": 144, "fields": {"customer": 22, "meal": 5, "date": "2022-06-22", "food": "juice", "time": "11.00"}}, {"model": "Customer.diettracker", "pk": 145, "fields": {"customer": 22, "meal": 4, "date": "2022-06-22", "food": "rice", "time": "1.00"}}, {"model": "Customer.diettracker", "pk": 146, "fields": {"customer": 22, "meal": 3, "date": "2022-06-22", "food": "coffee", "time": "5.00"}}, {"model": "Customer.diettracker", "pk": 147, "fields": {"customer": 22, "meal": 2, "date": "2022-06-22", "food": "Dosa", "time": "8.00"}}, {"model": "Customer.diettracker", "pk": 148, "fields": {"customer": 22, "meal": 1, "date": "2022-06-22", "food": "milk", "time": "9.30"}}, {"model": "Customer.diettracker", "pk": 149, "fields": {"customer": 22, "meal": 7, "date": "2022-06-24", "food": "milk", "time": "10.30 PM"}}, {"model": "Customer.diettracker", "pk": 150, "fields": {"customer": 22, "meal": 6, "date": "2022-06-24", "food": "sdfgsd", "time": "9.30 AM"}}, {"model": "Customer.diettracker", "pk": 152, "fields": {"customer": 22, "meal": 7, "date": "2022-06-25", "food": "tea", "time": "9:30 am"}}, {"model": "Customer.diettracker", "pk": 156, "fields": {"customer": 22, "meal": 4, "date": "2022-07-05", "food": "dfgg", "time": "88"}}, {"model": "Customer.diettracker", "pk": 164, "fields": {"customer": 22, "meal": 7, "date": "2022-07-07", "food": "Tea", "time": "7 Am"}}, {"model": "Customer.diettracker", "pk": 165, "fields": {"customer": 22, "meal": 6, "date": "2022-07-07", "food": "Idly.Chutney", "time": "9 Am"}}, {"model": "Customer.diettracker", "pk": 298, "fields": {"customer": 22, "meal": 7, "date": "2022-07-12", "food": "", "time": "8.30am"}}, {"model": "Customer.diettracker", "pk": 299, "fields": {"customer": 22, "meal": 6, "date": "2022-07-12", "food": "", "time": "10"}}, {"model": "Customer.diettracker", "pk": 403, "fields": {"customer": 22, "meal": 7, "date": "2022-07-16", "food": "idly", "time": "7 am"}}, {"model": "Customer.diettracker", "pk": 485, "fields": {"customer": 22, "meal": 7, "date": "2022-07-21", "food": "tea and", "time": "6.00"}}, {"model": "Customer.diettracker", "pk": 486, "fields": {"customer": 22, "meal": 6, "date": "2022-07-21", "food": "idly", "time": "9.00"}}, {"model": "Customer.diettracker", "pk": 487, "fields": {"customer": 22, "meal": 5, "date": "2022-07-21", "food": "juice", "time": "11.00"}}, {"model": "Customer.diettracker", "pk": 488, "fields": {"customer": 22, "meal": 4, "date": "2022-07-21", "food": "rice", "time": "1.00"}}, {"model": "Customer.diettracker", "pk": 489, "fields": {"customer": 22, "meal": 3, "date": "2022-07-21", "food": "coffee", "time": "5.00"}}, {"model": "Customer.diettracker", "pk": 490, "fields": {"customer": 22, "meal": 2, "date": "2022-07-21", "food": "dosa", "time": "8.00"}}, {"model": "Customer.diettracker", "pk": 491, "fields": {"customer": 22, "meal": 1, "date": "2022-07-21", "food": "milk", "time": "9.00"}}, {"model": "Customer.diettracker", "pk": 516, "fields": {"customer": 22, "meal": 7, "date": "2022-07-22", "food": "tea", "time": "7.30 AM"}}, {"model": "Customer.diettracker", "pk": 517, "fields": {"customer": 22, "meal": 6, "date": "2022-07-22", "food": "chappatis", "time": "9.30 AM"}}, {"model": "Customer.diettracker", "pk": 518, "fields": {"customer": 22, "meal": 5, "date": "2022-07-22", "food": "apple", "time": "11:30 AM"}}, {"model": "Customer.diettracker", "pk": 519, "fields": {"customer": 22, "meal": 4, "date": "2022-07-22", "food": "Rice,veg curry", "time": "1.30 PM"}}, {"model": "Customer.diettracker", "pk": 520, "fields": {"customer": 22, "meal": 3, "date": "2022-07-22", "food": "chips", "time": "4.00 PM"}}, {"model": "Customer.diettracker", "pk": 521, "fields": {"customer": 22, "meal": 2, "date": "2022-07-22", "food": "rice,chicken", "time": "8.00 PM"}}, {"model": "Customer.diettracker", "pk": 550, "fields": {"customer": 22, "meal": 7, "date": "2022-07-25", "food": "tea", "time": "7.30 AM"}}, {"model": "Customer.diettracker", "pk": 551, "fields": {"customer": 22, "meal": 6, "date": "2022-07-25", "food": "dosa", "time": "9.30 AM"}}, {"model": "Customer.diettracker", "pk": 552, "fields": {"customer": 22, "meal": 5, "date": "2022-07-25", "food": "fruits", "time": "11:30 AM"}}, {"model": "Customer.diettracker", "pk": 553, "fields": {"customer": 22, "meal": 4, "date": "2022-07-25", "food": "rice,chicken,spinach", "time": "1.30 PM"}}, {"model": "Customer.diettracker", "pk": 554, "fields": {"customer": 22, "meal": 3, "date": "2022-07-25", "food": "chips", "time": "4.00 PM"}}, {"model": "Customer.diettracker", "pk": 555, "fields": {"customer": 22, "meal": 2, "date": "2022-07-25", "food": "chappatis", "time": "8.00 PM"}}, {"model": "Customer.diettracker", "pk": 556, "fields": {"customer": 22, "meal": 1, "date": "2022-07-25", "food": "milk", "time": "10.30 PM"}}, {"model": "Customer.diettracker", "pk": 572, "fields": {"customer": 22, "meal": 7, "date": "2022-07-26", "food": "tea", "time": "9:30 am"}}, {"model": "Customer.diettracker", "pk": 573, "fields": {"customer": 22, "meal": 6, "date": "2022-07-26", "food": "milk", "time": "8.00 PM"}}, {"model": "Customer.diettracker", "pk": 665, "fields": {"customer": 22, "meal": 7, "date": "2022-08-08", "food": "tea", "time": "7.30 AM"}}, {"model": "Customer.diettracker", "pk": 666, "fields": {"customer": 22, "meal": 6, "date": "2022-08-08", "food": "dosa", "time": "9.30 AM"}}, {"model": "Customer.diettracker", "pk": 667, "fields": {"customer": 22, "meal": 5, "date": "2022-08-08", "food": "fruits", "time": "11:30 AM"}}, {"model": "Customer.diettracker", "pk": 668, "fields": {"customer": 22, "meal": 4, "date": "2022-08-08", "food": "rice,chicken,spinach", "time": "1.30 PM"}}, {"model": "Customer.diettracker", "pk": 669, "fields": {"customer": 22, "meal": 3, "date": "2022-08-08", "food": "chips", "time": "4.00 PM"}}, {"model": "Customer.diettracker", "pk": 670, "fields": {"customer": 22, "meal": 2, "date": "2022-08-08", "food": "Chapattis", "time": "8.00 PM"}}, {"model": "Customer.diettracker", "pk": 671, "fields": {"customer": 22, "meal": 1, "date": "2022-08-08", "food": "milk", "time": "10.30 PM"}}, {"model": "Customer.diettracker", "pk": 672, "fields": {"customer": 22, "meal": 7, "date": "2022-08-09", "food": "tea", "time": "7.30 AM"}}, {"model": "Customer.diettracker", "pk": 673, "fields": {"customer": 22, "meal": 6, "date": "2022-08-09", "food": "dosa", "time": "9.30 AM"}}, {"model": "Customer.diettracker", "pk": 674, "fields": {"customer": 22, "meal": 5, "date": "2022-08-09", "food": "fruits", "time": "11:30 AM"}}, {"model": "Customer.diettracker", "pk": 675, "fields": {"customer": 22, "meal": 4, "date": "2022-08-09", "food": "Rice,veg curry", "time": "1.30 PM"}}, {"model": "Customer.diettracker", "pk": 676, "fields": {"customer": 22, "meal": 3, "date": "2022-08-09", "food": "chips", "time": "4.00 PM"}}, {"model": "Customer.diettracker", "pk": 677, "fields": {"customer": 22, "meal": 2, "date": "2022-08-09", "food": "Chapatis", "time": "8.00 PM"}}, {"model": "Customer.diettracker", "pk": 678, "fields": {"customer": 22, "meal": 1, "date": "2022-08-09", "food": "milk", "time": "10.30 PM"}}, {"model": "Customer.diettracker", "pk": 706, "fields": {"customer": 22, "meal": 7, "date": "2022-08-10", "food": "tea", "time": "7.30 AM"}}, {"model": "Customer.diettracker", "pk": 707, "fields": {"customer": 22, "meal": 6, "date": "2022-08-10", "food": "dosa", "time": "9.30 AM"}}, {"model": "Customer.diettracker", "pk": 708, "fields": {"customer": 22, "meal": 5, "date": "2022-08-10", "food": "fruits", "time": "11:30 AM"}}, {"model": "Customer.diettracker", "pk": 709, "fields": {"customer": 22, "meal": 4, "date": "2022-08-10", "food": "rice,chicken,spinach", "time": "1.30 PM"}}, {"model": "Customer.diettracker", "pk": 710, "fields": {"customer": 22, "meal": 3, "date": "2022-08-10", "food": "chips", "time": "4.00 PM"}}, {"model": "Customer.diettracker", "pk": 711, "fields": {"customer": 22, "meal": 2, "date": "2022-08-10", "food": "chappatis", "time": "8.00 PM"}}, {"model": "Customer.diettracker", "pk": 712, "fields": {"customer": 22, "meal": 1, "date": "2022-08-10", "food": "milk", "time": "10.30 PM"}}, {"model": "Customer.diettracker", "pk": 718, "fields": {"customer": 22, "meal": 7, "date": "2022-08-11", "food": "tea", "time": "7.30 AM"}}, {"model": "Customer.diettracker", "pk": 719, "fields": {"customer": 22, "meal": 6, "date": "2022-08-11", "food": "dosa", "time": "9.30 AM"}}, {"model": "Customer.diettracker", "pk": 720, "fields": {"customer": 22, "meal": 5, "date": "2022-08-11", "food": "Watermelon", "time": "11:30 AM"}}, {"model": "Customer.diettracker", "pk": 721, "fields": {"customer": 22, "meal": 4, "date": "2022-08-11", "food": "rice,chicken", "time": "1.30 PM"}}, {"model": "Customer.diettracker", "pk": 722, "fields": {"customer": 22, "meal": 3, "date": "2022-08-11", "food": "chips", "time": "4.00 PM"}}, {"model": "Customer.diettracker", "pk": 723, "fields": {"customer": 22, "meal": 2, "date": "2022-08-11", "food": "Rice,veg curry", "time": "8.00 PM"}}, {"model": "Customer.diettracker", "pk": 724, "fields": {"customer": 22, "meal": 1, "date": "2022-08-11", "food": "milk", "time": "10.30 PM"}}, {"model": "Customer.diettracker", "pk": 735, "fields": {"customer": 22, "meal": 7, "date": "2022-08-13", "food": "tea", "time": "7:30 am"}}, {"model": "Customer.diettracker", "pk": 736, "fields": {"customer": 22, "meal": 6, "date": "2022-08-13", "food": "fruits", "time": "9:30 am"}}, {"model": "Customer.diettracker", "pk": 737, "fields": {"customer": 22, "meal": 5, "date": "2022-08-13", "food": "fruits", "time": "11:00 am"}}, {"model": "Customer.diettracker", "pk": 738, "fields": {"customer": 22, "meal": 4, "date": "2022-08-13", "food": "rice", "time": "1:00 pm"}}, {"model": "Customer.diettracker", "pk": 739, "fields": {"customer": 22, "meal": 3, "date": "2022-08-13", "food": "tea", "time": "4:pm"}}, {"model": "Customer.diettracker", "pk": 740, "fields": {"customer": 22, "meal": 2, "date": "2022-08-13", "food": "rice", "time": "8:00 pm"}}, {"model": "Customer.diettracker", "pk": 741, "fields": {"customer": 22, "meal": 1, "date": "2022-08-13", "food": "water", "time": "9:30 pm"}}, {"model": "Customer.diettracker", "pk": 754, "fields": {"customer": 22, "meal": 7, "date": "2022-08-16", "food": "Tea", "time": "7.00"}}, {"model": "Customer.diettracker", "pk": 755, "fields": {"customer": 22, "meal": 6, "date": "2022-08-16", "food": "Idly", "time": "9.00"}}, {"model": "Customer.diettracker", "pk": 756, "fields": {"customer": 22, "meal": 5, "date": "2022-08-16", "food": "Juice", "time": "11.00"}}, {"model": "Customer.diettracker", "pk": 757, "fields": {"customer": 22, "meal": 4, "date": "2022-08-16", "food": "Rice,Curd", "time": "1.00"}}, {"model": "Customer.diettracker", "pk": 758, "fields": {"customer": 22, "meal": 3, "date": "2022-08-16", "food": "Adai", "time": "4.00"}}, {"model": "Customer.diettracker", "pk": 759, "fields": {"customer": 22, "meal": 2, "date": "2022-08-16", "food": "Chapati", "time": "7.00"}}, {"model": "Customer.diettracker", "pk": 760, "fields": {"customer": 22, "meal": 1, "date": "2022-08-16", "food": "Milk", "time": "9.00"}}, {"model": "Customer.diettracker", "pk": 761, "fields": {"customer": 22, "meal": 7, "date": "2022-08-17", "food": "tea", "time": "7.30 AM"}}, {"model": "Customer.diettracker", "pk": 762, "fields": {"customer": 22, "meal": 6, "date": "2022-08-17", "food": "Dosa", "time": "9.30 AM"}}, {"model": "Customer.diettracker", "pk": 763, "fields": {"customer": 22, "meal": 5, "date": "2022-08-17", "food": "fruits", "time": "11:00 am"}}, {"model": "Customer.diettracker", "pk": 764, "fields": {"customer": 22, "meal": 4, "date": "2022-08-17", "food": "rice,fish", "time": "1.30 PM"}}, {"model": "Customer.diettracker", "pk": 765, "fields": {"customer": 22, "meal": 3, "date": "2022-08-17", "food": "chips", "time": "4.00 PM"}}, {"model": "Customer.diettracker", "pk": 766, "fields": {"customer": 22, "meal": 2, "date": "2022-08-17", "food": "chappatis", "time": "8.00 PM"}}, {"model": "Customer.diettracker", "pk": 767, "fields": {"customer": 22, "meal": 1, "date": "2022-08-17", "food": "milk", "time": "10.30 PM"}}, {"model": "Customer.diettracker", "pk": 770, "fields": {"customer": 22, "meal": 7, "date": "2022-08-18", "food": "tea", "time": "6.00"}}, {"model": "Customer.diettracker", "pk": 771, "fields": {"customer": 22, "meal": 6, "date": "2022-08-18", "food": "idly", "time": "8.00"}}, {"model": "Customer.diettracker", "pk": 772, "fields": {"customer": 22, "meal": 5, "date": "2022-08-18", "food": "soup", "time": "11.00"}}, {"model": "Customer.diettracker", "pk": 773, "fields": {"customer": 22, "meal": 4, "date": "2022-08-18", "food": "rice,curry", "time": "1.00"}}, {"model": "Customer.diettracker", "pk": 774, "fields": {"customer": 22, "meal": 3, "date": "2022-08-18", "food": "coffee", "time": "5.00"}}, {"model": "Customer.diettracker", "pk": 775, "fields": {"customer": 22, "meal": 2, "date": "2022-08-18", "food": "dosa", "time": "8.00"}}, {"model": "Customer.diettracker", "pk": 776, "fields": {"customer": 22, "meal": 1, "date": "2022-08-18", "food": "milk", "time": "9.00"}}, {"model": "Customer.diettracker", "pk": 786, "fields": {"customer": 22, "meal": 7, "date": "2022-08-19", "food": "tea", "time": "7.30 AM"}}, {"model": "Customer.diettracker", "pk": 787, "fields": {"customer": 22, "meal": 6, "date": "2022-08-19", "food": "dosa", "time": "9.30 AM"}}, {"model": "Customer.diettracker", "pk": 788, "fields": {"customer": 22, "meal": 5, "date": "2022-08-19", "food": "fruits", "time": "11:30 AM"}}, {"model": "Customer.diettracker", "pk": 789, "fields": {"customer": 22, "meal": 4, "date": "2022-08-19", "food": "rice,chicken,spinach", "time": "1.30 PM"}}, {"model": "Customer.diettracker", "pk": 790, "fields": {"customer": 22, "meal": 3, "date": "2022-08-19", "food": "chips", "time": "4.00 PM"}}, {"model": "Customer.diettracker", "pk": 791, "fields": {"customer": 22, "meal": 2, "date": "2022-08-19", "food": "chappatis", "time": "8.00 PM"}}, {"model": "Customer.diettracker", "pk": 792, "fields": {"customer": 22, "meal": 1, "date": "2022-08-19", "food": "milk", "time": "10.30 PM"}}, {"model": "Customer.diettracker", "pk": 798, "fields": {"customer": 22, "meal": 7, "date": "2022-08-20", "food": "milk", "time": "10.30 PM"}}, {"model": "Customer.diettracker", "pk": 799, "fields": {"customer": 22, "meal": 6, "date": "2022-08-20", "food": "dosa", "time": "4.00 PM"}}, {"model": "Customer.diettracker", "pk": 823, "fields": {"customer": 22, "meal": 7, "date": "2022-08-22", "food": "tea", "time": "7.30 AM"}}, {"model": "Customer.diettracker", "pk": 824, "fields": {"customer": 22, "meal": 6, "date": "2022-08-22", "food": "dosa", "time": "9.30 AM"}}, {"model": "Customer.diettracker", "pk": 825, "fields": {"customer": 22, "meal": 5, "date": "2022-08-22", "food": "Watermelon", "time": "11:30 AM"}}, {"model": "Customer.diettracker", "pk": 826, "fields": {"customer": 22, "meal": 4, "date": "2022-08-22", "food": "rice,chicken,spinach", "time": "1.30 PM"}}, {"model": "Customer.diettracker", "pk": 827, "fields": {"customer": 22, "meal": 3, "date": "2022-08-22", "food": "chips", "time": "4.00 PM"}}, {"model": "Customer.diettracker", "pk": 828, "fields": {"customer": 22, "meal": 2, "date": "2022-08-22", "food": "Chapatis", "time": "8.00 PM"}}, {"model": "Customer.diettracker", "pk": 829, "fields": {"customer": 22, "meal": 1, "date": "2022-08-22", "food": "milk", "time": "10.30 PM"}}, {"model": "Customer.diettracker", "pk": 867, "fields": {"customer": 22, "meal": 7, "date": "2022-08-26", "food": "tea", "time": "7.30 AM"}}, {"model": "Customer.diettracker", "pk": 868, "fields": {"customer": 22, "meal": 6, "date": "2022-08-26", "food": "Idli", "time": "9.30 AM"}}, {"model": "Customer.diettracker", "pk": 869, "fields": {"customer": 22, "meal": 5, "date": "2022-08-26", "food": "Watermelon", "time": "11:30 AM"}}, {"model": "Customer.diettracker", "pk": 870, "fields": {"customer": 22, "meal": 4, "date": "2022-08-26", "food": "rice,chicken,spinach", "time": "1.30 PM"}}, {"model": "Customer.diettracker", "pk": 871, "fields": {"customer": 22, "meal": 3, "date": "2022-08-26", "food": "chips", "time": "4.00 PM"}}, {"model": "Customer.diettracker", "pk": 872, "fields": {"customer": 22, "meal": 2, "date": "2022-08-26", "food": "Chapatis", "time": "8.00 PM"}}, {"model": "Customer.diettracker", "pk": 873, "fields": {"customer": 22, "meal": 1, "date": "2022-08-26", "food": "milk", "time": "10.30 PM"}}, {"model": "Customer.diettracker", "pk": 884, "fields": {"customer": 22, "meal": 7, "date": "2022-08-30", "food": "milk", "time": "10.30 PM"}}, {"model": "Customer.diettracker", "pk": 891, "fields": {"customer": 22, "meal": 7, "date": "2022-08-31", "food": "tea", "time": "7.30 AM"}}, {"model": "Customer.diettracker", "pk": 892, "fields": {"customer": 22, "meal": 6, "date": "2022-08-31", "food": "Idli", "time": "9.30 AM"}}, {"model": "Customer.diettracker", "pk": 893, "fields": {"customer": 22, "meal": 5, "date": "2022-08-31", "food": "fruits", "time": "11:30 AM"}}, {"model": "Customer.diettracker", "pk": 894, "fields": {"customer": 22, "meal": 4, "date": "2022-08-31", "food": "rice,chicken,spinach", "time": "1.30 PM"}}, {"model": "Customer.diettracker", "pk": 895, "fields": {"customer": 22, "meal": 3, "date": "2022-08-31", "food": "chips", "time": "4.00 PM"}}, {"model": "Customer.diettracker", "pk": 896, "fields": {"customer": 22, "meal": 2, "date": "2022-08-31", "food": "Chapatis", "time": "8.00 PM"}}, {"model": "Customer.diettracker", "pk": 897, "fields": {"customer": 22, "meal": 1, "date": "2022-08-31", "food": "milk", "time": "10.30 PM"}}, {"model": "Customer.diettracker", "pk": 903, "fields": {"customer": 22, "meal": 7, "date": "2022-09-02", "food": "milk", "time": "10.30 PM"}}, {"model": "Customer.diettracker", "pk": 904, "fields": {"customer": 22, "meal": 7, "date": "2022-09-03", "food": "milk", "time": "10.30 PM"}}, {"model": "Customer.diettracker", "pk": 910, "fields": {"customer": 22, "meal": 7, "date": "2022-09-10", "food": "tea", "time": "7.30 AM"}}, {"model": "Customer.diettracker", "pk": 911, "fields": {"customer": 22, "meal": 6, "date": "2022-09-10", "food": "dosa", "time": "9.30 AM"}}, {"model": "Customer.diettracker", "pk": 912, "fields": {"customer": 22, "meal": 5, "date": "2022-09-10", "food": "Watermelon", "time": "11:30 AM"}}, {"model": "Customer.diettracker", "pk": 913, "fields": {"customer": 22, "meal": 4, "date": "2022-09-10", "food": "rice,chicken,spinach", "time": "1.30 PM"}}, {"model": "Customer.diettracker", "pk": 914, "fields": {"customer": 22, "meal": 3, "date": "2022-09-10", "food": "chips", "time": "4.00 PM"}}, {"model": "Customer.diettracker", "pk": 915, "fields": {"customer": 22, "meal": 2, "date": "2022-09-10", "food": "Chapattis", "time": "8.00 PM"}}, {"model": "Customer.diettracker", "pk": 916, "fields": {"customer": 22, "meal": 1, "date": "2022-09-10", "food": "milk", "time": "10.30 PM"}}, {"model": "Customer.diettracker", "pk": 923, "fields": {"customer": 22, "meal": 7, "date": "2022-09-20", "food": "tea", "time": "7.30 AM"}}, {"model": "Customer.diettracker", "pk": 924, "fields": {"customer": 22, "meal": 6, "date": "2022-09-20", "food": "dosa", "time": "9.30 AM"}}, {"model": "Customer.diettracker", "pk": 925, "fields": {"customer": 22, "meal": 5, "date": "2022-09-20", "food": "Watermelon", "time": "11:30 AM"}}, {"model": "Customer.diettracker", "pk": 926, "fields": {"customer": 22, "meal": 4, "date": "2022-09-20", "food": "rice,chicken,spinach", "time": "1.30 PM"}}, {"model": "Customer.diettracker", "pk": 927, "fields": {"customer": 22, "meal": 3, "date": "2022-09-20", "food": "chips", "time": "4.00 PM"}}, {"model": "Customer.diettracker", "pk": 928, "fields": {"customer": 22, "meal": 2, "date": "2022-09-20", "food": "chappatis", "time": "8.00 PM"}}, {"model": "Customer.diettracker", "pk": 929, "fields": {"customer": 22, "meal": 1, "date": "2022-09-20", "food": "milk", "time": "10.30 PM"}}, {"model": "Customer.diettracker", "pk": 934, "fields": {"customer": 22, "meal": 7, "date": "2022-09-21", "food": "tea", "time": "7.30 AM"}}, {"model": "Customer.diettracker", "pk": 935, "fields": {"customer": 22, "meal": 6, "date": "2022-09-21", "food": "dosa", "time": "9.30 AM"}}, {"model": "Customer.diettracker", "pk": 936, "fields": {"customer": 22, "meal": 5, "date": "2022-09-21", "food": "Watermelon", "time": "11:30 AM"}}, {"model": "Customer.diettracker", "pk": 937, "fields": {"customer": 22, "meal": 4, "date": "2022-09-21", "food": "rice,fish", "time": "1.30 PM"}}, {"model": "Customer.diettracker", "pk": 938, "fields": {"customer": 22, "meal": 3, "date": "2022-09-21", "food": "chips", "time": "4.00 PM"}}, {"model": "Customer.diettracker", "pk": 939, "fields": {"customer": 22, "meal": 2, "date": "2022-09-21", "food": "Chapattis", "time": "8.00 PM"}}, {"model": "Customer.diettracker", "pk": 940, "fields": {"customer": 22, "meal": 1, "date": "2022-09-21", "food": "milk", "time": "10.30 PM"}}, {"model": "Customer.diettracker", "pk": 941, "fields": {"customer": 22, "meal": 7, "date": "2022-09-24", "food": "tea", "time": "7.30 AM"}}, {"model": "Customer.diettracker", "pk": 942, "fields": {"customer": 22, "meal": 6, "date": "2022-09-24", "food": "dosa", "time": "9.30 AM"}}, {"model": "Customer.diettracker", "pk": 943, "fields": {"customer": 22, "meal": 5, "date": "2022-09-24", "food": "fruits", "time": "11:30 AM"}}, {"model": "Customer.diettracker", "pk": 944, "fields": {"customer": 22, "meal": 4, "date": "2022-09-24", "food": "rice,chicken,spinach", "time": "1.30 PM"}}, {"model": "Customer.diettracker", "pk": 945, "fields": {"customer": 22, "meal": 3, "date": "2022-09-24", "food": "chips", "time": "4.00 PM"}}, {"model": "Customer.diettracker", "pk": 946, "fields": {"customer": 22, "meal": 2, "date": "2022-09-24", "food": "Chapattis", "time": "8.00 PM"}}, {"model": "Customer.diettracker", "pk": 947, "fields": {"customer": 22, "meal": 1, "date": "2022-09-24", "food": "milk", "time": "10.30 PM"}}, {"model": "Customer.diettracker", "pk": 948, "fields": {"customer": 22, "meal": 7, "date": "2022-09-26", "food": "tea", "time": "7.30 AM"}}, {"model": "Customer.diettracker", "pk": 949, "fields": {"customer": 22, "meal": 6, "date": "2022-09-26", "food": "Idli", "time": "9.30 AM"}}, {"model": "Customer.diettracker", "pk": 950, "fields": {"customer": 22, "meal": 5, "date": "2022-09-26", "food": "fruits", "time": "11:30 AM"}}, {"model": "Customer.diettracker", "pk": 951, "fields": {"customer": 22, "meal": 4, "date": "2022-09-26", "food": "rice,chicken,spinach", "time": "1.30 PM"}}, {"model": "Customer.diettracker", "pk": 952, "fields": {"customer": 22, "meal": 3, "date": "2022-09-26", "food": "chips", "time": "4.00 PM"}}, {"model": "Customer.diettracker", "pk": 953, "fields": {"customer": 22, "meal": 2, "date": "2022-09-26", "food": "Chapatis", "time": "8.30"}}, {"model": "Customer.diettracker", "pk": 954, "fields": {"customer": 22, "meal": 1, "date": "2022-09-26", "food": "milk", "time": "10.30 PM"}}, {"model": "Customer.diettracker", "pk": 955, "fields": {"customer": 22, "meal": 7, "date": "2022-10-01", "food": "tea", "time": "7.30 AM"}}, {"model": "Customer.diettracker", "pk": 956, "fields": {"customer": 22, "meal": 6, "date": "2022-10-01", "food": "dosa", "time": "9.30 AM"}}, {"model": "Customer.diettracker", "pk": 957, "fields": {"customer": 22, "meal": 5, "date": "2022-10-01", "food": "fruits", "time": "11:30 AM"}}, {"model": "Customer.diettracker", "pk": 958, "fields": {"customer": 22, "meal": 4, "date": "2022-10-01", "food": "rice,chicken,spinach", "time": "01.30 PM"}}, {"model": "Customer.diettracker", "pk": 959, "fields": {"customer": 22, "meal": 3, "date": "2022-10-01", "food": "chips", "time": "4.00 PM"}}, {"model": "Customer.diettracker", "pk": 960, "fields": {"customer": 22, "meal": 2, "date": "2022-10-01", "food": "chappatis", "time": "8.00 PM"}}, {"model": "Customer.diettracker", "pk": 961, "fields": {"customer": 22, "meal": 1, "date": "2022-10-01", "food": "milk", "time": "10.30 PM"}}, {"model": "Customer.diettracker", "pk": 962, "fields": {"customer": 22, "meal": 7, "date": "2022-10-03", "food": "tea", "time": "7.30 AM"}}, {"model": "Customer.diettracker", "pk": 963, "fields": {"customer": 22, "meal": 6, "date": "2022-10-03", "food": "Idli", "time": "9.30 AM"}}, {"model": "Customer.diettracker", "pk": 964, "fields": {"customer": 22, "meal": 5, "date": "2022-10-03", "food": "Watermelon", "time": "11:30 AM"}}, {"model": "Customer.diettracker", "pk": 965, "fields": {"customer": 22, "meal": 4, "date": "2022-10-03", "food": "rice,chicken,spinach", "time": "1.30 PM"}}, {"model": "Customer.diettracker", "pk": 966, "fields": {"customer": 22, "meal": 3, "date": "2022-10-03", "food": "chips", "time": "4.00 PM"}}, {"model": "Customer.diettracker", "pk": 967, "fields": {"customer": 22, "meal": 2, "date": "2022-10-03", "food": "Chapatis", "time": "8.00 PM"}}, {"model": "Customer.diettracker", "pk": 968, "fields": {"customer": 22, "meal": 1, "date": "2022-10-03", "food": "milk", "time": "10.30 PM"}}, {"model": "Customer.diettracker", "pk": 969, "fields": {"customer": 22, "meal": 7, "date": "2022-10-11", "food": "tea", "time": "7.30 AM"}}, {"model": "Customer.diettracker", "pk": 970, "fields": {"customer": 22, "meal": 6, "date": "2022-10-11", "food": "Dosa", "time": "9.30 AM"}}, {"model": "Customer.diettracker", "pk": 971, "fields": {"customer": 22, "meal": 5, "date": "2022-10-11", "food": "Watermelon", "time": "11:30 AM"}}, {"model": "Customer.diettracker", "pk": 972, "fields": {"customer": 22, "meal": 4, "date": "2022-10-11", "food": "rice,chicken,spinach", "time": "1.30 PM"}}, {"model": "Customer.diettracker", "pk": 973, "fields": {"customer": 22, "meal": 3, "date": "2022-10-11", "food": "chips", "time": "4.00 PM"}}, {"model": "Customer.diettracker", "pk": 974, "fields": {"customer": 22, "meal": 2, "date": "2022-10-11", "food": "Chapatis", "time": "8.00 PM"}}, {"model": "Customer.diettracker", "pk": 975, "fields": {"customer": 22, "meal": 1, "date": "2022-10-11", "food": "milk", "time": "10.30 PM"}}, {"model": "Customer.diettracker", "pk": 977, "fields": {"customer": 22, "meal": 7, "date": "2022-10-12", "food": "tea", "time": "6.00"}}, {"model": "Customer.diettracker", "pk": 978, "fields": {"customer": 22, "meal": 6, "date": "2022-10-12", "food": "idly", "time": "10.00"}}, {"model": "Customer.diettracker", "pk": 979, "fields": {"customer": 22, "meal": 5, "date": "2022-10-12", "food": "juice", "time": "11.30"}}, {"model": "Customer.diettracker", "pk": 980, "fields": {"customer": 22, "meal": 4, "date": "2022-10-12", "food": "rice", "time": "1.30"}}, {"model": "Customer.diettracker", "pk": 981, "fields": {"customer": 22, "meal": 3, "date": "2022-10-12", "food": "coffee", "time": "5.00"}}, {"model": "Customer.diettracker", "pk": 982, "fields": {"customer": 22, "meal": 2, "date": "2022-10-12", "food": "dosa", "time": "8.00"}}, {"model": "Customer.diettracker", "pk": 983, "fields": {"customer": 22, "meal": 1, "date": "2022-10-12", "food": "milk", "time": "10.00"}}, {"model": "Customer.diettracker", "pk": 985, "fields": {"customer": 22, "meal": 7, "date": "2022-10-14", "food": "tea", "time": "7.30 AM"}}, {"model": "Customer.diettracker", "pk": 986, "fields": {"customer": 22, "meal": 6, "date": "2022-10-14", "food": "dosa", "time": "9.30 AM"}}, {"model": "Customer.diettracker", "pk": 987, "fields": {"customer": 22, "meal": 5, "date": "2022-10-14", "food": "fruits", "time": "11.30 Am"}}, {"model": "Customer.diettracker", "pk": 988, "fields": {"customer": 22, "meal": 4, "date": "2022-10-14", "food": "rice,fish", "time": "1.30 PM"}}, {"model": "Customer.diettracker", "pk": 989, "fields": {"customer": 22, "meal": 3, "date": "2022-10-14", "food": "chips", "time": "4.00 PM"}}, {"model": "Customer.diettracker", "pk": 990, "fields": {"customer": 22, "meal": 2, "date": "2022-10-14", "food": "Chapattis", "time": "8.00 PM"}}, {"model": "Customer.diettracker", "pk": 991, "fields": {"customer": 22, "meal": 1, "date": "2022-10-14", "food": "milk", "time": "10.30 PM"}}, {"model": "Customer.diettracker", "pk": 992, "fields": {"customer": 22, "meal": 7, "date": "2022-10-16", "food": "tea", "time": "7.30 AM"}}, {"model": "Customer.diettracker", "pk": 993, "fields": {"customer": 22, "meal": 6, "date": "2022-10-16", "food": "Idli", "time": "8.00 PM"}}, {"model": "Customer.diettracker", "pk": 994, "fields": {"customer": 22, "meal": 5, "date": "2022-10-16", "food": "Watermelon", "time": "11:30 AM"}}, {"model": "Customer.diettracker", "pk": 995, "fields": {"customer": 22, "meal": 4, "date": "2022-10-16", "food": "rice,chicken,spinach", "time": "1.30 PM"}}, {"model": "Customer.diettracker", "pk": 996, "fields": {"customer": 22, "meal": 3, "date": "2022-10-16", "food": "chips", "time": "4.00 PM"}}, {"model": "Customer.diettracker", "pk": 997, "fields": {"customer": 22, "meal": 2, "date": "2022-10-16", "food": "Chapattis", "time": "8.00 PM"}}, {"model": "Customer.diettracker", "pk": 998, "fields": {"customer": 22, "meal": 1, "date": "2022-10-16", "food": "milk", "time": "10.30 PM"}}, {"model": "Customer.diettracker", "pk": 999, "fields": {"customer": 22, "meal": 7, "date": "2022-10-15", "food": "Tea", "time": "8.00Am"}}, {"model": "Customer.diettracker", "pk": 1000, "fields": {"customer": 22, "meal": 7, "date": "2022-10-17", "food": "tea", "time": "7.30 AM"}}, {"model": "Customer.diettracker", "pk": 1001, "fields": {"customer": 22, "meal": 6, "date": "2022-10-17", "food": "Idli", "time": "9.30 AM"}}, {"model": "Customer.diettracker", "pk": 1002, "fields": {"customer": 22, "meal": 5, "date": "2022-10-17", "food": "Watermelon", "time": "11:30 AM"}}, {"model": "Customer.diettracker", "pk": 1003, "fields": {"customer": 22, "meal": 4, "date": "2022-10-17", "food": "rice,chicken,spinach", "time": "1.30 PM"}}, {"model": "Customer.diettracker", "pk": 1004, "fields": {"customer": 22, "meal": 3, "date": "2022-10-17", "food": "chips", "time": "4.00 PM"}}, {"model": "Customer.diettracker", "pk": 1005, "fields": {"customer": 22, "meal": 2, "date": "2022-10-17", "food": "chappatis", "time": "8.00 PM"}}, {"model": "Customer.diettracker", "pk": 1006, "fields": {"customer": 22, "meal": 1, "date": "2022-10-17", "food": "milk", "time": "10.30 PM"}}, {"model": "Customer.diettracker", "pk": 1007, "fields": {"customer": 22, "meal": 7, "date": "2022-10-22", "food": "rice", "time": "11:00 pm"}}, {"model": "Customer.diettracker", "pk": 1008, "fields": {"customer": 22, "meal": 7, "date": "2022-11-01", "food": "Tea", "time": "7 am"}}, {"model": "Customer.diettracker", "pk": 1009, "fields": {"customer": 22, "meal": 6, "date": "2022-11-01", "food": "Idly, Chutney", "time": "9 Am"}}, {"model": "Customer.diettracker", "pk": 1010, "fields": {"customer": 22, "meal": 5, "date": "2022-11-01", "food": "Orange Juice", "time": "11.30 AM"}}, {"model": "Customer.diettracker", "pk": 1011, "fields": {"customer": 22, "meal": 4, "date": "2022-11-01", "food": "Rice Curd", "time": "1.30 Pm"}}, {"model": "Customer.diettracker", "pk": 1012, "fields": {"customer": 22, "meal": 7, "date": "2022-11-22", "food": "Tea", "time": "6.00 am"}}, {"model": "Customer.diettracker", "pk": 1013, "fields": {"customer": 22, "meal": 6, "date": "2022-11-22", "food": "idly", "time": "8.00 am"}}, {"model": "Customer.diettracker", "pk": 1014, "fields": {"customer": 22, "meal": 5, "date": "2022-11-22", "food": "orange Juice", "time": "11.00 am"}}, {"model": "Customer.diettracker", "pk": 1015, "fields": {"customer": 22, "meal": 4, "date": "2022-11-22", "food": "Rice, green gram", "time": "1.00 pm"}}, {"model": "Customer.diettracker", "pk": 1016, "fields": {"customer": 22, "meal": 3, "date": "2022-11-22", "food": "sundal", "time": "4.00 pm"}}, {"model": "Customer.diettracker", "pk": 1017, "fields": {"customer": 22, "meal": 7, "date": "2022-12-14", "food": "tea", "time": "9:30 am"}}, {"model": "Customer.diettracker", "pk": 1018, "fields": {"customer": 22, "meal": 6, "date": "2022-12-14", "food": "fruits", "time": "11:00 am"}}, {"model": "Customer.diettracker", "pk": 1019, "fields": {"customer": 22, "meal": 5, "date": "2022-12-14", "food": "rice", "time": "11:30 Am"}}, {"model": "Customer.diettracker", "pk": 1020, "fields": {"customer": 22, "meal": 4, "date": "2022-12-14", "food": "rice", "time": "11:00 Am"}}, {"model": "Customer.diettracker", "pk": 1021, "fields": {"customer": 22, "meal": 3, "date": "2022-12-14", "food": "tea", "time": "6:pm"}}, {"model": "Customer.diettracker", "pk": 1022, "fields": {"customer": 22, "meal": 2, "date": "2022-12-14", "food": "rice", "time": "9:30 pm"}}, {"model": "Customer.diettracker", "pk": 1023, "fields": {"customer": 22, "meal": 7, "date": "2022-12-13", "food": "tea", "time": "9:30 am"}}, {"model": "Customer.diettracker", "pk": 1024, "fields": {"customer": 22, "meal": 6, "date": "2022-12-13", "food": "fruits", "time": "11:00 am"}}, {"model": "Customer.diettracker", "pk": 1025, "fields": {"customer": 22, "meal": 5, "date": "2022-12-13", "food": "rice", "time": "11:30 Am"}}, {"model": "Customer.diettracker", "pk": 1026, "fields": {"customer": 22, "meal": 4, "date": "2022-12-13", "food": "rice", "time": "11:00 Am"}}, {"model": "Customer.diettracker", "pk": 1027, "fields": {"customer": 22, "meal": 3, "date": "2022-12-13", "food": "tea", "time": "6:pm"}}, {"model": "Customer.diettracker", "pk": 1028, "fields": {"customer": 22, "meal": 7, "date": "2022-12-12", "food": "tea", "time": "9:30 am"}}, {"model": "Customer.diettracker", "pk": 1029, "fields": {"customer": 22, "meal": 6, "date": "2022-12-12", "food": "fruits", "time": "11:00 am"}}, {"model": "Customer.diettracker", "pk": 1030, "fields": {"customer": 22, "meal": 5, "date": "2022-12-12", "food": "rice", "time": "11:30 Am"}}, {"model": "Customer.diettracker", "pk": 1031, "fields": {"customer": 22, "meal": 4, "date": "2022-12-12", "food": "rice", "time": "11:00 Am"}}, {"model": "Customer.diettracker", "pk": 1032, "fields": {"customer": 22, "meal": 3, "date": "2022-12-12", "food": "tea", "time": "6:pm"}}, {"model": "Customer.diettracker", "pk": 1033, "fields": {"customer": 22, "meal": 2, "date": "2022-12-12", "food": "rice", "time": "9:30 pm"}}, {"model": "Customer.diettracker", "pk": 1034, "fields": {"customer": 22, "meal": 7, "date": "2022-12-11", "food": "tea", "time": "9:30 am"}}, {"model": "Customer.diettracker", "pk": 1035, "fields": {"customer": 22, "meal": 6, "date": "2022-12-11", "food": "fruits", "time": "11:00 am"}}, {"model": "Customer.diettracker", "pk": 1036, "fields": {"customer": 22, "meal": 5, "date": "2022-12-11", "food": "rice", "time": "11:30 Am"}}, {"model": "Customer.diettracker", "pk": 1037, "fields": {"customer": 22, "meal": 4, "date": "2022-12-11", "food": "rice", "time": "11:00 Am"}}, {"model": "Customer.diettracker", "pk": 1038, "fields": {"customer": 22, "meal": 2, "date": "2022-12-11", "food": "rice", "time": "9:30 pm"}}, {"model": "Customer.diettracker", "pk": 1039, "fields": {"customer": 22, "meal": 7, "date": "2022-12-10", "food": "tea", "time": "9:30 am"}}, {"model": "Customer.diettracker", "pk": 1040, "fields": {"customer": 22, "meal": 6, "date": "2022-12-10", "food": "fruits", "time": "11:00 am"}}, {"model": "Customer.diettracker", "pk": 1041, "fields": {"customer": 22, "meal": 5, "date": "2022-12-10", "food": "rice", "time": "11:30 Am"}}, {"model": "Customer.diettracker", "pk": 1042, "fields": {"customer": 22, "meal": 4, "date": "2022-12-10", "food": "rice", "time": "11:00 Am"}}, {"model": "Customer.diettracker", "pk": 1043, "fields": {"customer": 22, "meal": 2, "date": "2022-12-10", "food": "rice", "time": "9:30 pm"}}, {"model": "Customer.diettracker", "pk": 1044, "fields": {"customer": 22, "meal": 7, "date": "2022-12-09", "food": "tea", "time": "9:30 am"}}, {"model": "Customer.diettracker", "pk": 1045, "fields": {"customer": 22, "meal": 6, "date": "2022-12-09", "food": "fruits", "time": "11:00 am"}}, {"model": "Customer.diettracker", "pk": 1046, "fields": {"customer": 22, "meal": 5, "date": "2022-12-09", "food": "rice", "time": "11:30 Am"}}, {"model": "Customer.diettracker", "pk": 1047, "fields": {"customer": 22, "meal": 3, "date": "2022-12-09", "food": "tea", "time": "6:pm"}}, {"model": "Customer.diettracker", "pk": 1048, "fields": {"customer": 22, "meal": 2, "date": "2022-12-09", "food": "rice", "time": "9:30 pm"}}, {"model": "Customer.diettracker", "pk": 1049, "fields": {"customer": 22, "meal": 7, "date": "2022-12-08", "food": "tea", "time": "9:30 am"}}, {"model": "Customer.diettracker", "pk": 1050, "fields": {"customer": 22, "meal": 6, "date": "2022-12-08", "food": "fruits", "time": "11:00 am"}}, {"model": "Customer.diettracker", "pk": 1051, "fields": {"customer": 22, "meal": 5, "date": "2022-12-08", "food": "rice", "time": "11:30 Am"}}, {"model": "Customer.diettracker", "pk": 1052, "fields": {"customer": 22, "meal": 4, "date": "2022-12-08", "food": "rice", "time": "11:00 Am"}}, {"model": "Customer.diettracker", "pk": 1053, "fields": {"customer": 22, "meal": 2, "date": "2022-12-08", "food": "rice", "time": "9:30 pm"}}, {"model": "Customer.diettracker", "pk": 1054, "fields": {"customer": 22, "meal": 7, "date": "2022-12-07", "food": "tea", "time": "9:30 am"}}, {"model": "Customer.diettracker", "pk": 1055, "fields": {"customer": 22, "meal": 6, "date": "2022-12-07", "food": "fruits", "time": "11:00 am"}}, {"model": "Customer.diettracker", "pk": 1056, "fields": {"customer": 22, "meal": 5, "date": "2022-12-07", "food": "rice", "time": "11:30 Am"}}, {"model": "Customer.diettracker", "pk": 1057, "fields": {"customer": 22, "meal": 4, "date": "2022-12-07", "food": "rice", "time": "11:00 Am"}}, {"model": "Customer.diettracker", "pk": 1058, "fields": {"customer": 22, "meal": 2, "date": "2022-12-07", "food": "rice", "time": "9:30 pm"}}, {"model": "Customer.diettracker", "pk": 1059, "fields": {"customer": 22, "meal": 7, "date": "2023-01-21", "food": "tea", "time": "9:30 am"}}, {"model": "Customer.diettracker", "pk": 1060, "fields": {"customer": 22, "meal": 6, "date": "2023-01-21", "food": "fruits", "time": "11:00 am"}}, {"model": "Customer.diettracker", "pk": 1061, "fields": {"customer": 22, "meal": 5, "date": "2023-01-21", "food": "rice", "time": "11:00 am"}}, {"model": "Customer.diettracker", "pk": 1062, "fields": {"customer": 22, "meal": 4, "date": "2023-01-21", "food": "rice", "time": "1:00 pm"}}, {"model": "Customer.diettracker", "pk": 1063, "fields": {"customer": 22, "meal": 3, "date": "2023-01-21", "food": "fruits", "time": "4:pm"}}, {"model": "Customer.diettracker", "pk": 1064, "fields": {"customer": 22, "meal": 2, "date": "2023-01-21", "food": "fruits", "time": "8:00 pm"}}, {"model": "Customer.diettracker", "pk": 1065, "fields": {"customer": 22, "meal": 1, "date": "2023-01-21", "food": "tea", "time": "11:00 pm"}}, {"model": "Customer.diettracker", "pk": 1066, "fields": {"customer": 22, "meal": 7, "date": "2023-01-23", "food": "tea", "time": "09:00PM"}}, {"model": "Customer.diettracker", "pk": 1067, "fields": {"customer": 22, "meal": 7, "date": "2023-01-24", "food": "halfDay", "time": "10:00PM"}}, {"model": "Customer.diettracker", "pk": 1068, "fields": {"customer": 22, "meal": 6, "date": "2023-01-24", "food": "Half", "time": "10:00Pm"}}, {"model": "Customer.diettracker", "pk": 1070, "fields": {"customer": 22, "meal": 7, "date": "2023-02-01", "food": "tea", "time": "6am"}}, {"model": "Customer.diettracker", "pk": 1071, "fields": {"customer": 22, "meal": 3, "date": "2023-02-06", "food": "tea", "time": "2pm"}}, {"model": "Customer.diettracker", "pk": 1072, "fields": {"customer": 22, "meal": 4, "date": "2023-02-06", "food": "fruits", "time": "1:00 pm"}}, {"model": "Customer.diettracker", "pk": 1073, "fields": {"customer": 22, "meal": 5, "date": "2023-02-06", "food": "fruits", "time": "11:00 Am"}}, {"model": "Customer.diettracker", "pk": 1074, "fields": {"customer": 22, "meal": 7, "date": "2023-02-06", "food": "tea", "time": "9:30 am"}}, {"model": "Customer.diettracker", "pk": 1075, "fields": {"customer": 22, "meal": 6, "date": "2023-02-06", "food": "tea", "time": "9:30 am"}}, {"model": "Customer.diettracker", "pk": 1076, "fields": {"customer": 22, "meal": 3, "date": "2023-02-07", "food": "tea", "time": "5:00pm"}}, {"model": "Customer.diettracker", "pk": 1077, "fields": {"customer": 22, "meal": 4, "date": "2023-02-07", "food": "rice", "time": "1:00 pm"}}, {"model": "Customer.diettracker", "pk": 1078, "fields": {"customer": 22, "meal": 5, "date": "2023-02-07", "food": "tea", "time": "11:00 Am"}}, {"model": "Customer.diettracker", "pk": 1079, "fields": {"customer": 22, "meal": 6, "date": "2023-02-07", "food": "fruits", "time": "11:00 am"}}, {"model": "Customer.diettracker", "pk": 1080, "fields": {"customer": 22, "meal": 7, "date": "2023-02-07", "food": "tea", "time": "9:30 am"}}, {"model": "Customer.diettracker", "pk": 1081, "fields": {"customer": 22, "meal": 7, "date": "2023-02-10", "food": "tea", "time": "9:30 am"}}, {"model": "Customer.diettracker", "pk": 1082, "fields": {"customer": 22, "meal": 1, "date": "2023-02-10", "food": "tea", "time": "9:30 pm"}}, {"model": "Customer.diettracker", "pk": 1083, "fields": {"customer": 22, "meal": 2, "date": "2023-02-10", "food": "rice", "time": "9:30 pm"}}, {"model": "Customer.diettracker", "pk": 1084, "fields": {"customer": 22, "meal": 3, "date": "2023-02-10", "food": "fruits", "time": "5:30 pm"}}, {"model": "Customer.diettracker", "pk": 1085, "fields": {"customer": 22, "meal": 4, "date": "2023-02-10", "food": "rice", "time": "1:00 pm"}}, {"model": "Customer.diettracker", "pk": 1086, "fields": {"customer": 22, "meal": 5, "date": "2023-02-10", "food": "fruits", "time": "11:00 pm"}}, {"model": "Customer.diettracker", "pk": 1087, "fields": {"customer": 22, "meal": 6, "date": "2023-02-10", "food": "fruits", "time": "11:00 am"}}, {"model": "Customer.diettracker", "pk": 1088, "fields": {"customer": 22, "meal": 1, "date": "2023-02-18", "food": "water", "time": "8:00 pm"}}, {"model": "Customer.diettracker", "pk": 1089, "fields": {"customer": 22, "meal": 2, "date": "2023-02-18", "food": "rice", "time": "8:00 pm"}}, {"model": "Customer.diettracker", "pk": 1090, "fields": {"customer": 22, "meal": 3, "date": "2023-02-18", "food": "fruits", "time": "4:pm"}}, {"model": "Customer.diettracker", "pk": 1091, "fields": {"customer": 22, "meal": 4, "date": "2023-02-18", "food": "rice", "time": "1:00 pm"}}, {"model": "Customer.diettracker", "pk": 1092, "fields": {"customer": 22, "meal": 5, "date": "2023-02-18", "food": "rice", "time": "11:00 am"}}, {"model": "Customer.diettracker", "pk": 1093, "fields": {"customer": 22, "meal": 6, "date": "2023-02-18", "food": "fruits", "time": "11:00 Am"}}, {"model": "Customer.diettracker", "pk": 1094, "fields": {"customer": 22, "meal": 7, "date": "2023-02-18", "food": "tea", "time": "9:30 am"}}, {"model": "Customer.diettracker", "pk": 1095, "fields": {"customer": 22, "meal": 1, "date": "2023-03-07", "food": "water", "time": "8:00 pm"}}, {"model": "Customer.diettracker", "pk": 1096, "fields": {"customer": 22, "meal": 2, "date": "2023-03-07", "food": "rice", "time": "9:30 pm"}}, {"model": "Customer.diettracker", "pk": 1097, "fields": {"customer": 22, "meal": 3, "date": "2023-03-07", "food": "fruits", "time": "5:00pm"}}, {"model": "Customer.diettracker", "pk": 1098, "fields": {"customer": 22, "meal": 4, "date": "2023-03-07", "food": "rice", "time": "1:00 pm"}}, {"model": "Customer.diettracker", "pk": 1099, "fields": {"customer": 22, "meal": 5, "date": "2023-03-07", "food": "fruits", "time": "11:00 am"}}, {"model": "Customer.diettracker", "pk": 1100, "fields": {"customer": 22, "meal": 6, "date": "2023-03-07", "food": "fruits", "time": "9:30 am"}}, {"model": "Customer.diettracker", "pk": 1101, "fields": {"customer": 22, "meal": 7, "date": "2023-03-07", "food": "tea", "time": "9:30 am"}}, {"model": "Customer.diettracker", "pk": 1102, "fields": {"customer": 22, "meal": 7, "date": "2023-03-06", "food": "tea", "time": "9:30 am"}}, {"model": "Customer.diettracker", "pk": 1103, "fields": {"customer": 22, "meal": 6, "date": "2023-03-06", "food": "fruits", "time": "9:30 am"}}, {"model": "Customer.diettracker", "pk": 1104, "fields": {"customer": 22, "meal": 5, "date": "2023-03-06", "food": "fruits", "time": "11:00 am"}}, {"model": "Customer.diettracker", "pk": 1105, "fields": {"customer": 22, "meal": 4, "date": "2023-03-06", "food": "rice", "time": "1:00 pm"}}, {"model": "Customer.diettracker", "pk": 1106, "fields": {"customer": 22, "meal": 3, "date": "2023-03-06", "food": "fruits", "time": "5:00pm"}}, {"model": "Customer.diettracker", "pk": 1107, "fields": {"customer": 22, "meal": 2, "date": "2023-03-06", "food": "rice", "time": "9:30 pm"}}, {"model": "Customer.diettracker", "pk": 1108, "fields": {"customer": 22, "meal": 1, "date": "2023-03-06", "food": "water", "time": "8:00 pm"}}, {"model": "Customer.diettracker", "pk": 1109, "fields": {"customer": 22, "meal": 1, "date": "2023-03-24", "food": "water", "time": "9:30 pm"}}, {"model": "Customer.diettracker", "pk": 1110, "fields": {"customer": 22, "meal": 2, "date": "2023-03-24", "food": "rice", "time": "9:30 pm"}}, {"model": "Customer.diettracker", "pk": 1111, "fields": {"customer": 22, "meal": 3, "date": "2023-03-24", "food": "fruits", "time": "5:00pm"}}, {"model": "Customer.diettracker", "pk": 1112, "fields": {"customer": 22, "meal": 4, "date": "2023-03-24", "food": "rice", "time": "1:00 pm"}}, {"model": "Customer.diettracker", "pk": 1113, "fields": {"customer": 22, "meal": 5, "date": "2023-03-24", "food": "fruits", "time": "11:00 am"}}, {"model": "Customer.diettracker", "pk": 1114, "fields": {"customer": 22, "meal": 6, "date": "2023-03-24", "food": "tea", "time": "9:30 am"}}, {"model": "Customer.diettracker", "pk": 1115, "fields": {"customer": 22, "meal": 7, "date": "2023-03-24", "food": "tea", "time": "9:30 am"}}, {"model": "Customer.diettracker", "pk": 1116, "fields": {"customer": 148, "meal": 7, "date": "2023-03-31", "food": "tea", "time": "9:30 am"}}, {"model": "Customer.diettracker", "pk": 1117, "fields": {"customer": 148, "meal": 6, "date": "2023-03-31", "food": "fruits", "time": "11:00 am"}}, {"model": "Customer.diettracker", "pk": 1118, "fields": {"customer": 148, "meal": 5, "date": "2023-03-31", "food": "fruits", "time": "11:00 am"}}, {"model": "Customer.diettracker", "pk": 1119, "fields": {"customer": 148, "meal": 4, "date": "2023-03-31", "food": "rice", "time": "1:00 pm"}}, {"model": "Customer.diettracker", "pk": 1120, "fields": {"customer": 148, "meal": 3, "date": "2023-03-31", "food": "fruits", "time": "5:00pm"}}, {"model": "Customer.diettracker", "pk": 1121, "fields": {"customer": 148, "meal": 2, "date": "2023-03-31", "food": "rice", "time": "9:30 pm"}}, {"model": "Customer.diettracker", "pk": 1122, "fields": {"customer": 148, "meal": 1, "date": "2023-03-31", "food": "water", "time": "9:30 pm"}}, {"model": "Customer.diettracker", "pk": 1123, "fields": {"customer": 148, "meal": 7, "date": "2023-04-08", "food": "tea", "time": "9:30 am"}}, {"model": "Customer.diettracker", "pk": 1124, "fields": {"customer": 148, "meal": 6, "date": "2023-04-08", "food": "fruits", "time": "9:30 am"}}, {"model": "Customer.diettracker", "pk": 1125, "fields": {"customer": 148, "meal": 5, "date": "2023-04-08", "food": "fruits", "time": "11:00 am"}}, {"model": "Customer.diettracker", "pk": 1126, "fields": {"customer": 148, "meal": 4, "date": "2023-04-08", "food": "rice", "time": "1:00 pm"}}, {"model": "Customer.diettracker", "pk": 1127, "fields": {"customer": 148, "meal": 3, "date": "2023-04-08", "food": "fruits", "time": "5:00pm"}}, {"model": "Customer.diettracker", "pk": 1128, "fields": {"customer": 148, "meal": 2, "date": "2023-04-08", "food": "rice", "time": "8:00 pm"}}, {"model": "Customer.diettracker", "pk": 1129, "fields": {"customer": 148, "meal": 1, "date": "2023-04-08", "food": "water", "time": "9:30 pm"}}, {"model": "Customer.diettracker", "pk": 1130, "fields": {"customer": 148, "meal": 6, "date": "2023-04-11", "food": "fruits", "time": "9:30 am"}}, {"model": "Customer.diettracker", "pk": 1131, "fields": {"customer": 148, "meal": 7, "date": "2023-04-11", "food": "tea", "time": "9:30 am"}}, {"model": "Customer.diettracker", "pk": 1132, "fields": {"customer": 148, "meal": 5, "date": "2023-04-11", "food": "fruits", "time": "11:00 am"}}, {"model": "Customer.diettracker", "pk": 1133, "fields": {"customer": 148, "meal": 4, "date": "2023-04-11", "food": "rice", "time": "1:00 pm"}}, {"model": "Customer.diettracker", "pk": 1134, "fields": {"customer": 148, "meal": 3, "date": "2023-04-11", "food": "fruits", "time": "5:00pm"}}, {"model": "Customer.diettracker", "pk": 1135, "fields": {"customer": 148, "meal": 2, "date": "2023-04-11", "food": "rice", "time": "9:30 pm"}}, {"model": "Customer.diettracker", "pk": 1136, "fields": {"customer": 148, "meal": 1, "date": "2023-04-11", "food": "water", "time": "9:30 pm"}}, {"model": "Customer.diettracker", "pk": 1137, "fields": {"customer": 148, "meal": 1, "date": "2023-04-13", "food": "water", "time": "9:30 pm"}}, {"model": "Customer.diettracker", "pk": 1138, "fields": {"customer": 148, "meal": 2, "date": "2023-04-13", "food": "rice", "time": "9:30 pm"}}, {"model": "Customer.diettracker", "pk": 1139, "fields": {"customer": 148, "meal": 3, "date": "2023-04-13", "food": "fruits", "time": "4:pm"}}, {"model": "Customer.diettracker", "pk": 1140, "fields": {"customer": 148, "meal": 4, "date": "2023-04-13", "food": "rice", "time": "1:00 pm"}}, {"model": "Customer.diettracker", "pk": 1141, "fields": {"customer": 148, "meal": 5, "date": "2023-04-13", "food": "fruits", "time": "11:00 am"}}, {"model": "Customer.diettracker", "pk": 1142, "fields": {"customer": 148, "meal": 6, "date": "2023-04-13", "food": "fruits", "time": "9:30 am"}}, {"model": "Customer.diettracker", "pk": 1143, "fields": {"customer": 148, "meal": 7, "date": "2023-04-13", "food": "tea", "time": "9:30 am"}}, {"model": "Customer.diettracker", "pk": 1144, "fields": {"customer": 157, "meal": 7, "date": "2023-04-25", "food": "fruits", "time": "9:30 am"}}, {"model": "Customer.diettracker", "pk": 1145, "fields": {"customer": 157, "meal": 1, "date": "2023-04-25", "food": "water", "time": "9:30 pm"}}, {"model": "Customer.diettracker", "pk": 1146, "fields": {"customer": 157, "meal": 2, "date": "2023-04-25", "food": "rice", "time": "9:30 pm"}}, {"model": "Customer.diettracker", "pk": 1147, "fields": {"customer": 157, "meal": 3, "date": "2023-04-25", "food": "fruits", "time": "5:00pm"}}, {"model": "Customer.diettracker", "pk": 1148, "fields": {"customer": 157, "meal": 4, "date": "2023-04-25", "food": "rice", "time": "1:00 pm"}}, {"model": "Customer.diettracker", "pk": 1149, "fields": {"customer": 157, "meal": 5, "date": "2023-04-25", "food": "fruits", "time": "11:00 am"}}, {"model": "Customer.diettracker", "pk": 1150, "fields": {"customer": 157, "meal": 6, "date": "2023-04-25", "food": "fruits", "time": "11:00 am"}}, {"model": "Customer.diettracker", "pk": 1151, "fields": {"customer": 157, "meal": 7, "date": "2023-04-24", "food": "fruits", "time": "9:30 am"}}, {"model": "Customer.diettracker", "pk": 1152, "fields": {"customer": 157, "meal": 6, "date": "2023-04-24", "food": "fruits", "time": "11:00 am"}}, {"model": "Customer.diettracker", "pk": 1153, "fields": {"customer": 157, "meal": 5, "date": "2023-04-24", "food": "fruits", "time": "11:00 am"}}, {"model": "Customer.diettracker", "pk": 1154, "fields": {"customer": 157, "meal": 4, "date": "2023-04-24", "food": "rice", "time": "1:00 pm"}}, {"model": "Customer.diettracker", "pk": 1155, "fields": {"customer": 157, "meal": 2, "date": "2023-04-24", "food": "rice", "time": "9:30 pm"}}, {"model": "Customer.diettracker", "pk": 1156, "fields": {"customer": 157, "meal": 1, "date": "2023-04-24", "food": "water", "time": "9:30 pm"}}, {"model": "Customer.diettracker", "pk": 1157, "fields": {"customer": 157, "meal": 7, "date": "2023-04-23", "food": "fruits", "time": "9:30 am"}}, {"model": "Customer.diettracker", "pk": 1158, "fields": {"customer": 157, "meal": 6, "date": "2023-04-23", "food": "fruits", "time": "11:00 am"}}, {"model": "Customer.diettracker", "pk": 1159, "fields": {"customer": 157, "meal": 5, "date": "2023-04-23", "food": "fruits", "time": "11:00 am"}}, {"model": "Customer.diettracker", "pk": 1160, "fields": {"customer": 157, "meal": 3, "date": "2023-04-23", "food": "fruits", "time": "5:00pm"}}, {"model": "Customer.diettracker", "pk": 1161, "fields": {"customer": 157, "meal": 2, "date": "2023-04-23", "food": "rice", "time": "9:30 pm"}}, {"model": "Customer.diettracker", "pk": 1162, "fields": {"customer": 157, "meal": 1, "date": "2023-04-23", "food": "water", "time": "9:30 pm"}}, {"model": "Customer.diettracker", "pk": 1163, "fields": {"customer": 157, "meal": 7, "date": "2023-04-22", "food": "fruits", "time": "9:30 am"}}, {"model": "Customer.diettracker", "pk": 1164, "fields": {"customer": 157, "meal": 6, "date": "2023-04-22", "food": "fruits", "time": "11:00 am"}}, {"model": "Customer.diettracker", "pk": 1165, "fields": {"customer": 157, "meal": 5, "date": "2023-04-22", "food": "fruits", "time": "11:00 am"}}, {"model": "Customer.diettracker", "pk": 1166, "fields": {"customer": 157, "meal": 4, "date": "2023-04-22", "food": "rice", "time": "1:00 pm"}}, {"model": "Customer.diettracker", "pk": 1167, "fields": {"customer": 157, "meal": 2, "date": "2023-04-22", "food": "rice", "time": "9:30 pm"}}, {"model": "Customer.diettracker", "pk": 1168, "fields": {"customer": 157, "meal": 1, "date": "2023-04-22", "food": "water", "time": "9:30 pm"}}, {"model": "Customer.diettracker", "pk": 1169, "fields": {"customer": 157, "meal": 7, "date": "2023-04-21", "food": "fruits", "time": "9:30 am"}}, {"model": "Customer.diettracker", "pk": 1170, "fields": {"customer": 157, "meal": 6, "date": "2023-04-21", "food": "fruits", "time": "11:00 am"}}, {"model": "Customer.diettracker", "pk": 1171, "fields": {"customer": 157, "meal": 5, "date": "2023-04-21", "food": "fruits", "time": "11:00 am"}}, {"model": "Customer.diettracker", "pk": 1172, "fields": {"customer": 157, "meal": 4, "date": "2023-04-21", "food": "rice", "time": "1:00 pm"}}, {"model": "Customer.diettracker", "pk": 1173, "fields": {"customer": 157, "meal": 3, "date": "2023-04-21", "food": "fruits", "time": "5:00pm"}}, {"model": "Customer.diettracker", "pk": 1174, "fields": {"customer": 157, "meal": 2, "date": "2023-04-21", "food": "rice", "time": "9:30 pm"}}, {"model": "Customer.diettracker", "pk": 1175, "fields": {"customer": 157, "meal": 1, "date": "2023-04-21", "food": "water", "time": "9:30 pm"}}, {"model": "Customer.diettracker", "pk": 1176, "fields": {"customer": 157, "meal": 7, "date": "2023-04-20", "food": "fruits", "time": "9:30 am"}}, {"model": "Customer.diettracker", "pk": 1177, "fields": {"customer": 157, "meal": 6, "date": "2023-04-20", "food": "fruits", "time": "11:00 am"}}, {"model": "Customer.diettracker", "pk": 1178, "fields": {"customer": 157, "meal": 5, "date": "2023-04-20", "food": "fruits", "time": "11:00 am"}}, {"model": "Customer.diettracker", "pk": 1179, "fields": {"customer": 157, "meal": 4, "date": "2023-04-20", "food": "rice", "time": "1:00 pm"}}, {"model": "Customer.diettracker", "pk": 1180, "fields": {"customer": 157, "meal": 3, "date": "2023-04-20", "food": "fruits", "time": "5:00pm"}}, {"model": "Customer.diettracker", "pk": 1181, "fields": {"customer": 157, "meal": 2, "date": "2023-04-20", "food": "rice", "time": "9:30 pm"}}, {"model": "Customer.diettracker", "pk": 1182, "fields": {"customer": 157, "meal": 1, "date": "2023-04-20", "food": "water", "time": "9:30 pm"}}, {"model": "Customer.diettracker", "pk": 1183, "fields": {"customer": 157, "meal": 7, "date": "2023-04-19", "food": "fruits", "time": "9:30 am"}}, {"model": "Customer.diettracker", "pk": 1184, "fields": {"customer": 157, "meal": 6, "date": "2023-04-19", "food": "fruits", "time": "11:00 am"}}, {"model": "Customer.diettracker", "pk": 1185, "fields": {"customer": 157, "meal": 4, "date": "2023-04-19", "food": "rice", "time": "1:00 pm"}}, {"model": "Customer.diettracker", "pk": 1186, "fields": {"customer": 157, "meal": 3, "date": "2023-04-19", "food": "fruits", "time": "5:00pm"}}, {"model": "Customer.diettracker", "pk": 1187, "fields": {"customer": 157, "meal": 2, "date": "2023-04-19", "food": "rice", "time": "9:30 pm"}}, {"model": "Customer.diettracker", "pk": 1188, "fields": {"customer": 157, "meal": 1, "date": "2023-04-19", "food": "water", "time": "9:30 pm"}}, {"model": "Customer.diettracker", "pk": 1189, "fields": {"customer": 157, "meal": 7, "date": "2023-04-18", "food": "fruits", "time": "9:30 am"}}, {"model": "Customer.diettracker", "pk": 1190, "fields": {"customer": 157, "meal": 6, "date": "2023-04-18", "food": "fruits", "time": "11:00 am"}}, {"model": "Customer.diettracker", "pk": 1191, "fields": {"customer": 157, "meal": 5, "date": "2023-04-18", "food": "fruits", "time": "11:00 am"}}, {"model": "Customer.diettracker", "pk": 1192, "fields": {"customer": 157, "meal": 4, "date": "2023-04-18", "food": "rice", "time": "1:00 pm"}}, {"model": "Customer.diettracker", "pk": 1193, "fields": {"customer": 157, "meal": 2, "date": "2023-04-18", "food": "rice", "time": "9:30 pm"}}, {"model": "Customer.diettracker", "pk": 1194, "fields": {"customer": 157, "meal": 1, "date": "2023-04-18", "food": "water", "time": "9:30 pm"}}, {"model": "Customer.diettracker", "pk": 1195, "fields": {"customer": 157, "meal": 7, "date": "2023-04-17", "food": "fruits", "time": "9:30 am"}}, {"model": "Customer.diettracker", "pk": 1196, "fields": {"customer": 157, "meal": 6, "date": "2023-04-17", "food": "fruits", "time": "11:00 am"}}, {"model": "Customer.diettracker", "pk": 1197, "fields": {"customer": 157, "meal": 5, "date": "2023-04-17", "food": "fruits", "time": "11:00 am"}}, {"model": "Customer.diettracker", "pk": 1198, "fields": {"customer": 157, "meal": 4, "date": "2023-04-17", "food": "rice", "time": "1:00 pm"}}, {"model": "Customer.diettracker", "pk": 1199, "fields": {"customer": 157, "meal": 2, "date": "2023-04-17", "food": "rice", "time": "9:30 pm"}}, {"model": "Customer.diettracker", "pk": 1200, "fields": {"customer": 157, "meal": 1, "date": "2023-04-17", "food": "water", "time": "9:30 pm"}}, {"model": "Customer.diettracker", "pk": 1201, "fields": {"customer": 158, "meal": 7, "date": "2023-04-25", "food": "fruits", "time": "9:30 am"}}, {"model": "Customer.diettracker", "pk": 1202, "fields": {"customer": 159, "meal": 7, "date": "2023-04-25", "food": "fruits", "time": "9:30 am"}}, {"model": "Customer.diettracker", "pk": 1203, "fields": {"customer": 160, "meal": 7, "date": "2023-04-25", "food": "tea", "time": "9:30 am"}}, {"model": "Customer.diettracker", "pk": 1204, "fields": {"customer": 157, "meal": 7, "date": "2023-05-04", "food": "fruits", "time": "9:30 am"}}, {"model": "Customer.diettracker", "pk": 1205, "fields": {"customer": 157, "meal": 6, "date": "2023-05-04", "food": "fruits", "time": "9:30 am"}}, {"model": "Customer.diettracker", "pk": 1206, "fields": {"customer": 157, "meal": 5, "date": "2023-05-04", "food": "fruits", "time": "11:00 am"}}, {"model": "Customer.diettracker", "pk": 1207, "fields": {"customer": 157, "meal": 4, "date": "2023-05-04", "food": "rice", "time": "1:00 pm"}}, {"model": "Customer.diettracker", "pk": 1208, "fields": {"customer": 157, "meal": 3, "date": "2023-05-04", "food": "fruits", "time": "5:00pm"}}, {"model": "Customer.diettracker", "pk": 1209, "fields": {"customer": 157, "meal": 2, "date": "2023-05-04", "food": "rice", "time": "9:30 pm"}}, {"model": "Customer.diettracker", "pk": 1210, "fields": {"customer": 157, "meal": 1, "date": "2023-05-04", "food": "tea", "time": "9:30 pm"}}, {"model": "Customer.diettracker", "pk": 1211, "fields": {"customer": 157, "meal": 2, "date": "2023-05-07", "food": "Chappati,Kuruma", "time": "8.00"}}, {"model": "Customer.diettracker", "pk": 1212, "fields": {"customer": 157, "meal": 1, "date": "2023-05-07", "food": "Milk", "time": "9.00"}}, {"model": "Customer.diettracker", "pk": 1213, "fields": {"customer": 157, "meal": 4, "date": "2023-05-07", "food": "Rice,Curd", "time": "1.00"}}, {"model": "Customer.diettracker", "pk": 1214, "fields": {"customer": 157, "meal": 3, "date": "2023-05-07", "food": "pakoda", "time": "4.00"}}, {"model": "Customer.diettracker", "pk": 1215, "fields": {"customer": 157, "meal": 5, "date": "2023-05-07", "food": "fruits", "time": "11:00 am"}}, {"model": "Customer.diettracker", "pk": 1216, "fields": {"customer": 157, "meal": 6, "date": "2023-05-07", "food": "Idly,Chutney", "time": "8.00"}}, {"model": "Customer.diettracker", "pk": 1217, "fields": {"customer": 157, "meal": 7, "date": "2023-05-07", "food": "fruits", "time": "9:30 am"}}, {"model": "Customer.diettracker", "pk": 1218, "fields": {"customer": 157, "meal": 7, "date": "2023-05-08", "food": "fruits", "time": "9:30 am"}}, {"model": "Customer.diettracker", "pk": 1219, "fields": {"customer": 157, "meal": 6, "date": "2023-05-08", "food": "fruits", "time": "9:30 am"}}, {"model": "Customer.diettracker", "pk": 1220, "fields": {"customer": 157, "meal": 5, "date": "2023-05-08", "food": "fruits", "time": "11:00 am"}}, {"model": "Customer.diettracker", "pk": 1221, "fields": {"customer": 157, "meal": 4, "date": "2023-05-08", "food": "rice", "time": "1:00 pm"}}, {"model": "Customer.diettracker", "pk": 1222, "fields": {"customer": 157, "meal": 3, "date": "2023-05-08", "food": "fruits", "time": "5:00pm"}}, {"model": "Customer.diettracker", "pk": 1223, "fields": {"customer": 157, "meal": 2, "date": "2023-05-08", "food": "rice", "time": "9:30 pm"}}, {"model": "Customer.diettracker", "pk": 1224, "fields": {"customer": 157, "meal": 1, "date": "2023-05-08", "food": "water", "time": "9:30 pm"}}, {"model": "Customer.diettracker", "pk": 1225, "fields": {"customer": 157, "meal": 7, "date": "2023-05-06", "food": "fruits", "time": "9:30 am"}}, {"model": "Customer.diettracker", "pk": 1226, "fields": {"customer": 157, "meal": 6, "date": "2023-05-06", "food": "fruits", "time": "9:30 am"}}, {"model": "Customer.diettracker", "pk": 1227, "fields": {"customer": 157, "meal": 5, "date": "2023-05-05", "food": "fruits", "time": "11:00 am"}}, {"model": "Customer.diettracker", "pk": 1228, "fields": {"customer": 157, "meal": 7, "date": "2023-05-05", "food": "fruits", "time": "9:30 am"}}, {"model": "Customer.diettracker", "pk": 1229, "fields": {"customer": 157, "meal": 5, "date": "2023-05-03", "food": "fruits", "time": "11:00 am"}}, {"model": "Customer.diettracker", "pk": 1230, "fields": {"customer": 157, "meal": 7, "date": "2023-05-03", "food": "fruits", "time": "9:30 am"}}, {"model": "Customer.diettracker", "pk": 1231, "fields": {"customer": 157, "meal": 2, "date": "2023-05-02", "food": "rice", "time": "9:30 pm"}}, {"model": "Customer.diettracker", "pk": 1232, "fields": {"customer": 157, "meal": 3, "date": "2023-05-02", "food": "fruits", "time": "5:00pm"}}, {"model": "Customer.diettracker", "pk": 1233, "fields": {"customer": 157, "meal": 4, "date": "2023-05-02", "food": "rice", "time": "1:00 pm"}}, {"model": "Customer.diettracker", "pk": 1234, "fields": {"customer": 157, "meal": 3, "date": "2023-05-01", "food": "fruits", "time": "5:00pm"}}, {"model": "Customer.diettracker", "pk": 1235, "fields": {"customer": 157, "meal": 1, "date": "2023-05-01", "food": "water", "time": "9:30 pm"}}, {"model": "Customer.diettracker", "pk": 1236, "fields": {"customer": 157, "meal": 7, "date": "2023-05-09", "food": "Tea", "time": "9:30am"}}, {"model": "Customer.diettracker", "pk": 1237, "fields": {"customer": 157, "meal": 7, "date": "2023-05-17", "food": "fruits", "time": "9:30 am"}}, {"model": "Customer.diettracker", "pk": 1238, "fields": {"customer": 157, "meal": 7, "date": "2023-05-22", "food": "tea", "time": "9:30 am"}}, {"model": "Customer.diettracker", "pk": 1239, "fields": {"customer": 157, "meal": 6, "date": "2023-05-22", "food": "fruits", "time": "9:30 am"}}, {"model": "Customer.diettracker", "pk": 1240, "fields": {"customer": 157, "meal": 5, "date": "2023-05-22", "food": "fruits", "time": "11:00 am"}}, {"model": "Customer.diettracker", "pk": 1241, "fields": {"customer": 157, "meal": 4, "date": "2023-05-22", "food": "rice", "time": "1:00 pm"}}, {"model": "Customer.diettracker", "pk": 1242, "fields": {"customer": 157, "meal": 3, "date": "2023-05-22", "food": "fruits", "time": "5:00pm"}}, {"model": "Customer.diettracker", "pk": 1243, "fields": {"customer": 157, "meal": 2, "date": "2023-05-22", "food": "rice", "time": "8:00pm"}}, {"model": "Customer.diettracker", "pk": 1244, "fields": {"customer": 157, "meal": 1, "date": "2023-05-22", "food": "water", "time": "8:00 pm"}}, {"model": "Customer.diettracker", "pk": 1245, "fields": {"customer": 157, "meal": 7, "date": "2023-05-21", "food": "tea", "time": "9:30 am"}}, {"model": "Customer.diettracker", "pk": 1246, "fields": {"customer": 157, "meal": 6, "date": "2023-05-21", "food": "fruits", "time": "9:30 am"}}, {"model": "Customer.diettracker", "pk": 1247, "fields": {"customer": 157, "meal": 5, "date": "2023-05-21", "food": "fruits", "time": "11:00 am"}}, {"model": "Customer.diettracker", "pk": 1248, "fields": {"customer": 157, "meal": 4, "date": "2023-05-21", "food": "rice", "time": "1:00 pm"}}, {"model": "Customer.diettracker", "pk": 1249, "fields": {"customer": 157, "meal": 2, "date": "2023-05-21", "food": "rice", "time": "8:00pm"}}, {"model": "Customer.diettracker", "pk": 1250, "fields": {"customer": 157, "meal": 1, "date": "2023-05-21", "food": "water", "time": "8:00 pm"}}, {"model": "Customer.diettracker", "pk": 1251, "fields": {"customer": 157, "meal": 7, "date": "2023-05-20", "food": "tea", "time": "9:30 am"}}, {"model": "Customer.diettracker", "pk": 1252, "fields": {"customer": 157, "meal": 6, "date": "2023-05-20", "food": "fruits", "time": "9:30 am"}}, {"model": "Customer.diettracker", "pk": 1253, "fields": {"customer": 157, "meal": 5, "date": "2023-05-20", "food": "fruits", "time": "11:00 am"}}, {"model": "Customer.diettracker", "pk": 1254, "fields": {"customer": 157, "meal": 4, "date": "2023-05-20", "food": "rice", "time": "1:00 pm"}}, {"model": "Customer.diettracker", "pk": 1255, "fields": {"customer": 157, "meal": 2, "date": "2023-05-20", "food": "rice", "time": "8:00pm"}}, {"model": "Customer.diettracker", "pk": 1256, "fields": {"customer": 157, "meal": 1, "date": "2023-05-20", "food": "water", "time": "8:00 pm"}}, {"model": "Customer.diettracker", "pk": 1257, "fields": {"customer": 157, "meal": 3, "date": "2023-05-21", "food": "fruits", "time": "5:00pm"}}, {"model": "Customer.diettracker", "pk": 1258, "fields": {"customer": 157, "meal": 7, "date": "2023-05-19", "food": "tea", "time": "9:30 am"}}, {"model": "Customer.diettracker", "pk": 1259, "fields": {"customer": 157, "meal": 6, "date": "2023-05-19", "food": "fruits", "time": "9:30 am"}}, {"model": "Customer.diettracker", "pk": 1260, "fields": {"customer": 157, "meal": 5, "date": "2023-05-19", "food": "fruits", "time": "11:00 am"}}, {"model": "Customer.diettracker", "pk": 1261, "fields": {"customer": 157, "meal": 4, "date": "2023-05-19", "food": "rice", "time": "1:00 pm"}}, {"model": "Customer.diettracker", "pk": 1262, "fields": {"customer": 157, "meal": 3, "date": "2023-05-19", "food": "fruits", "time": "5:00pm"}}, {"model": "Customer.diettracker", "pk": 1263, "fields": {"customer": 157, "meal": 2, "date": "2023-05-19", "food": "rice", "time": "8:00pm"}}, {"model": "Customer.diettracker", "pk": 1264, "fields": {"customer": 157, "meal": 1, "date": "2023-05-19", "food": "water", "time": "8:00 pm"}}, {"model": "Customer.diettracker", "pk": 1265, "fields": {"customer": 163, "meal": 1, "date": "2023-05-22", "food": "water", "time": "8:00 pm"}}, {"model": "Customer.diettracker", "pk": 1266, "fields": {"customer": 163, "meal": 2, "date": "2023-05-22", "food": "rice", "time": "8:00 pm"}}, {"model": "Customer.diettracker", "pk": 1267, "fields": {"customer": 163, "meal": 3, "date": "2023-05-22", "food": "fruits", "time": "5:00pm"}}, {"model": "Customer.diettracker", "pk": 1268, "fields": {"customer": 163, "meal": 4, "date": "2023-05-22", "food": "rice", "time": "1:00 pm"}}, {"model": "Customer.diettracker", "pk": 1269, "fields": {"customer": 163, "meal": 5, "date": "2023-05-22", "food": "fruits", "time": "11:00 am"}}, {"model": "Customer.diettracker", "pk": 1270, "fields": {"customer": 163, "meal": 6, "date": "2023-05-22", "food": "fruits", "time": "9:30 am"}}, {"model": "Customer.diettracker", "pk": 1271, "fields": {"customer": 163, "meal": 7, "date": "2023-05-22", "food": "tea", "time": "9:30 am"}}, {"model": "Customer.diettracker", "pk": 1272, "fields": {"customer": 157, "meal": 7, "date": "2023-05-23", "food": "tea", "time": "9:30 am"}}, {"model": "Customer.diettracker", "pk": 1273, "fields": {"customer": 157, "meal": 5, "date": "2023-05-23", "food": "rice", "time": "11:00 am"}}, {"model": "Customer.diettracker", "pk": 1274, "fields": {"customer": 157, "meal": 6, "date": "2023-05-23", "food": "fruits", "time": "9:30 am"}}, {"model": "Customer.diettracker", "pk": 1275, "fields": {"customer": 157, "meal": 4, "date": "2023-05-23", "food": "rice", "time": "1:00 pm"}}, {"model": "Customer.diettracker", "pk": 1276, "fields": {"customer": 157, "meal": 3, "date": "2023-05-23", "food": "fruits", "time": "5:00pm"}}, {"model": "Customer.diettracker", "pk": 1277, "fields": {"customer": 157, "meal": 2, "date": "2023-05-23", "food": "rice", "time": "8:00 pm"}}, {"model": "Customer.diettracker", "pk": 1278, "fields": {"customer": 157, "meal": 1, "date": "2023-05-23", "food": "water", "time": "8:00 pm"}}, {"model": "Customer.diettracker", "pk": 1279, "fields": {"customer": 157, "meal": 7, "date": "2023-06-03", "food": "fruits", "time": "9:30 am"}}, {"model": "Customer.diettracker", "pk": 1280, "fields": {"customer": 157, "meal": 6, "date": "2023-06-03", "food": "tea", "time": "11:00 am"}}, {"model": "Customer.diettracker", "pk": 1281, "fields": {"customer": 157, "meal": 5, "date": "2023-06-03", "food": "fruits", "time": "11:00 am"}}, {"model": "Customer.diettracker", "pk": 1282, "fields": {"customer": 157, "meal": 4, "date": "2023-06-03", "food": "rice", "time": "1:00 pm"}}, {"model": "Customer.diettracker", "pk": 1283, "fields": {"customer": 157, "meal": 3, "date": "2023-06-03", "food": "fruits", "time": "5:00pm"}}, {"model": "Customer.diettracker", "pk": 1284, "fields": {"customer": 157, "meal": 2, "date": "2023-06-03", "food": "rice", "time": "8:00 pm"}}, {"model": "Customer.diettracker", "pk": 1285, "fields": {"customer": 157, "meal": 1, "date": "2023-06-03", "food": "water", "time": "9:30 pm"}}, {"model": "Customer.diettracker", "pk": 1286, "fields": {"customer": 157, "meal": 7, "date": "2023-06-04", "food": "tea", "time": "9:30 am"}}, {"model": "Customer.diettracker", "pk": 1287, "fields": {"customer": 157, "meal": 6, "date": "2023-06-04", "food": "fruits", "time": "9:30 am"}}, {"model": "Customer.diettracker", "pk": 1288, "fields": {"customer": 157, "meal": 5, "date": "2023-06-04", "food": "fruits", "time": "11:00 am"}}, {"model": "Customer.diettracker", "pk": 1289, "fields": {"customer": 157, "meal": 4, "date": "2023-06-04", "food": "rice", "time": "1:00 pm"}}, {"model": "Customer.diettracker", "pk": 1290, "fields": {"customer": 157, "meal": 3, "date": "2023-06-04", "food": "fruits", "time": "1:00 pm"}}, {"model": "Customer.diettracker", "pk": 1291, "fields": {"customer": 157, "meal": 2, "date": "2023-06-04", "food": "rice", "time": "5:00pm"}}, {"model": "Customer.diettracker", "pk": 1292, "fields": {"customer": 157, "meal": 1, "date": "2023-06-04", "food": "water", "time": "8:00 pm"}}, {"model": "Customer.diettracker", "pk": 1293, "fields": {"customer": 157, "meal": 7, "date": "2023-06-05", "food": "tea", "time": "9:30 am"}}, {"model": "Customer.diettracker", "pk": 1294, "fields": {"customer": 157, "meal": 6, "date": "2023-06-05", "food": "fruits", "time": "9:30 am"}}, {"model": "Customer.diettracker", "pk": 1295, "fields": {"customer": 157, "meal": 5, "date": "2023-06-05", "food": "fruits", "time": "11:00 am"}}, {"model": "Customer.diettracker", "pk": 1296, "fields": {"customer": 157, "meal": 4, "date": "2023-06-05", "food": "rice", "time": "1:00 pm"}}, {"model": "Customer.diettracker", "pk": 1297, "fields": {"customer": 157, "meal": 2, "date": "2023-06-05", "food": "rice", "time": "5:00pm"}}, {"model": "Customer.diettracker", "pk": 1298, "fields": {"customer": 157, "meal": 1, "date": "2023-06-05", "food": "water", "time": "8:00 pm"}}, {"model": "Customer.diettracker", "pk": 1299, "fields": {"customer": 157, "meal": 1, "date": "2023-06-08", "food": "tea", "time": "9:30 pm"}}, {"model": "Customer.diettracker", "pk": 1300, "fields": {"customer": 157, "meal": 2, "date": "2023-06-08", "food": "rice", "time": "9:30 pm"}}, {"model": "Customer.diettracker", "pk": 1301, "fields": {"customer": 157, "meal": 3, "date": "2023-06-08", "food": "fruits", "time": "5:00pm"}}, {"model": "Customer.diettracker", "pk": 1302, "fields": {"customer": 157, "meal": 4, "date": "2023-06-08", "food": "rice", "time": "1:00 pm"}}, {"model": "Customer.diettracker", "pk": 1303, "fields": {"customer": 157, "meal": 5, "date": "2023-06-08", "food": "fruits", "time": "11:30 am"}}, {"model": "Customer.diettracker", "pk": 1304, "fields": {"customer": 157, "meal": 6, "date": "2023-06-08", "food": "tea", "time": "9:30 am"}}, {"model": "Customer.diettracker", "pk": 1305, "fields": {"customer": 157, "meal": 7, "date": "2023-06-08", "food": "fruits", "time": "9:30 am"}}, {"model": "Customer.diettracker", "pk": 1306, "fields": {"customer": 157, "meal": 7, "date": "2023-06-07", "food": "fruits", "time": "9:30 am"}}, {"model": "Customer.diettracker", "pk": 1307, "fields": {"customer": 157, "meal": 6, "date": "2023-06-07", "food": "tea", "time": "9:30 am"}}, {"model": "Customer.diettracker", "pk": 1308, "fields": {"customer": 157, "meal": 5, "date": "2023-06-07", "food": "fruits", "time": "11:30 am"}}, {"model": "Customer.diettracker", "pk": 1309, "fields": {"customer": 157, "meal": 4, "date": "2023-06-07", "food": "rice", "time": "1:00 pm"}}, {"model": "Customer.diettracker", "pk": 1310, "fields": {"customer": 157, "meal": 2, "date": "2023-06-07", "food": "rice", "time": "9:30 pm"}}, {"model": "Customer.diettracker", "pk": 1311, "fields": {"customer": 157, "meal": 1, "date": "2023-06-07", "food": "tea", "time": "9:30 pm"}}, {"model": "Customer.diettracker", "pk": 1312, "fields": {"customer": 157, "meal": 7, "date": "2023-06-06", "food": "fruits", "time": "9:30 am"}}, {"model": "Customer.diettracker", "pk": 1313, "fields": {"customer": 157, "meal": 6, "date": "2023-06-06", "food": "tea", "time": "9:30 am"}}, {"model": "Customer.diettracker", "pk": 1314, "fields": {"customer": 157, "meal": 5, "date": "2023-06-06", "food": "fruits", "time": "11:30 am"}}, {"model": "Customer.diettracker", "pk": 1315, "fields": {"customer": 157, "meal": 4, "date": "2023-06-06", "food": "rice", "time": "1:00 pm"}}, {"model": "Customer.diettracker", "pk": 1316, "fields": {"customer": 157, "meal": 3, "date": "2023-06-06", "food": "fruits", "time": "5:00pm"}}, {"model": "Customer.diettracker", "pk": 1317, "fields": {"customer": 157, "meal": 2, "date": "2023-06-06", "food": "rice", "time": "9:30 pm"}}, {"model": "Customer.diettracker", "pk": 1318, "fields": {"customer": 157, "meal": 1, "date": "2023-06-06", "food": "tea", "time": "9:30 pm"}}, {"model": "Customer.diettracker", "pk": 1319, "fields": {"customer": 171, "meal": 7, "date": "2023-06-22", "food": "tea", "time": "11.30"}}, {"model": "Customer.diettracker", "pk": 1320, "fields": {"customer": 167, "meal": 7, "date": "2023-06-22", "food": "tea", "time": "11.30"}}, {"model": "Customer.diettracker", "pk": 1321, "fields": {"customer": 168, "meal": 6, "date": "2023-06-22", "food": "meals", "time": "2.00"}}, {"model": "Customer.diettracker", "pk": 1322, "fields": {"customer": 170, "meal": 7, "date": "2023-06-23", "food": "tea", "time": "6"}}, {"model": "Customer.diettracker", "pk": 1323, "fields": {"customer": 157, "meal": 7, "date": "2023-06-23", "food": "tea", "time": "8.00"}}, {"model": "Customer.diettracker", "pk": 1324, "fields": {"customer": 159, "meal": 7, "date": "2023-06-25", "food": "food", "time": "2.00"}}, {"model": "Customer.diettracker", "pk": 1325, "fields": {"customer": 174, "meal": 7, "date": "2023-06-23", "food": "tea", "time": "8.00"}}, {"model": "Customer.diettracker", "pk": 1326, "fields": {"customer": 170, "meal": 7, "date": "2023-06-24", "food": "tea", "time": "6"}}, {"model": "Customer.diettracker", "pk": 1327, "fields": {"customer": 171, "meal": 6, "date": "2023-06-27", "food": "idly", "time": "16;05"}}, {"model": "Customer.diettracker", "pk": 1328, "fields": {"customer": 183, "meal": 7, "date": "2023-06-27", "food": "idly", "time": "16;05"}}, {"model": "Customer.diettracker", "pk": 1329, "fields": {"customer": 157, "meal": 7, "date": "2023-07-02", "food": "Tea", "time": "6.00 am"}}, {"model": "Customer.diettracker", "pk": 1330, "fields": {"customer": 157, "meal": 6, "date": "2023-07-02", "food": "Idly", "time": "8.00 am"}}, {"model": "Customer.medicinetime", "pk": 1, "fields": {"name": "morning before food"}}, {"model": "Customer.medicinetime", "pk": 2, "fields": {"name": "morning after food"}}, {"model": "Customer.medicinetime", "pk": 3, "fields": {"name": "afternoon before food"}}, {"model": "Customer.medicinetime", "pk": 4, "fields": {"name": "afternoon after food"}}, {"model": "Customer.medicinetime", "pk": 5, "fields": {"name": "night before food"}}, {"model": "Customer.medicinetime", "pk": 6, "fields": {"name": "night after food"}}, {"model": "Customer.medicines", "pk": 9, "fields": {"date": "2022-01-15", "customer": 22, "time": 1, "name": "paracetamol"}}, {"model": "Customer.medicines", "pk": 10, "fields": {"date": "2022-01-18", "customer": 22, "time": 6, "name": "dexorange"}}, {"model": "Customer.medicines", "pk": 11, "fields": {"date": "2022-04-28", "customer": 22, "time": 3, "name": "Dolo"}}, {"model": "Customer.medicines", "pk": 12, "fields": {"date": "2022-05-10", "customer": 22, "time": 1, "name": "dsfsdf"}}, {"model": "Customer.medicines", "pk": 13, "fields": {"date": "2022-06-03", "customer": 22, "time": 1, "name": "dolo"}}, {"model": "Customer.medicines", "pk": 14, "fields": {"date": "2022-06-07", "customer": 22, "time": 1, "name": "B"}}, {"model": "Customer.medicines", "pk": 15, "fields": {"date": "2022-06-08", "customer": 22, "time": 2, "name": "A"}}, {"model": "Customer.medicines", "pk": 74, "fields": {"date": "2023-01-24", "customer": 22, "time": 6, "name": "medacine"}}, {"model": "Customer.medicines", "pk": 75, "fields": {"date": "2023-01-24", "customer": 22, "time": 1, "name": "Params"}}, {"model": "Customer.medicines", "pk": 76, "fields": {"date": "2023-03-31", "customer": 148, "time": 1, "name": "paracetamol"}}, {"model": "Customer.medicines", "pk": 77, "fields": {"date": "2023-04-25", "customer": 157, "time": 1, "name": "paracetamol"}}, {"model": "Customer.medicines", "pk": 78, "fields": {"date": "2023-04-25", "customer": 157, "time": 2, "name": "Paracetamol"}}, {"model": "Customer.medicines", "pk": 79, "fields": {"date": "2023-04-25", "customer": 158, "time": 1, "name": "paracetamol"}}, {"model": "Customer.medicines", "pk": 80, "fields": {"date": "2023-04-25", "customer": 159, "time": 4, "name": "paracetamol"}}, {"model": "Customer.medicines", "pk": 81, "fields": {"date": "2023-04-25", "customer": 160, "time": 1, "name": "paracetamol"}}, {"model": "Customer.medicines", "pk": 82, "fields": {"date": "2023-05-22", "customer": 163, "time": 1, "name": "dolo"}}, {"model": "Customer.medicines", "pk": 83, "fields": {"date": "2023-06-27", "customer": 157, "time": 2, "name": null}}, {"model": "Customer.medicines", "pk": 84, "fields": {"date": "2023-06-27", "customer": 157, "time": 1, "name": null}}, {"model": "Customer.medicines", "pk": 85, "fields": {"date": "2023-06-27", "customer": 157, "time": 1, "name": null}}, {"model": "Customer.medicines", "pk": 86, "fields": {"date": "2023-06-27", "customer": 157, "time": 1, "name": "dolo"}}, {"model": "Customer.takenmedicine", "pk": 10, "fields": {"medicine": 9, "customer": 22, "date": "2022-01-15", "taken": true}}, {"model": "Customer.takenmedicine", "pk": 11, "fields": {"medicine": 9, "customer": 22, "date": "2022-01-17", "taken": true}}, {"model": "Customer.takenmedicine", "pk": 12, "fields": {"medicine": 9, "customer": 22, "date": "2022-01-18", "taken": true}}, {"model": "Customer.takenmedicine", "pk": 13, "fields": {"medicine": 10, "customer": 22, "date": "2022-01-18", "taken": true}}, {"model": "Customer.takenmedicine", "pk": 14, "fields": {"medicine": 9, "customer": 22, "date": "2022-02-07", "taken": true}}, {"model": "Customer.takenmedicine", "pk": 15, "fields": {"medicine": 9, "customer": 22, "date": "2022-04-02", "taken": true}}, {"model": "Customer.takenmedicine", "pk": 16, "fields": {"medicine": 10, "customer": 22, "date": "2022-04-02", "taken": true}}, {"model": "Customer.takenmedicine", "pk": 17, "fields": {"medicine": 9, "customer": 22, "date": "2022-04-07", "taken": true}}, {"model": "Customer.takenmedicine", "pk": 18, "fields": {"medicine": 10, "customer": 22, "date": "2022-04-07", "taken": true}}, {"model": "Customer.takenmedicine", "pk": 19, "fields": {"medicine": 9, "customer": 22, "date": "2022-04-16", "taken": true}}, {"model": "Customer.takenmedicine", "pk": 20, "fields": {"medicine": 10, "customer": 22, "date": "2022-04-16", "taken": true}}, {"model": "Customer.takenmedicine", "pk": 21, "fields": {"medicine": 9, "customer": 22, "date": "2022-04-21", "taken": true}}, {"model": "Customer.takenmedicine", "pk": 22, "fields": {"medicine": 9, "customer": 22, "date": "2022-04-23", "taken": false}}, {"model": "Customer.takenmedicine", "pk": 23, "fields": {"medicine": 10, "customer": 22, "date": "2022-04-23", "taken": true}}, {"model": "Customer.takenmedicine", "pk": 24, "fields": {"medicine": 9, "customer": 22, "date": "2022-04-22", "taken": true}}, {"model": "Customer.takenmedicine", "pk": 25, "fields": {"medicine": 9, "customer": 22, "date": "2022-04-25", "taken": true}}, {"model": "Customer.takenmedicine", "pk": 26, "fields": {"medicine": 10, "customer": 22, "date": "2022-04-25", "taken": true}}, {"model": "Customer.takenmedicine", "pk": 27, "fields": {"medicine": 9, "customer": 22, "date": "2022-04-11", "taken": true}}, {"model": "Customer.takenmedicine", "pk": 28, "fields": {"medicine": 9, "customer": 22, "date": "2022-04-28", "taken": true}}, {"model": "Customer.takenmedicine", "pk": 29, "fields": {"medicine": 10, "customer": 22, "date": "2022-04-28", "taken": true}}, {"model": "Customer.takenmedicine", "pk": 30, "fields": {"medicine": 11, "customer": 22, "date": "2022-04-28", "taken": true}}, {"model": "Customer.takenmedicine", "pk": 31, "fields": {"medicine": 9, "customer": 22, "date": "2022-04-29", "taken": true}}, {"model": "Customer.takenmedicine", "pk": 32, "fields": {"medicine": 11, "customer": 22, "date": "2022-04-29", "taken": true}}, {"model": "Customer.takenmedicine", "pk": 33, "fields": {"medicine": 10, "customer": 22, "date": "2022-04-29", "taken": true}}, {"model": "Customer.takenmedicine", "pk": 34, "fields": {"medicine": 10, "customer": 22, "date": "2022-04-30", "taken": true}}, {"model": "Customer.takenmedicine", "pk": 35, "fields": {"medicine": 9, "customer": 22, "date": "2022-04-30", "taken": true}}, {"model": "Customer.takenmedicine", "pk": 36, "fields": {"medicine": 11, "customer": 22, "date": "2022-05-02", "taken": true}}, {"model": "Customer.takenmedicine", "pk": 37, "fields": {"medicine": 9, "customer": 22, "date": "2022-05-10", "taken": true}}, {"model": "Customer.takenmedicine", "pk": 38, "fields": {"medicine": 10, "customer": 22, "date": "2022-05-10", "taken": true}}, {"model": "Customer.takenmedicine", "pk": 39, "fields": {"medicine": 9, "customer": 22, "date": "2022-05-16", "taken": true}}, {"model": "Customer.takenmedicine", "pk": 40, "fields": {"medicine": 12, "customer": 22, "date": "2022-05-16", "taken": true}}, {"model": "Customer.takenmedicine", "pk": 41, "fields": {"medicine": 11, "customer": 22, "date": "2022-05-16", "taken": true}}, {"model": "Customer.takenmedicine", "pk": 42, "fields": {"medicine": 10, "customer": 22, "date": "2022-05-16", "taken": true}}, {"model": "Customer.takenmedicine", "pk": 43, "fields": {"medicine": 9, "customer": 22, "date": "2022-05-19", "taken": true}}, {"model": "Customer.takenmedicine", "pk": 44, "fields": {"medicine": 12, "customer": 22, "date": "2022-05-19", "taken": true}}, {"model": "Customer.takenmedicine", "pk": 45, "fields": {"medicine": 11, "customer": 22, "date": "2022-05-19", "taken": true}}, {"model": "Customer.takenmedicine", "pk": 46, "fields": {"medicine": 9, "customer": 22, "date": "2022-05-23", "taken": false}}, {"model": "Customer.takenmedicine", "pk": 47, "fields": {"medicine": 11, "customer": 22, "date": "2022-05-23", "taken": true}}, {"model": "Customer.takenmedicine", "pk": 48, "fields": {"medicine": 11, "customer": 22, "date": "2022-05-25", "taken": true}}, {"model": "Customer.takenmedicine", "pk": 49, "fields": {"medicine": 9, "customer": 22, "date": "2022-05-25", "taken": false}}, {"model": "Customer.takenmedicine", "pk": 50, "fields": {"medicine": 12, "customer": 22, "date": "2022-05-25", "taken": true}}, {"model": "Customer.takenmedicine", "pk": 51, "fields": {"medicine": 10, "customer": 22, "date": "2022-05-25", "taken": true}}, {"model": "Customer.takenmedicine", "pk": 52, "fields": {"medicine": 9, "customer": 22, "date": "2022-05-28", "taken": true}}, {"model": "Customer.takenmedicine", "pk": 53, "fields": {"medicine": 11, "customer": 22, "date": "2022-05-28", "taken": true}}, {"model": "Customer.takenmedicine", "pk": 54, "fields": {"medicine": 12, "customer": 22, "date": "2022-05-28", "taken": false}}, {"model": "Customer.takenmedicine", "pk": 55, "fields": {"medicine": 11, "customer": 22, "date": "2022-05-30", "taken": true}}, {"model": "Customer.takenmedicine", "pk": 56, "fields": {"medicine": 10, "customer": 22, "date": "2022-05-30", "taken": true}}, {"model": "Customer.takenmedicine", "pk": 57, "fields": {"medicine": 9, "customer": 22, "date": "2022-05-31", "taken": true}}, {"model": "Customer.takenmedicine", "pk": 58, "fields": {"medicine": 11, "customer": 22, "date": "2022-05-31", "taken": true}}, {"model": "Customer.takenmedicine", "pk": 59, "fields": {"medicine": 13, "customer": 22, "date": "2022-06-03", "taken": false}}, {"model": "Customer.takenmedicine", "pk": 60, "fields": {"medicine": 9, "customer": 22, "date": "2022-06-03", "taken": true}}, {"model": "Customer.takenmedicine", "pk": 61, "fields": {"medicine": 13, "customer": 22, "date": "2022-06-06", "taken": true}}, {"model": "Customer.takenmedicine", "pk": 62, "fields": {"medicine": 11, "customer": 22, "date": "2022-06-06", "taken": true}}, {"model": "Customer.takenmedicine", "pk": 63, "fields": {"medicine": 9, "customer": 22, "date": "2022-06-07", "taken": true}}, {"model": "Customer.takenmedicine", "pk": 64, "fields": {"medicine": 12, "customer": 22, "date": "2022-06-07", "taken": true}}, {"model": "Customer.takenmedicine", "pk": 65, "fields": {"medicine": 11, "customer": 22, "date": "2022-06-07", "taken": true}}, {"model": "Customer.takenmedicine", "pk": 66, "fields": {"medicine": 9, "customer": 22, "date": "2022-06-08", "taken": true}}, {"model": "Customer.takenmedicine", "pk": 67, "fields": {"medicine": 13, "customer": 22, "date": "2022-06-08", "taken": true}}, {"model": "Customer.takenmedicine", "pk": 68, "fields": {"medicine": 12, "customer": 22, "date": "2022-06-08", "taken": true}}, {"model": "Customer.takenmedicine", "pk": 69, "fields": {"medicine": 11, "customer": 22, "date": "2022-06-08", "taken": true}}, {"model": "Customer.takenmedicine", "pk": 70, "fields": {"medicine": 10, "customer": 22, "date": "2022-06-08", "taken": true}}, {"model": "Customer.takenmedicine", "pk": 71, "fields": {"medicine": 9, "customer": 22, "date": "2022-06-10", "taken": true}}, {"model": "Customer.takenmedicine", "pk": 72, "fields": {"medicine": 12, "customer": 22, "date": "2022-06-10", "taken": true}}, {"model": "Customer.takenmedicine", "pk": 73, "fields": {"medicine": 15, "customer": 22, "date": "2022-06-10", "taken": true}}, {"model": "Customer.takenmedicine", "pk": 74, "fields": {"medicine": 10, "customer": 22, "date": "2022-06-10", "taken": true}}, {"model": "Customer.takenmedicine", "pk": 75, "fields": {"medicine": 9, "customer": 22, "date": "2022-06-11", "taken": true}}, {"model": "Customer.takenmedicine", "pk": 76, "fields": {"medicine": 12, "customer": 22, "date": "2022-06-11", "taken": true}}, {"model": "Customer.takenmedicine", "pk": 77, "fields": {"medicine": 13, "customer": 22, "date": "2022-06-11", "taken": true}}, {"model": "Customer.takenmedicine", "pk": 78, "fields": {"medicine": 15, "customer": 22, "date": "2022-06-11", "taken": true}}, {"model": "Customer.takenmedicine", "pk": 79, "fields": {"medicine": 9, "customer": 22, "date": "2022-06-13", "taken": true}}, {"model": "Customer.takenmedicine", "pk": 80, "fields": {"medicine": 12, "customer": 22, "date": "2022-06-13", "taken": true}}, {"model": "Customer.takenmedicine", "pk": 81, "fields": {"medicine": 15, "customer": 22, "date": "2022-06-13", "taken": true}}, {"model": "Customer.takenmedicine", "pk": 82, "fields": {"medicine": 11, "customer": 22, "date": "2022-06-14", "taken": true}}, {"model": "Customer.takenmedicine", "pk": 83, "fields": {"medicine": 9, "customer": 22, "date": "2022-06-14", "taken": true}}, {"model": "Customer.takenmedicine", "pk": 84, "fields": {"medicine": 10, "customer": 22, "date": "2022-06-14", "taken": true}}, {"model": "Customer.takenmedicine", "pk": 88, "fields": {"medicine": 9, "customer": 22, "date": "2022-06-22", "taken": true}}, {"model": "Customer.takenmedicine", "pk": 89, "fields": {"medicine": 12, "customer": 22, "date": "2022-06-22", "taken": true}}, {"model": "Customer.takenmedicine", "pk": 90, "fields": {"medicine": 15, "customer": 22, "date": "2022-06-22", "taken": true}}, {"model": "Customer.takenmedicine", "pk": 91, "fields": {"medicine": 11, "customer": 22, "date": "2022-06-22", "taken": true}}, {"model": "Customer.takenmedicine", "pk": 92, "fields": {"medicine": 10, "customer": 22, "date": "2022-06-22", "taken": true}}, {"model": "Customer.takenmedicine", "pk": 93, "fields": {"medicine": 9, "customer": 22, "date": "2022-06-24", "taken": true}}, {"model": "Customer.takenmedicine", "pk": 94, "fields": {"medicine": 13, "customer": 22, "date": "2022-06-24", "taken": true}}, {"model": "Customer.takenmedicine", "pk": 95, "fields": {"medicine": 15, "customer": 22, "date": "2022-06-24", "taken": true}}, {"model": "Customer.takenmedicine", "pk": 96, "fields": {"medicine": 9, "customer": 22, "date": "2022-06-25", "taken": true}}, {"model": "Customer.takenmedicine", "pk": 97, "fields": {"medicine": 9, "customer": 22, "date": "2022-07-05", "taken": true}}, {"model": "Customer.takenmedicine", "pk": 99, "fields": {"medicine": 9, "customer": 22, "date": "2022-07-07", "taken": true}}, {"model": "Customer.takenmedicine", "pk": 206, "fields": {"medicine": 9, "customer": 22, "date": "2022-07-16", "taken": true}}, {"model": "Customer.takenmedicine", "pk": 207, "fields": {"medicine": 13, "customer": 22, "date": "2022-07-16", "taken": true}}, {"model": "Customer.takenmedicine", "pk": 252, "fields": {"medicine": 9, "customer": 22, "date": "2022-07-21", "taken": true}}, {"model": "Customer.takenmedicine", "pk": 253, "fields": {"medicine": 12, "customer": 22, "date": "2022-07-21", "taken": true}}, {"model": "Customer.takenmedicine", "pk": 254, "fields": {"medicine": 10, "customer": 22, "date": "2022-07-21", "taken": true}}, {"model": "Customer.takenmedicine", "pk": 255, "fields": {"medicine": 13, "customer": 22, "date": "2022-07-21", "taken": true}}, {"model": "Customer.takenmedicine", "pk": 267, "fields": {"medicine": 10, "customer": 22, "date": "2022-07-22", "taken": true}}, {"model": "Customer.takenmedicine", "pk": 268, "fields": {"medicine": 11, "customer": 22, "date": "2022-07-22", "taken": true}}, {"model": "Customer.takenmedicine", "pk": 282, "fields": {"medicine": 10, "customer": 22, "date": "2022-07-25", "taken": true}}, {"model": "Customer.takenmedicine", "pk": 283, "fields": {"medicine": 9, "customer": 22, "date": "2022-07-25", "taken": true}}, {"model": "Customer.takenmedicine", "pk": 289, "fields": {"medicine": 9, "customer": 22, "date": "2022-07-26", "taken": true}}, {"model": "Customer.takenmedicine", "pk": 356, "fields": {"medicine": 13, "customer": 22, "date": "2022-08-08", "taken": true}}, {"model": "Customer.takenmedicine", "pk": 357, "fields": {"medicine": 10, "customer": 22, "date": "2022-08-08", "taken": true}}, {"model": "Customer.takenmedicine", "pk": 358, "fields": {"medicine": 13, "customer": 22, "date": "2022-08-09", "taken": true}}, {"model": "Customer.takenmedicine", "pk": 359, "fields": {"medicine": 10, "customer": 22, "date": "2022-08-09", "taken": true}}, {"model": "Customer.takenmedicine", "pk": 375, "fields": {"medicine": 13, "customer": 22, "date": "2022-08-10", "taken": true}}, {"model": "Customer.takenmedicine", "pk": 376, "fields": {"medicine": 10, "customer": 22, "date": "2022-08-10", "taken": true}}, {"model": "Customer.takenmedicine", "pk": 379, "fields": {"medicine": 10, "customer": 22, "date": "2022-08-11", "taken": true}}, {"model": "Customer.takenmedicine", "pk": 380, "fields": {"medicine": 13, "customer": 22, "date": "2022-08-11", "taken": true}}, {"model": "Customer.takenmedicine", "pk": 384, "fields": {"medicine": 9, "customer": 22, "date": "2022-08-13", "taken": true}}, {"model": "Customer.takenmedicine", "pk": 385, "fields": {"medicine": 11, "customer": 22, "date": "2022-08-13", "taken": true}}, {"model": "Customer.takenmedicine", "pk": 386, "fields": {"medicine": 10, "customer": 22, "date": "2022-08-13", "taken": true}}, {"model": "Customer.takenmedicine", "pk": 393, "fields": {"medicine": 9, "customer": 22, "date": "2022-08-16", "taken": true}}, {"model": "Customer.takenmedicine", "pk": 394, "fields": {"medicine": 12, "customer": 22, "date": "2022-08-16", "taken": true}}, {"model": "Customer.takenmedicine", "pk": 395, "fields": {"medicine": 11, "customer": 22, "date": "2022-08-16", "taken": true}}, {"model": "Customer.takenmedicine", "pk": 396, "fields": {"medicine": 9, "customer": 22, "date": "2022-08-17", "taken": false}}, {"model": "Customer.takenmedicine", "pk": 397, "fields": {"medicine": 11, "customer": 22, "date": "2022-08-17", "taken": true}}, {"model": "Customer.takenmedicine", "pk": 398, "fields": {"medicine": 12, "customer": 22, "date": "2022-08-17", "taken": true}}, {"model": "Customer.takenmedicine", "pk": 399, "fields": {"medicine": 13, "customer": 22, "date": "2022-08-17", "taken": false}}, {"model": "Customer.takenmedicine", "pk": 400, "fields": {"medicine": 10, "customer": 22, "date": "2022-08-17", "taken": true}}, {"model": "Customer.takenmedicine", "pk": 401, "fields": {"medicine": 15, "customer": 22, "date": "2022-08-17", "taken": true}}, {"model": "Customer.takenmedicine", "pk": 402, "fields": {"medicine": 9, "customer": 22, "date": "2022-08-18", "taken": true}}, {"model": "Customer.takenmedicine", "pk": 403, "fields": {"medicine": 15, "customer": 22, "date": "2022-08-18", "taken": true}}, {"model": "Customer.takenmedicine", "pk": 404, "fields": {"medicine": 10, "customer": 22, "date": "2022-08-18", "taken": true}}, {"model": "Customer.takenmedicine", "pk": 432, "fields": {"medicine": 9, "customer": 22, "date": "2022-08-19", "taken": true}}, {"model": "Customer.takenmedicine", "pk": 433, "fields": {"medicine": 11, "customer": 22, "date": "2022-08-19", "taken": true}}, {"model": "Customer.takenmedicine", "pk": 437, "fields": {"medicine": 9, "customer": 22, "date": "2022-08-22", "taken": true}}, {"model": "Customer.takenmedicine", "pk": 438, "fields": {"medicine": 11, "customer": 22, "date": "2022-08-22", "taken": true}}, {"model": "Customer.takenmedicine", "pk": 460, "fields": {"medicine": 9, "customer": 22, "date": "2022-08-26", "taken": true}}, {"model": "Customer.takenmedicine", "pk": 461, "fields": {"medicine": 11, "customer": 22, "date": "2022-08-26", "taken": true}}, {"model": "Customer.takenmedicine", "pk": 468, "fields": {"medicine": 9, "customer": 22, "date": "2022-08-30", "taken": true}}, {"model": "Customer.takenmedicine", "pk": 469, "fields": {"medicine": 11, "customer": 22, "date": "2022-08-30", "taken": true}}, {"model": "Customer.takenmedicine", "pk": 473, "fields": {"medicine": 9, "customer": 22, "date": "2022-08-31", "taken": true}}, {"model": "Customer.takenmedicine", "pk": 474, "fields": {"medicine": 11, "customer": 22, "date": "2022-08-31", "taken": true}}, {"model": "Customer.takenmedicine", "pk": 482, "fields": {"medicine": 9, "customer": 22, "date": "2022-09-10", "taken": true}}, {"model": "Customer.takenmedicine", "pk": 483, "fields": {"medicine": 13, "customer": 22, "date": "2022-09-10", "taken": true}}, {"model": "Customer.takenmedicine", "pk": 487, "fields": {"medicine": 13, "customer": 22, "date": "2022-09-20", "taken": true}}, {"model": "Customer.takenmedicine", "pk": 488, "fields": {"medicine": 10, "customer": 22, "date": "2022-09-20", "taken": true}}, {"model": "Customer.takenmedicine", "pk": 489, "fields": {"medicine": 10, "customer": 22, "date": "2022-09-21", "taken": true}}, {"model": "Customer.takenmedicine", "pk": 490, "fields": {"medicine": 11, "customer": 22, "date": "2022-09-21", "taken": true}}, {"model": "Customer.takenmedicine", "pk": 491, "fields": {"medicine": 9, "customer": 22, "date": "2022-09-24", "taken": true}}, {"model": "Customer.takenmedicine", "pk": 492, "fields": {"medicine": 9, "customer": 22, "date": "2022-09-26", "taken": true}}, {"model": "Customer.takenmedicine", "pk": 493, "fields": {"medicine": 11, "customer": 22, "date": "2022-09-26", "taken": true}}, {"model": "Customer.takenmedicine", "pk": 494, "fields": {"medicine": 9, "customer": 22, "date": "2022-10-01", "taken": true}}, {"model": "Customer.takenmedicine", "pk": 495, "fields": {"medicine": 11, "customer": 22, "date": "2022-10-01", "taken": true}}, {"model": "Customer.takenmedicine", "pk": 496, "fields": {"medicine": 9, "customer": 22, "date": "2022-10-03", "taken": true}}, {"model": "Customer.takenmedicine", "pk": 497, "fields": {"medicine": 11, "customer": 22, "date": "2022-10-03", "taken": true}}, {"model": "Customer.takenmedicine", "pk": 498, "fields": {"medicine": 10, "customer": 22, "date": "2022-10-03", "taken": true}}, {"model": "Customer.takenmedicine", "pk": 499, "fields": {"medicine": 10, "customer": 22, "date": "2022-10-06", "taken": true}}, {"model": "Customer.takenmedicine", "pk": 500, "fields": {"medicine": 9, "customer": 22, "date": "2022-10-11", "taken": true}}, {"model": "Customer.takenmedicine", "pk": 501, "fields": {"medicine": 9, "customer": 22, "date": "2022-10-12", "taken": true}}, {"model": "Customer.takenmedicine", "pk": 502, "fields": {"medicine": 15, "customer": 22, "date": "2022-10-12", "taken": true}}, {"model": "Customer.takenmedicine", "pk": 503, "fields": {"medicine": 10, "customer": 22, "date": "2022-10-12", "taken": true}}, {"model": "Customer.takenmedicine", "pk": 505, "fields": {"medicine": 9, "customer": 22, "date": "2022-10-14", "taken": true}}, {"model": "Customer.takenmedicine", "pk": 506, "fields": {"medicine": 10, "customer": 22, "date": "2022-10-14", "taken": true}}, {"model": "Customer.takenmedicine", "pk": 507, "fields": {"medicine": 9, "customer": 22, "date": "2022-10-16", "taken": true}}, {"model": "Customer.takenmedicine", "pk": 508, "fields": {"medicine": 11, "customer": 22, "date": "2022-10-16", "taken": true}}, {"model": "Customer.takenmedicine", "pk": 509, "fields": {"medicine": 9, "customer": 22, "date": "2022-10-17", "taken": true}}, {"model": "Customer.takenmedicine", "pk": 510, "fields": {"medicine": 10, "customer": 22, "date": "2022-10-17", "taken": true}}, {"model": "Customer.takenmedicine", "pk": 511, "fields": {"medicine": 9, "customer": 22, "date": "2022-10-27", "taken": true}}, {"model": "Customer.takenmedicine", "pk": 512, "fields": {"medicine": 9, "customer": 22, "date": "2022-11-01", "taken": true}}, {"model": "Customer.takenmedicine", "pk": 513, "fields": {"medicine": 9, "customer": 22, "date": "2022-11-07", "taken": true}}, {"model": "Customer.takenmedicine", "pk": 514, "fields": {"medicine": 9, "customer": 22, "date": "2022-11-22", "taken": true}}, {"model": "Customer.takenmedicine", "pk": 515, "fields": {"medicine": 9, "customer": 22, "date": "2022-12-11", "taken": true}}, {"model": "Customer.takenmedicine", "pk": 516, "fields": {"medicine": 15, "customer": 22, "date": "2022-12-11", "taken": true}}, {"model": "Customer.takenmedicine", "pk": 517, "fields": {"medicine": 9, "customer": 22, "date": "2022-12-14", "taken": true}}, {"model": "Customer.takenmedicine", "pk": 518, "fields": {"medicine": 13, "customer": 22, "date": "2022-12-14", "taken": true}}, {"model": "Customer.takenmedicine", "pk": 519, "fields": {"medicine": 15, "customer": 22, "date": "2022-12-14", "taken": true}}, {"model": "Customer.takenmedicine", "pk": 520, "fields": {"medicine": 14, "customer": 22, "date": "2022-12-14", "taken": true}}, {"model": "Customer.takenmedicine", "pk": 521, "fields": {"medicine": 9, "customer": 22, "date": "2022-12-13", "taken": true}}, {"model": "Customer.takenmedicine", "pk": 522, "fields": {"medicine": 13, "customer": 22, "date": "2022-12-13", "taken": true}}, {"model": "Customer.takenmedicine", "pk": 523, "fields": {"medicine": 10, "customer": 22, "date": "2022-12-13", "taken": true}}, {"model": "Customer.takenmedicine", "pk": 524, "fields": {"medicine": 9, "customer": 22, "date": "2022-12-12", "taken": true}}, {"model": "Customer.takenmedicine", "pk": 525, "fields": {"medicine": 11, "customer": 22, "date": "2022-12-12", "taken": true}}, {"model": "Customer.takenmedicine", "pk": 526, "fields": {"medicine": 9, "customer": 22, "date": "2022-12-10", "taken": true}}, {"model": "Customer.takenmedicine", "pk": 527, "fields": {"medicine": 12, "customer": 22, "date": "2022-12-10", "taken": true}}, {"model": "Customer.takenmedicine", "pk": 528, "fields": {"medicine": 9, "customer": 22, "date": "2022-12-09", "taken": true}}, {"model": "Customer.takenmedicine", "pk": 529, "fields": {"medicine": 9, "customer": 22, "date": "2022-12-08", "taken": true}}, {"model": "Customer.takenmedicine", "pk": 530, "fields": {"medicine": 12, "customer": 22, "date": "2022-12-08", "taken": true}}, {"model": "Customer.takenmedicine", "pk": 531, "fields": {"medicine": 10, "customer": 22, "date": "2022-12-07", "taken": true}}, {"model": "Customer.takenmedicine", "pk": 532, "fields": {"medicine": 9, "customer": 22, "date": "2022-12-07", "taken": true}}, {"model": "Customer.takenmedicine", "pk": 533, "fields": {"medicine": 9, "customer": 22, "date": "2022-12-16", "taken": true}}, {"model": "Customer.takenmedicine", "pk": 534, "fields": {"medicine": 9, "customer": 22, "date": "2022-12-30", "taken": false}}, {"model": "Customer.takenmedicine", "pk": 535, "fields": {"medicine": 12, "customer": 22, "date": "2022-12-30", "taken": true}}, {"model": "Customer.takenmedicine", "pk": 536, "fields": {"medicine": 15, "customer": 22, "date": "2022-12-30", "taken": true}}, {"model": "Customer.takenmedicine", "pk": 537, "fields": {"medicine": 9, "customer": 22, "date": "2023-01-21", "taken": true}}, {"model": "Customer.takenmedicine", "pk": 538, "fields": {"medicine": 11, "customer": 22, "date": "2023-01-21", "taken": true}}, {"model": "Customer.takenmedicine", "pk": 539, "fields": {"medicine": 13, "customer": 22, "date": "2023-01-24", "taken": true}}, {"model": "Customer.takenmedicine", "pk": 540, "fields": {"medicine": 9, "customer": 22, "date": "2023-01-24", "taken": true}}, {"model": "Customer.takenmedicine", "pk": 541, "fields": {"medicine": 14, "customer": 22, "date": "2023-01-24", "taken": true}}, {"model": "Customer.takenmedicine", "pk": 542, "fields": {"medicine": 12, "customer": 22, "date": "2023-01-24", "taken": true}}, {"model": "Customer.takenmedicine", "pk": 543, "fields": {"medicine": 15, "customer": 22, "date": "2023-01-24", "taken": true}}, {"model": "Customer.takenmedicine", "pk": 544, "fields": {"medicine": 11, "customer": 22, "date": "2023-01-24", "taken": true}}, {"model": "Customer.takenmedicine", "pk": 545, "fields": {"medicine": 9, "customer": 22, "date": "2023-01-17", "taken": true}}, {"model": "Customer.takenmedicine", "pk": 546, "fields": {"medicine": 75, "customer": 22, "date": "2023-01-24", "taken": true}}, {"model": "Customer.takenmedicine", "pk": 547, "fields": {"medicine": 9, "customer": 22, "date": "2023-01-31", "taken": true}}, {"model": "Customer.takenmedicine", "pk": 548, "fields": {"medicine": 10, "customer": 22, "date": "2023-02-06", "taken": true}}, {"model": "Customer.takenmedicine", "pk": 549, "fields": {"medicine": 74, "customer": 22, "date": "2023-02-06", "taken": true}}, {"model": "Customer.takenmedicine", "pk": 550, "fields": {"medicine": 9, "customer": 22, "date": "2023-02-06", "taken": true}}, {"model": "Customer.takenmedicine", "pk": 551, "fields": {"medicine": 75, "customer": 22, "date": "2023-02-23", "taken": true}}, {"model": "Customer.takenmedicine", "pk": 552, "fields": {"medicine": 10, "customer": 22, "date": "2023-02-23", "taken": true}}, {"model": "Customer.takenmedicine", "pk": 553, "fields": {"medicine": 74, "customer": 22, "date": "2023-02-23", "taken": true}}, {"model": "Customer.takenmedicine", "pk": 554, "fields": {"medicine": 11, "customer": 22, "date": "2023-02-07", "taken": true}}, {"model": "Customer.takenmedicine", "pk": 555, "fields": {"medicine": 74, "customer": 22, "date": "2023-02-07", "taken": true}}, {"model": "Customer.takenmedicine", "pk": 556, "fields": {"medicine": 10, "customer": 22, "date": "2023-02-07", "taken": false}}, {"model": "Customer.takenmedicine", "pk": 557, "fields": {"medicine": 10, "customer": 22, "date": "2023-02-10", "taken": true}}, {"model": "Customer.takenmedicine", "pk": 558, "fields": {"medicine": 74, "customer": 22, "date": "2023-02-10", "taken": true}}, {"model": "Customer.takenmedicine", "pk": 559, "fields": {"medicine": 10, "customer": 22, "date": "2023-02-18", "taken": true}}, {"model": "Customer.takenmedicine", "pk": 560, "fields": {"medicine": 11, "customer": 22, "date": "2023-02-18", "taken": true}}, {"model": "Customer.takenmedicine", "pk": 561, "fields": {"medicine": 10, "customer": 22, "date": "2023-03-07", "taken": true}}, {"model": "Customer.takenmedicine", "pk": 562, "fields": {"medicine": 11, "customer": 22, "date": "2023-03-07", "taken": true}}, {"model": "Customer.takenmedicine", "pk": 563, "fields": {"medicine": 9, "customer": 22, "date": "2023-03-23", "taken": true}}, {"model": "Customer.takenmedicine", "pk": 564, "fields": {"medicine": 9, "customer": 22, "date": "2023-03-24", "taken": true}}, {"model": "Customer.takenmedicine", "pk": 565, "fields": {"medicine": 76, "customer": 148, "date": "2023-03-31", "taken": true}}, {"model": "Customer.takenmedicine", "pk": 566, "fields": {"medicine": 76, "customer": 148, "date": "2023-04-08", "taken": true}}, {"model": "Customer.takenmedicine", "pk": 567, "fields": {"medicine": 76, "customer": 148, "date": "2023-04-11", "taken": true}}, {"model": "Customer.takenmedicine", "pk": 568, "fields": {"medicine": 76, "customer": 148, "date": "2023-04-13", "taken": true}}, {"model": "Customer.takenmedicine", "pk": 569, "fields": {"medicine": 77, "customer": 157, "date": "2023-04-25", "taken": true}}, {"model": "Customer.takenmedicine", "pk": 570, "fields": {"medicine": 79, "customer": 158, "date": "2023-04-25", "taken": true}}, {"model": "Customer.takenmedicine", "pk": 571, "fields": {"medicine": 80, "customer": 159, "date": "2023-04-25", "taken": true}}, {"model": "Customer.takenmedicine", "pk": 572, "fields": {"medicine": 81, "customer": 160, "date": "2023-04-25", "taken": true}}, {"model": "Customer.takenmedicine", "pk": 573, "fields": {"medicine": 78, "customer": 157, "date": "2023-05-04", "taken": true}}, {"model": "Customer.takenmedicine", "pk": 574, "fields": {"medicine": 77, "customer": 157, "date": "2023-05-04", "taken": false}}, {"model": "Customer.takenmedicine", "pk": 575, "fields": {"medicine": 77, "customer": 157, "date": "2023-05-07", "taken": true}}, {"model": "Customer.takenmedicine", "pk": 576, "fields": {"medicine": 78, "customer": 157, "date": "2023-05-07", "taken": true}}, {"model": "Customer.takenmedicine", "pk": 577, "fields": {"medicine": 78, "customer": 157, "date": "2023-05-08", "taken": true}}, {"model": "Customer.takenmedicine", "pk": 578, "fields": {"medicine": 77, "customer": 157, "date": "2023-05-06", "taken": true}}, {"model": "Customer.takenmedicine", "pk": 579, "fields": {"medicine": 78, "customer": 157, "date": "2023-05-05", "taken": true}}, {"model": "Customer.takenmedicine", "pk": 580, "fields": {"medicine": 78, "customer": 157, "date": "2023-05-03", "taken": true}}, {"model": "Customer.takenmedicine", "pk": 581, "fields": {"medicine": 78, "customer": 157, "date": "2023-05-02", "taken": true}}, {"model": "Customer.takenmedicine", "pk": 582, "fields": {"medicine": 78, "customer": 157, "date": "2023-05-01", "taken": true}}, {"model": "Customer.takenmedicine", "pk": 583, "fields": {"medicine": 78, "customer": 157, "date": "2023-05-09", "taken": true}}, {"model": "Customer.takenmedicine", "pk": 584, "fields": {"medicine": 77, "customer": 157, "date": "2023-05-09", "taken": true}}, {"model": "Customer.takenmedicine", "pk": 585, "fields": {"medicine": 78, "customer": 157, "date": "2023-05-22", "taken": true}}, {"model": "Customer.takenmedicine", "pk": 586, "fields": {"medicine": 78, "customer": 157, "date": "2023-05-21", "taken": true}}, {"model": "Customer.takenmedicine", "pk": 587, "fields": {"medicine": 78, "customer": 157, "date": "2023-05-20", "taken": true}}, {"model": "Customer.takenmedicine", "pk": 588, "fields": {"medicine": 77, "customer": 157, "date": "2023-05-20", "taken": true}}, {"model": "Customer.takenmedicine", "pk": 589, "fields": {"medicine": 78, "customer": 157, "date": "2023-05-19", "taken": true}}, {"model": "Customer.takenmedicine", "pk": 590, "fields": {"medicine": 82, "customer": 163, "date": "2023-05-22", "taken": true}}, {"model": "Customer.takenmedicine", "pk": 591, "fields": {"medicine": 78, "customer": 157, "date": "2023-05-23", "taken": true}}, {"model": "Customer.takenmedicine", "pk": 592, "fields": {"medicine": 78, "customer": 157, "date": "2023-06-05", "taken": true}}, {"model": "Customer.takenmedicine", "pk": 593, "fields": {"medicine": 78, "customer": 157, "date": "2023-06-04", "taken": true}}, {"model": "Customer.takenmedicine", "pk": 594, "fields": {"medicine": 78, "customer": 157, "date": "2023-06-03", "taken": true}}, {"model": "Customer.takenmedicine", "pk": 595, "fields": {"medicine": 78, "customer": 157, "date": "2023-06-08", "taken": true}}, {"model": "Customer.takenmedicine", "pk": 596, "fields": {"medicine": 78, "customer": 157, "date": "2023-06-07", "taken": true}}, {"model": "Customer.takenmedicine", "pk": 597, "fields": {"medicine": 78, "customer": 157, "date": "2023-06-06", "taken": true}}, {"model": "Customer.takenmedicine", "pk": 598, "fields": {"medicine": 77, "customer": 157, "date": "2023-06-22", "taken": false}}, {"model": "Customer.takenmedicine", "pk": 599, "fields": {"medicine": 79, "customer": 158, "date": "2023-06-23", "taken": true}}, {"model": "Customer.takenmedicine", "pk": 600, "fields": {"medicine": 82, "customer": 163, "date": "2023-06-23", "taken": true}}, {"model": "Customer.takenmedicine", "pk": 601, "fields": {"medicine": 81, "customer": 160, "date": "2023-06-23", "taken": true}}, {"model": "Customer.takenmedicine", "pk": 602, "fields": {"medicine": 77, "customer": 157, "date": "2023-07-02", "taken": true}}, {"model": "Customer.symptomscategory", "pk": "Abdomen", "fields": {}}, {"model": "Customer.symptomscategory", "pk": "Chest", "fields": {}}, {"model": "Customer.symptomscategory", "pk": "Head", "fields": {}}, {"model": "Customer.symptomscategory", "pk": "Legs", "fields": {}}, {"model": "Customer.symptomscategory", "pk": "Mental Health", "fields": {}}, {"model": "Customer.symptomscategory", "pk": "Other", "fields": {}}, {"model": "Customer.symptomscategory", "pk": "Pelvis", "fields": {}}, {"model": "Customer.symptoms", "pk": 1, "fields": {"category": "Abdomen", "name": "cramps", "criticality": null, "complication": [13]}}, {"model": "Customer.symptoms", "pk": 2, "fields": {"category": "Abdomen", "name": "Abdomen Pain", "criticality": null, "complication": [8, 12, 17, 18, 21]}}, {"model": "Customer.symptoms", "pk": 4, "fields": {"category": "Other", "name": "Weakness", "criticality": null, "complication": []}}, {"model": "Customer.symptoms", "pk": 5, "fields": {"category": "Abdomen", "name": "back pain", "criticality": null, "complication": [8, 10, 12, 13]}}, {"model": "Customer.symptoms", "pk": 6, "fields": {"category": "Other", "name": "Fever", "criticality": 2, "complication": []}}, {"model": "Customer.symptoms", "pk": 7, "fields": {"category": "Pelvis", "name": "White-pink mucus", "criticality": null, "complication": [8, 11]}}, {"model": "Customer.symptoms", "pk": 8, "fields": {"category": "Abdomen", "name": "Contractions", "criticality": 3, "complication": [11, 12, 13, 15]}}, {"model": "Customer.symptoms", "pk": 9, "fields": {"category": "Head", "name": "Nausea", "criticality": null, "complication": [9, 10, 18, 21]}}, {"model": "Customer.symptoms", "pk": 10, "fields": {"category": "Other", "name": "tiredness", "criticality": null, "complication": [16, 9, 21, 23]}}, {"model": "Customer.symptoms", "pk": 11, "fields": {"category": "Pelvis", "name": "pain while urinating", "criticality": 2, "complication": [10]}}, {"model": "Customer.symptoms", "pk": 12, "fields": {"category": "Pelvis", "name": "Frequent urination", "criticality": null, "complication": [10]}}, {"model": "Customer.symptoms", "pk": 13, "fields": {"category": "Abdomen", "name": "lower abdomen pain", "criticality": null, "complication": [10, 13]}}, {"model": "Customer.symptoms", "pk": 14, "fields": {"category": "Pelvis", "name": "blood in urine", "criticality": 3, "complication": [10]}}, {"model": "Customer.symptoms", "pk": 15, "fields": {"category": "Pelvis", "name": "Cloudy urine", "criticality": null, "complication": []}}, {"model": "Customer.symptoms", "pk": 16, "fields": {"category": "Pelvis", "name": "Bleeding", "criticality": 3, "complication": [8, 11, 12, 13, 26]}}, {"model": "Customer.symptoms", "pk": 17, "fields": {"category": "Pelvis", "name": "Fluid leak", "criticality": 3, "complication": [13, 14, 22]}}, {"model": "Customer.symptoms", "pk": 18, "fields": {"category": "Pelvis", "name": "Flu", "criticality": null, "complication": []}}, {"model": "Customer.symptoms", "pk": 19, "fields": {"category": "Pelvis", "name": "Pelvic Pressure", "criticality": null, "complication": []}}, {"model": "Customer.symptoms", "pk": 20, "fields": {"category": "Chest", "name": "heartburn", "criticality": null, "complication": []}}, {"model": "Customer.symptoms", "pk": 21, "fields": {"category": "Abdomen", "name": "constipation", "criticality": null, "complication": []}}, {"model": "Customer.symptoms", "pk": 22, "fields": {"category": "Legs", "name": "swollen ankles and feet", "criticality": null, "complication": [15]}}, {"model": "Customer.symptoms", "pk": 23, "fields": {"category": "Abdomen", "name": "abnormal urination", "criticality": null, "complication": [16, 18]}}, {"model": "Customer.symptoms", "pk": 24, "fields": {"category": "Abdomen", "name": "high apetite", "criticality": null, "complication": [16, 9]}}, {"model": "Customer.symptoms", "pk": 25, "fields": {"category": "Other", "name": "craving sweets", "criticality": null, "complication": [16]}}, {"model": "Customer.symptoms", "pk": 26, "fields": {"category": "Other", "name": "craving spicy", "criticality": null, "complication": []}}, {"model": "Customer.symptoms", "pk": 27, "fields": {"category": "Pelvis", "name": "urinating in night", "criticality": null, "complication": [10]}}, {"model": "Customer.symptoms", "pk": 28, "fields": {"category": "Head", "name": "thirsty", "criticality": null, "complication": [16]}}, {"model": "Customer.symptoms", "pk": 29, "fields": {"category": "Other", "name": "itchy skin", "criticality": 2, "complication": [21]}}, {"model": "Customer.symptoms", "pk": 30, "fields": {"category": "Head", "name": "blurry vision", "criticality": 2, "complication": [18]}}, {"model": "Customer.symptoms", "pk": 31, "fields": {"category": "Chest", "name": "chest pain", "criticality": 3, "complication": [17]}}, {"model": "Customer.symptoms", "pk": 32, "fields": {"category": "Other", "name": "swelling", "criticality": null, "complication": [17]}}, {"model": "Customer.symptoms", "pk": 33, "fields": {"category": "Head", "name": "vomiting", "criticality": null, "complication": [9, 10, 18]}}, {"model": "Customer.symptoms", "pk": 34, "fields": {"category": "Pelvis", "name": "low urine output", "criticality": null, "complication": [18]}}, {"model": "Customer.symptoms", "pk": 35, "fields": {"category": "Other", "name": "edema", "criticality": null, "complication": [18, 15]}}, {"model": "Customer.symptoms", "pk": 36, "fields": {"category": "Head", "name": "severe headache", "criticality": 2, "complication": [18]}}, {"model": "Customer.symptoms", "pk": 37, "fields": {"category": "Other", "name": "Scan", "criticality": null, "complication": []}}, {"model": "Customer.symptoms", "pk": 38, "fields": {"category": "Pelvis", "name": "dark urine", "criticality": null, "complication": [9, 21]}}, {"model": "Customer.symptoms", "pk": 39, "fields": {"category": "Other", "name": "light-colored stool", "criticality": 2, "complication": [21]}}, {"model": "Customer.symptoms", "pk": 40, "fields": {"category": "Other", "name": "Pale skin, lips, and nails", "criticality": 2, "complication": [23]}}, {"model": "Customer.symptoms", "pk": 41, "fields": {"category": "Head", "name": "Dizziness", "criticality": 2, "complication": [9]}}, {"model": "Customer.symptoms", "pk": 42, "fields": {"category": "Chest", "name": "Breathlessness", "criticality": 3, "complication": [17, 23]}}, {"model": "Customer.symptoms", "pk": 43, "fields": {"category": "Chest", "name": "Rapid heartbeat", "criticality": null, "complication": []}}, {"model": "Customer.symptoms", "pk": 44, "fields": {"category": "Mental Health", "name": "Trouble concentrating", "criticality": 2, "complication": []}}, {"model": "Customer.symptoms", "pk": 45, "fields": {"category": "Pelvis", "name": "itching and curdy discharge", "criticality": null, "complication": [24]}}, {"model": "Customer.symptoms", "pk": 46, "fields": {"category": "Abdomen", "name": "Low Fetal Movement", "criticality": 3, "complication": [26]}}, {"model": "Customer.symptoms", "pk": 47, "fields": {"category": "Abdomen", "name": "High Fetal Movements", "criticality": null, "complication": []}}, {"model": "Customer.symptoms", "pk": 48, "fields": {"category": "Chest", "name": "Tingling Or Aching Breasts", "criticality": null, "complication": []}}, {"model": "Customer.symptoms", "pk": 49, "fields": {"category": "Other", "name": "Motion Sickness", "criticality": null, "complication": []}}, {"model": "Customer.symptoms", "pk": 50, "fields": {"category": "Head", "name": "Acne", "criticality": null, "complication": []}}, {"model": "Customer.symptoms", "pk": 51, "fields": {"category": "Head", "name": "Pregnancy Glow", "criticality": null, "complication": []}}, {"model": "Customer.symptoms", "pk": 52, "fields": {"category": "Chest", "name": "Palpiataion", "criticality": 3, "complication": []}}, {"model": "Customer.symptoms", "pk": 53, "fields": {"category": "Abdomen", "name": "Bloating", "criticality": null, "complication": []}}, {"model": "Customer.symptoms", "pk": 54, "fields": {"category": "Mental Health", "name": "Stress", "criticality": 2, "complication": [9]}}, {"model": "Customer.symptoms", "pk": 55, "fields": {"category": "Mental Health", "name": "Anxiety", "criticality": 2, "complication": []}}, {"model": "Customer.symptoms", "pk": 56, "fields": {"category": "Head", "name": "Dental problem", "criticality": null, "complication": []}}, {"model": "Customer.symptoms", "pk": 57, "fields": {"category": "Other", "name": "Giddiness", "criticality": null, "complication": []}}, {"model": "Customer.symptoms", "pk": 58, "fields": {"category": "Pelvis", "name": "Froathy Urine", "criticality": null, "complication": [18]}}, {"model": "Customer.symptoms", "pk": 59, "fields": {"category": "Pelvis", "name": "White Vaginal Discharge", "criticality": null, "complication": [13]}}, {"model": "Customer.symptoms", "pk": 60, "fields": {"category": "Pelvis", "name": "Spotting", "criticality": 3, "complication": [8, 11, 12, 13, 26]}}, {"model": "Customer.symptoms", "pk": 61, "fields": {"category": "Other", "name": "Night vision too low", "criticality": null, "complication": []}}, {"model": "Customer.symptoms", "pk": 62, "fields": {"category": "Mental Health", "name": "Low Concentration", "criticality": 2, "complication": []}}, {"model": "Customer.positivesymptoms", "pk": 7, "fields": {"symptom": 9, "customer": 22, "date": "2022-01-15", "positive": true}}, {"model": "Customer.positivesymptoms", "pk": 8, "fields": {"symptom": 28, "customer": 22, "date": "2022-01-15", "positive": true}}, {"model": "Customer.positivesymptoms", "pk": 9, "fields": {"symptom": 11, "customer": 22, "date": "2022-01-15", "positive": true}}, {"model": "Customer.positivesymptoms", "pk": 10, "fields": {"symptom": 30, "customer": 22, "date": "2022-01-15", "positive": true}}, {"model": "Customer.positivesymptoms", "pk": 11, "fields": {"symptom": 33, "customer": 22, "date": "2022-01-15", "positive": true}}, {"model": "Customer.positivesymptoms", "pk": 12, "fields": {"symptom": 28, "customer": 22, "date": "2022-03-25", "positive": true}}, {"model": "Customer.positivesymptoms", "pk": 13, "fields": {"symptom": 30, "customer": 22, "date": "2022-03-25", "positive": true}}, {"model": "Customer.positivesymptoms", "pk": 14, "fields": {"symptom": 9, "customer": 22, "date": "2022-03-25", "positive": true}}, {"model": "Customer.positivesymptoms", "pk": 15, "fields": {"symptom": 51, "customer": 22, "date": "2022-03-26", "positive": true}}, {"model": "Customer.positivesymptoms", "pk": 16, "fields": {"symptom": 50, "customer": 22, "date": "2022-03-26", "positive": true}}, {"model": "Customer.positivesymptoms", "pk": 17, "fields": {"symptom": 1, "customer": 22, "date": "2022-03-26", "positive": false}}, {"model": "Customer.positivesymptoms", "pk": 18, "fields": {"symptom": 2, "customer": 22, "date": "2022-03-26", "positive": false}}, {"model": "Customer.positivesymptoms", "pk": 20, "fields": {"symptom": 4, "customer": 22, "date": "2022-03-26", "positive": false}}, {"model": "Customer.positivesymptoms", "pk": 21, "fields": {"symptom": 5, "customer": 22, "date": "2022-03-26", "positive": false}}, {"model": "Customer.positivesymptoms", "pk": 22, "fields": {"symptom": 6, "customer": 22, "date": "2022-03-26", "positive": false}}, {"model": "Customer.positivesymptoms", "pk": 23, "fields": {"symptom": 7, "customer": 22, "date": "2022-03-26", "positive": false}}, {"model": "Customer.positivesymptoms", "pk": 24, "fields": {"symptom": 8, "customer": 22, "date": "2022-03-26", "positive": false}}, {"model": "Customer.positivesymptoms", "pk": 25, "fields": {"symptom": 9, "customer": 22, "date": "2022-03-26", "positive": false}}, {"model": "Customer.positivesymptoms", "pk": 26, "fields": {"symptom": 10, "customer": 22, "date": "2022-03-26", "positive": false}}, {"model": "Customer.positivesymptoms", "pk": 27, "fields": {"symptom": 11, "customer": 22, "date": "2022-03-26", "positive": false}}, {"model": "Customer.positivesymptoms", "pk": 28, "fields": {"symptom": 12, "customer": 22, "date": "2022-03-26", "positive": false}}, {"model": "Customer.positivesymptoms", "pk": 29, "fields": {"symptom": 13, "customer": 22, "date": "2022-03-26", "positive": false}}, {"model": "Customer.positivesymptoms", "pk": 30, "fields": {"symptom": 14, "customer": 22, "date": "2022-03-26", "positive": false}}, {"model": "Customer.positivesymptoms", "pk": 31, "fields": {"symptom": 15, "customer": 22, "date": "2022-03-26", "positive": false}}, {"model": "Customer.positivesymptoms", "pk": 32, "fields": {"symptom": 16, "customer": 22, "date": "2022-03-26", "positive": false}}, {"model": "Customer.positivesymptoms", "pk": 33, "fields": {"symptom": 17, "customer": 22, "date": "2022-03-26", "positive": false}}, {"model": "Customer.positivesymptoms", "pk": 34, "fields": {"symptom": 18, "customer": 22, "date": "2022-03-26", "positive": false}}, {"model": "Customer.positivesymptoms", "pk": 35, "fields": {"symptom": 19, "customer": 22, "date": "2022-03-26", "positive": false}}, {"model": "Customer.positivesymptoms", "pk": 36, "fields": {"symptom": 20, "customer": 22, "date": "2022-03-26", "positive": false}}, {"model": "Customer.positivesymptoms", "pk": 37, "fields": {"symptom": 21, "customer": 22, "date": "2022-03-26", "positive": false}}, {"model": "Customer.positivesymptoms", "pk": 38, "fields": {"symptom": 22, "customer": 22, "date": "2022-03-26", "positive": false}}, {"model": "Customer.positivesymptoms", "pk": 39, "fields": {"symptom": 23, "customer": 22, "date": "2022-03-26", "positive": false}}, {"model": "Customer.positivesymptoms", "pk": 40, "fields": {"symptom": 24, "customer": 22, "date": "2022-03-26", "positive": false}}, {"model": "Customer.positivesymptoms", "pk": 41, "fields": {"symptom": 25, "customer": 22, "date": "2022-03-26", "positive": false}}, {"model": "Customer.positivesymptoms", "pk": 42, "fields": {"symptom": 26, "customer": 22, "date": "2022-03-26", "positive": false}}, {"model": "Customer.positivesymptoms", "pk": 43, "fields": {"symptom": 27, "customer": 22, "date": "2022-03-26", "positive": false}}, {"model": "Customer.positivesymptoms", "pk": 44, "fields": {"symptom": 28, "customer": 22, "date": "2022-03-26", "positive": false}}, {"model": "Customer.positivesymptoms", "pk": 45, "fields": {"symptom": 29, "customer": 22, "date": "2022-03-26", "positive": false}}, {"model": "Customer.positivesymptoms", "pk": 46, "fields": {"symptom": 30, "customer": 22, "date": "2022-03-26", "positive": true}}, {"model": "Customer.positivesymptoms", "pk": 47, "fields": {"symptom": 31, "customer": 22, "date": "2022-03-26", "positive": false}}, {"model": "Customer.positivesymptoms", "pk": 48, "fields": {"symptom": 32, "customer": 22, "date": "2022-03-26", "positive": false}}, {"model": "Customer.positivesymptoms", "pk": 49, "fields": {"symptom": 33, "customer": 22, "date": "2022-03-26", "positive": false}}, {"model": "Customer.positivesymptoms", "pk": 50, "fields": {"symptom": 34, "customer": 22, "date": "2022-03-26", "positive": false}}, {"model": "Customer.positivesymptoms", "pk": 51, "fields": {"symptom": 35, "customer": 22, "date": "2022-03-26", "positive": false}}, {"model": "Customer.positivesymptoms", "pk": 52, "fields": {"symptom": 36, "customer": 22, "date": "2022-03-26", "positive": false}}, {"model": "Customer.positivesymptoms", "pk": 53, "fields": {"symptom": 37, "customer": 22, "date": "2022-03-26", "positive": false}}, {"model": "Customer.positivesymptoms", "pk": 54, "fields": {"symptom": 38, "customer": 22, "date": "2022-03-26", "positive": false}}, {"model": "Customer.positivesymptoms", "pk": 55, "fields": {"symptom": 39, "customer": 22, "date": "2022-03-26", "positive": false}}, {"model": "Customer.positivesymptoms", "pk": 56, "fields": {"symptom": 40, "customer": 22, "date": "2022-03-26", "positive": false}}, {"model": "Customer.positivesymptoms", "pk": 57, "fields": {"symptom": 41, "customer": 22, "date": "2022-03-26", "positive": false}}, {"model": "Customer.positivesymptoms", "pk": 58, "fields": {"symptom": 42, "customer": 22, "date": "2022-03-26", "positive": false}}, {"model": "Customer.positivesymptoms", "pk": 59, "fields": {"symptom": 43, "customer": 22, "date": "2022-03-26", "positive": false}}, {"model": "Customer.positivesymptoms", "pk": 60, "fields": {"symptom": 44, "customer": 22, "date": "2022-03-26", "positive": false}}, {"model": "Customer.positivesymptoms", "pk": 61, "fields": {"symptom": 45, "customer": 22, "date": "2022-03-26", "positive": false}}, {"model": "Customer.positivesymptoms", "pk": 62, "fields": {"symptom": 46, "customer": 22, "date": "2022-03-26", "positive": false}}, {"model": "Customer.positivesymptoms", "pk": 63, "fields": {"symptom": 47, "customer": 22, "date": "2022-03-26", "positive": false}}, {"model": "Customer.positivesymptoms", "pk": 64, "fields": {"symptom": 48, "customer": 22, "date": "2022-03-26", "positive": false}}, {"model": "Customer.positivesymptoms", "pk": 65, "fields": {"symptom": 49, "customer": 22, "date": "2022-03-26", "positive": false}}, {"model": "Customer.positivesymptoms", "pk": 66, "fields": {"symptom": 52, "customer": 22, "date": "2022-03-26", "positive": false}}, {"model": "Customer.positivesymptoms", "pk": 67, "fields": {"symptom": 53, "customer": 22, "date": "2022-03-26", "positive": false}}, {"model": "Customer.positivesymptoms", "pk": 68, "fields": {"symptom": 54, "customer": 22, "date": "2022-03-26", "positive": false}}, {"model": "Customer.positivesymptoms", "pk": 69, "fields": {"symptom": 55, "customer": 22, "date": "2022-03-26", "positive": false}}, {"model": "Customer.positivesymptoms", "pk": 70, "fields": {"symptom": 56, "customer": 22, "date": "2022-03-26", "positive": false}}, {"model": "Customer.positivesymptoms", "pk": 71, "fields": {"symptom": 57, "customer": 22, "date": "2022-03-26", "positive": false}}, {"model": "Customer.positivesymptoms", "pk": 72, "fields": {"symptom": 58, "customer": 22, "date": "2022-03-26", "positive": false}}, {"model": "Customer.positivesymptoms", "pk": 73, "fields": {"symptom": 59, "customer": 22, "date": "2022-03-26", "positive": false}}, {"model": "Customer.positivesymptoms", "pk": 74, "fields": {"symptom": 60, "customer": 22, "date": "2022-03-26", "positive": false}}, {"model": "Customer.positivesymptoms", "pk": 75, "fields": {"symptom": 61, "customer": 22, "date": "2022-03-26", "positive": false}}, {"model": "Customer.positivesymptoms", "pk": 76, "fields": {"symptom": 62, "customer": 22, "date": "2022-03-26", "positive": false}}, {"model": "Customer.positivesymptoms", "pk": 77, "fields": {"symptom": 28, "customer": 22, "date": "2022-03-28", "positive": true}}, {"model": "Customer.positivesymptoms", "pk": 78, "fields": {"symptom": 33, "customer": 22, "date": "2022-03-30", "positive": true}}, {"model": "Customer.positivesymptoms", "pk": 79, "fields": {"symptom": 30, "customer": 22, "date": "2022-03-31", "positive": true}}, {"model": "Customer.positivesymptoms", "pk": 80, "fields": {"symptom": 33, "customer": 22, "date": "2022-03-31", "positive": true}}, {"model": "Customer.positivesymptoms", "pk": 81, "fields": {"symptom": 9, "customer": 22, "date": "2022-04-07", "positive": true}}, {"model": "Customer.positivesymptoms", "pk": 82, "fields": {"symptom": 28, "customer": 22, "date": "2022-04-07", "positive": true}}, {"model": "Customer.positivesymptoms", "pk": 83, "fields": {"symptom": 9, "customer": 22, "date": "2022-04-10", "positive": true}}, {"model": "Customer.positivesymptoms", "pk": 84, "fields": {"symptom": 1, "customer": 22, "date": "2022-04-16", "positive": false}}, {"model": "Customer.positivesymptoms", "pk": 85, "fields": {"symptom": 2, "customer": 22, "date": "2022-04-16", "positive": false}}, {"model": "Customer.positivesymptoms", "pk": 87, "fields": {"symptom": 4, "customer": 22, "date": "2022-04-16", "positive": false}}, {"model": "Customer.positivesymptoms", "pk": 88, "fields": {"symptom": 5, "customer": 22, "date": "2022-04-16", "positive": false}}, {"model": "Customer.positivesymptoms", "pk": 89, "fields": {"symptom": 6, "customer": 22, "date": "2022-04-16", "positive": false}}, {"model": "Customer.positivesymptoms", "pk": 90, "fields": {"symptom": 7, "customer": 22, "date": "2022-04-16", "positive": false}}, {"model": "Customer.positivesymptoms", "pk": 91, "fields": {"symptom": 8, "customer": 22, "date": "2022-04-16", "positive": false}}, {"model": "Customer.positivesymptoms", "pk": 92, "fields": {"symptom": 9, "customer": 22, "date": "2022-04-16", "positive": false}}, {"model": "Customer.positivesymptoms", "pk": 93, "fields": {"symptom": 10, "customer": 22, "date": "2022-04-16", "positive": false}}, {"model": "Customer.positivesymptoms", "pk": 94, "fields": {"symptom": 11, "customer": 22, "date": "2022-04-16", "positive": false}}, {"model": "Customer.positivesymptoms", "pk": 95, "fields": {"symptom": 12, "customer": 22, "date": "2022-04-16", "positive": false}}, {"model": "Customer.positivesymptoms", "pk": 96, "fields": {"symptom": 13, "customer": 22, "date": "2022-04-16", "positive": false}}, {"model": "Customer.positivesymptoms", "pk": 97, "fields": {"symptom": 14, "customer": 22, "date": "2022-04-16", "positive": false}}, {"model": "Customer.positivesymptoms", "pk": 98, "fields": {"symptom": 15, "customer": 22, "date": "2022-04-16", "positive": false}}, {"model": "Customer.positivesymptoms", "pk": 99, "fields": {"symptom": 16, "customer": 22, "date": "2022-04-16", "positive": false}}, {"model": "Customer.positivesymptoms", "pk": 100, "fields": {"symptom": 17, "customer": 22, "date": "2022-04-16", "positive": false}}, {"model": "Customer.positivesymptoms", "pk": 101, "fields": {"symptom": 18, "customer": 22, "date": "2022-04-16", "positive": false}}, {"model": "Customer.positivesymptoms", "pk": 102, "fields": {"symptom": 19, "customer": 22, "date": "2022-04-16", "positive": false}}, {"model": "Customer.positivesymptoms", "pk": 103, "fields": {"symptom": 20, "customer": 22, "date": "2022-04-16", "positive": false}}, {"model": "Customer.positivesymptoms", "pk": 104, "fields": {"symptom": 21, "customer": 22, "date": "2022-04-16", "positive": false}}, {"model": "Customer.positivesymptoms", "pk": 105, "fields": {"symptom": 22, "customer": 22, "date": "2022-04-16", "positive": false}}, {"model": "Customer.positivesymptoms", "pk": 106, "fields": {"symptom": 23, "customer": 22, "date": "2022-04-16", "positive": false}}, {"model": "Customer.positivesymptoms", "pk": 107, "fields": {"symptom": 24, "customer": 22, "date": "2022-04-16", "positive": false}}, {"model": "Customer.positivesymptoms", "pk": 108, "fields": {"symptom": 25, "customer": 22, "date": "2022-04-16", "positive": false}}, {"model": "Customer.positivesymptoms", "pk": 109, "fields": {"symptom": 26, "customer": 22, "date": "2022-04-16", "positive": false}}, {"model": "Customer.positivesymptoms", "pk": 110, "fields": {"symptom": 27, "customer": 22, "date": "2022-04-16", "positive": false}}, {"model": "Customer.positivesymptoms", "pk": 111, "fields": {"symptom": 28, "customer": 22, "date": "2022-04-16", "positive": false}}, {"model": "Customer.positivesymptoms", "pk": 112, "fields": {"symptom": 29, "customer": 22, "date": "2022-04-16", "positive": false}}, {"model": "Customer.positivesymptoms", "pk": 113, "fields": {"symptom": 30, "customer": 22, "date": "2022-04-16", "positive": false}}, {"model": "Customer.positivesymptoms", "pk": 114, "fields": {"symptom": 31, "customer": 22, "date": "2022-04-16", "positive": false}}, {"model": "Customer.positivesymptoms", "pk": 115, "fields": {"symptom": 32, "customer": 22, "date": "2022-04-16", "positive": false}}, {"model": "Customer.positivesymptoms", "pk": 116, "fields": {"symptom": 33, "customer": 22, "date": "2022-04-16", "positive": false}}, {"model": "Customer.positivesymptoms", "pk": 117, "fields": {"symptom": 34, "customer": 22, "date": "2022-04-16", "positive": false}}, {"model": "Customer.positivesymptoms", "pk": 118, "fields": {"symptom": 35, "customer": 22, "date": "2022-04-16", "positive": false}}, {"model": "Customer.positivesymptoms", "pk": 119, "fields": {"symptom": 36, "customer": 22, "date": "2022-04-16", "positive": true}}, {"model": "Customer.positivesymptoms", "pk": 120, "fields": {"symptom": 37, "customer": 22, "date": "2022-04-16", "positive": false}}, {"model": "Customer.positivesymptoms", "pk": 121, "fields": {"symptom": 38, "customer": 22, "date": "2022-04-16", "positive": false}}, {"model": "Customer.positivesymptoms", "pk": 122, "fields": {"symptom": 39, "customer": 22, "date": "2022-04-16", "positive": false}}, {"model": "Customer.positivesymptoms", "pk": 123, "fields": {"symptom": 40, "customer": 22, "date": "2022-04-16", "positive": false}}, {"model": "Customer.positivesymptoms", "pk": 124, "fields": {"symptom": 41, "customer": 22, "date": "2022-04-16", "positive": false}}, {"model": "Customer.positivesymptoms", "pk": 125, "fields": {"symptom": 42, "customer": 22, "date": "2022-04-16", "positive": true}}, {"model": "Customer.positivesymptoms", "pk": 126, "fields": {"symptom": 43, "customer": 22, "date": "2022-04-16", "positive": false}}, {"model": "Customer.positivesymptoms", "pk": 127, "fields": {"symptom": 44, "customer": 22, "date": "2022-04-16", "positive": false}}, {"model": "Customer.positivesymptoms", "pk": 128, "fields": {"symptom": 45, "customer": 22, "date": "2022-04-16", "positive": false}}, {"model": "Customer.positivesymptoms", "pk": 129, "fields": {"symptom": 46, "customer": 22, "date": "2022-04-16", "positive": false}}, {"model": "Customer.positivesymptoms", "pk": 130, "fields": {"symptom": 47, "customer": 22, "date": "2022-04-16", "positive": false}}, {"model": "Customer.positivesymptoms", "pk": 131, "fields": {"symptom": 48, "customer": 22, "date": "2022-04-16", "positive": false}}, {"model": "Customer.positivesymptoms", "pk": 132, "fields": {"symptom": 49, "customer": 22, "date": "2022-04-16", "positive": false}}, {"model": "Customer.positivesymptoms", "pk": 133, "fields": {"symptom": 50, "customer": 22, "date": "2022-04-16", "positive": false}}, {"model": "Customer.positivesymptoms", "pk": 134, "fields": {"symptom": 51, "customer": 22, "date": "2022-04-16", "positive": false}}, {"model": "Customer.positivesymptoms", "pk": 135, "fields": {"symptom": 52, "customer": 22, "date": "2022-04-16", "positive": false}}, {"model": "Customer.positivesymptoms", "pk": 136, "fields": {"symptom": 53, "customer": 22, "date": "2022-04-16", "positive": false}}, {"model": "Customer.positivesymptoms", "pk": 137, "fields": {"symptom": 54, "customer": 22, "date": "2022-04-16", "positive": false}}, {"model": "Customer.positivesymptoms", "pk": 138, "fields": {"symptom": 55, "customer": 22, "date": "2022-04-16", "positive": false}}, {"model": "Customer.positivesymptoms", "pk": 139, "fields": {"symptom": 56, "customer": 22, "date": "2022-04-16", "positive": false}}, {"model": "Customer.positivesymptoms", "pk": 140, "fields": {"symptom": 57, "customer": 22, "date": "2022-04-16", "positive": false}}, {"model": "Customer.positivesymptoms", "pk": 141, "fields": {"symptom": 58, "customer": 22, "date": "2022-04-16", "positive": false}}, {"model": "Customer.positivesymptoms", "pk": 142, "fields": {"symptom": 59, "customer": 22, "date": "2022-04-16", "positive": false}}, {"model": "Customer.positivesymptoms", "pk": 143, "fields": {"symptom": 60, "customer": 22, "date": "2022-04-16", "positive": true}}, {"model": "Customer.positivesymptoms", "pk": 144, "fields": {"symptom": 61, "customer": 22, "date": "2022-04-16", "positive": false}}, {"model": "Customer.positivesymptoms", "pk": 145, "fields": {"symptom": 62, "customer": 22, "date": "2022-04-16", "positive": false}}, {"model": "Customer.positivesymptoms", "pk": 146, "fields": {"symptom": 56, "customer": 22, "date": "2022-04-19", "positive": true}}, {"model": "Customer.positivesymptoms", "pk": 147, "fields": {"symptom": 1, "customer": 22, "date": "2022-04-21", "positive": false}}, {"model": "Customer.positivesymptoms", "pk": 148, "fields": {"symptom": 2, "customer": 22, "date": "2022-04-21", "positive": false}}, {"model": "Customer.positivesymptoms", "pk": 150, "fields": {"symptom": 4, "customer": 22, "date": "2022-04-21", "positive": false}}, {"model": "Customer.positivesymptoms", "pk": 151, "fields": {"symptom": 5, "customer": 22, "date": "2022-04-21", "positive": false}}, {"model": "Customer.positivesymptoms", "pk": 152, "fields": {"symptom": 6, "customer": 22, "date": "2022-04-21", "positive": false}}, {"model": "Customer.positivesymptoms", "pk": 153, "fields": {"symptom": 7, "customer": 22, "date": "2022-04-21", "positive": false}}, {"model": "Customer.positivesymptoms", "pk": 154, "fields": {"symptom": 8, "customer": 22, "date": "2022-04-21", "positive": false}}, {"model": "Customer.positivesymptoms", "pk": 155, "fields": {"symptom": 9, "customer": 22, "date": "2022-04-21", "positive": true}}, {"model": "Customer.positivesymptoms", "pk": 156, "fields": {"symptom": 10, "customer": 22, "date": "2022-04-21", "positive": false}}, {"model": "Customer.positivesymptoms", "pk": 157, "fields": {"symptom": 11, "customer": 22, "date": "2022-04-21", "positive": false}}, {"model": "Customer.positivesymptoms", "pk": 158, "fields": {"symptom": 12, "customer": 22, "date": "2022-04-21", "positive": false}}, {"model": "Customer.positivesymptoms", "pk": 159, "fields": {"symptom": 13, "customer": 22, "date": "2022-04-21", "positive": false}}, {"model": "Customer.positivesymptoms", "pk": 160, "fields": {"symptom": 14, "customer": 22, "date": "2022-04-21", "positive": false}}, {"model": "Customer.positivesymptoms", "pk": 161, "fields": {"symptom": 15, "customer": 22, "date": "2022-04-21", "positive": false}}, {"model": "Customer.positivesymptoms", "pk": 162, "fields": {"symptom": 16, "customer": 22, "date": "2022-04-21", "positive": false}}, {"model": "Customer.positivesymptoms", "pk": 163, "fields": {"symptom": 17, "customer": 22, "date": "2022-04-21", "positive": false}}, {"model": "Customer.positivesymptoms", "pk": 164, "fields": {"symptom": 18, "customer": 22, "date": "2022-04-21", "positive": false}}, {"model": "Customer.positivesymptoms", "pk": 165, "fields": {"symptom": 19, "customer": 22, "date": "2022-04-21", "positive": false}}, {"model": "Customer.positivesymptoms", "pk": 166, "fields": {"symptom": 20, "customer": 22, "date": "2022-04-21", "positive": false}}, {"model": "Customer.positivesymptoms", "pk": 167, "fields": {"symptom": 21, "customer": 22, "date": "2022-04-21", "positive": false}}, {"model": "Customer.positivesymptoms", "pk": 168, "fields": {"symptom": 22, "customer": 22, "date": "2022-04-21", "positive": false}}, {"model": "Customer.positivesymptoms", "pk": 169, "fields": {"symptom": 23, "customer": 22, "date": "2022-04-21", "positive": false}}, {"model": "Customer.positivesymptoms", "pk": 170, "fields": {"symptom": 24, "customer": 22, "date": "2022-04-21", "positive": false}}, {"model": "Customer.positivesymptoms", "pk": 171, "fields": {"symptom": 25, "customer": 22, "date": "2022-04-21", "positive": false}}, {"model": "Customer.positivesymptoms", "pk": 172, "fields": {"symptom": 26, "customer": 22, "date": "2022-04-21", "positive": false}}, {"model": "Customer.positivesymptoms", "pk": 173, "fields": {"symptom": 27, "customer": 22, "date": "2022-04-21", "positive": false}}, {"model": "Customer.positivesymptoms", "pk": 174, "fields": {"symptom": 28, "customer": 22, "date": "2022-04-21", "positive": false}}, {"model": "Customer.positivesymptoms", "pk": 175, "fields": {"symptom": 29, "customer": 22, "date": "2022-04-21", "positive": false}}, {"model": "Customer.positivesymptoms", "pk": 176, "fields": {"symptom": 30, "customer": 22, "date": "2022-04-21", "positive": false}}, {"model": "Customer.positivesymptoms", "pk": 177, "fields": {"symptom": 31, "customer": 22, "date": "2022-04-21", "positive": false}}, {"model": "Customer.positivesymptoms", "pk": 178, "fields": {"symptom": 32, "customer": 22, "date": "2022-04-21", "positive": false}}, {"model": "Customer.positivesymptoms", "pk": 179, "fields": {"symptom": 33, "customer": 22, "date": "2022-04-21", "positive": false}}, {"model": "Customer.positivesymptoms", "pk": 180, "fields": {"symptom": 34, "customer": 22, "date": "2022-04-21", "positive": false}}, {"model": "Customer.positivesymptoms", "pk": 181, "fields": {"symptom": 35, "customer": 22, "date": "2022-04-21", "positive": false}}, {"model": "Customer.positivesymptoms", "pk": 182, "fields": {"symptom": 36, "customer": 22, "date": "2022-04-21", "positive": false}}, {"model": "Customer.positivesymptoms", "pk": 183, "fields": {"symptom": 37, "customer": 22, "date": "2022-04-21", "positive": false}}, {"model": "Customer.positivesymptoms", "pk": 184, "fields": {"symptom": 38, "customer": 22, "date": "2022-04-21", "positive": false}}, {"model": "Customer.positivesymptoms", "pk": 185, "fields": {"symptom": 39, "customer": 22, "date": "2022-04-21", "positive": false}}, {"model": "Customer.positivesymptoms", "pk": 186, "fields": {"symptom": 40, "customer": 22, "date": "2022-04-21", "positive": false}}, {"model": "Customer.positivesymptoms", "pk": 187, "fields": {"symptom": 41, "customer": 22, "date": "2022-04-21", "positive": false}}, {"model": "Customer.positivesymptoms", "pk": 188, "fields": {"symptom": 42, "customer": 22, "date": "2022-04-21", "positive": false}}, {"model": "Customer.positivesymptoms", "pk": 189, "fields": {"symptom": 43, "customer": 22, "date": "2022-04-21", "positive": false}}, {"model": "Customer.positivesymptoms", "pk": 190, "fields": {"symptom": 44, "customer": 22, "date": "2022-04-21", "positive": false}}, {"model": "Customer.positivesymptoms", "pk": 191, "fields": {"symptom": 45, "customer": 22, "date": "2022-04-21", "positive": false}}, {"model": "Customer.positivesymptoms", "pk": 192, "fields": {"symptom": 46, "customer": 22, "date": "2022-04-21", "positive": false}}, {"model": "Customer.positivesymptoms", "pk": 193, "fields": {"symptom": 47, "customer": 22, "date": "2022-04-21", "positive": false}}, {"model": "Customer.positivesymptoms", "pk": 194, "fields": {"symptom": 48, "customer": 22, "date": "2022-04-21", "positive": false}}, {"model": "Customer.positivesymptoms", "pk": 195, "fields": {"symptom": 49, "customer": 22, "date": "2022-04-21", "positive": false}}, {"model": "Customer.positivesymptoms", "pk": 196, "fields": {"symptom": 50, "customer": 22, "date": "2022-04-21", "positive": false}}, {"model": "Customer.positivesymptoms", "pk": 197, "fields": {"symptom": 51, "customer": 22, "date": "2022-04-21", "positive": false}}, {"model": "Customer.positivesymptoms", "pk": 198, "fields": {"symptom": 52, "customer": 22, "date": "2022-04-21", "positive": false}}, {"model": "Customer.positivesymptoms", "pk": 199, "fields": {"symptom": 53, "customer": 22, "date": "2022-04-21", "positive": false}}, {"model": "Customer.positivesymptoms", "pk": 200, "fields": {"symptom": 54, "customer": 22, "date": "2022-04-21", "positive": false}}, {"model": "Customer.positivesymptoms", "pk": 201, "fields": {"symptom": 55, "customer": 22, "date": "2022-04-21", "positive": false}}, {"model": "Customer.positivesymptoms", "pk": 202, "fields": {"symptom": 56, "customer": 22, "date": "2022-04-21", "positive": false}}, {"model": "Customer.positivesymptoms", "pk": 203, "fields": {"symptom": 57, "customer": 22, "date": "2022-04-21", "positive": false}}, {"model": "Customer.positivesymptoms", "pk": 204, "fields": {"symptom": 58, "customer": 22, "date": "2022-04-21", "positive": false}}, {"model": "Customer.positivesymptoms", "pk": 205, "fields": {"symptom": 59, "customer": 22, "date": "2022-04-21", "positive": false}}, {"model": "Customer.positivesymptoms", "pk": 206, "fields": {"symptom": 60, "customer": 22, "date": "2022-04-21", "positive": false}}, {"model": "Customer.positivesymptoms", "pk": 207, "fields": {"symptom": 61, "customer": 22, "date": "2022-04-21", "positive": false}}, {"model": "Customer.positivesymptoms", "pk": 208, "fields": {"symptom": 62, "customer": 22, "date": "2022-04-21", "positive": false}}, {"model": "Customer.positivesymptoms", "pk": 209, "fields": {"symptom": 1, "customer": 22, "date": "2022-04-22", "positive": false}}, {"model": "Customer.positivesymptoms", "pk": 210, "fields": {"symptom": 2, "customer": 22, "date": "2022-04-22", "positive": false}}, {"model": "Customer.positivesymptoms", "pk": 212, "fields": {"symptom": 4, "customer": 22, "date": "2022-04-22", "positive": false}}, {"model": "Customer.positivesymptoms", "pk": 213, "fields": {"symptom": 5, "customer": 22, "date": "2022-04-22", "positive": false}}, {"model": "Customer.positivesymptoms", "pk": 214, "fields": {"symptom": 6, "customer": 22, "date": "2022-04-22", "positive": false}}, {"model": "Customer.positivesymptoms", "pk": 215, "fields": {"symptom": 7, "customer": 22, "date": "2022-04-22", "positive": false}}, {"model": "Customer.positivesymptoms", "pk": 216, "fields": {"symptom": 8, "customer": 22, "date": "2022-04-22", "positive": false}}, {"model": "Customer.positivesymptoms", "pk": 217, "fields": {"symptom": 9, "customer": 22, "date": "2022-04-22", "positive": false}}, {"model": "Customer.positivesymptoms", "pk": 218, "fields": {"symptom": 10, "customer": 22, "date": "2022-04-22", "positive": false}}, {"model": "Customer.positivesymptoms", "pk": 219, "fields": {"symptom": 11, "customer": 22, "date": "2022-04-22", "positive": false}}, {"model": "Customer.positivesymptoms", "pk": 220, "fields": {"symptom": 12, "customer": 22, "date": "2022-04-22", "positive": false}}, {"model": "Customer.positivesymptoms", "pk": 221, "fields": {"symptom": 13, "customer": 22, "date": "2022-04-22", "positive": false}}, {"model": "Customer.positivesymptoms", "pk": 222, "fields": {"symptom": 14, "customer": 22, "date": "2022-04-22", "positive": false}}, {"model": "Customer.positivesymptoms", "pk": 223, "fields": {"symptom": 15, "customer": 22, "date": "2022-04-22", "positive": false}}, {"model": "Customer.positivesymptoms", "pk": 224, "fields": {"symptom": 16, "customer": 22, "date": "2022-04-22", "positive": false}}, {"model": "Customer.positivesymptoms", "pk": 225, "fields": {"symptom": 17, "customer": 22, "date": "2022-04-22", "positive": false}}, {"model": "Customer.positivesymptoms", "pk": 226, "fields": {"symptom": 18, "customer": 22, "date": "2022-04-22", "positive": false}}, {"model": "Customer.positivesymptoms", "pk": 227, "fields": {"symptom": 19, "customer": 22, "date": "2022-04-22", "positive": false}}, {"model": "Customer.positivesymptoms", "pk": 228, "fields": {"symptom": 20, "customer": 22, "date": "2022-04-22", "positive": false}}, {"model": "Customer.positivesymptoms", "pk": 229, "fields": {"symptom": 21, "customer": 22, "date": "2022-04-22", "positive": false}}, {"model": "Customer.positivesymptoms", "pk": 230, "fields": {"symptom": 22, "customer": 22, "date": "2022-04-22", "positive": false}}, {"model": "Customer.positivesymptoms", "pk": 231, "fields": {"symptom": 23, "customer": 22, "date": "2022-04-22", "positive": false}}, {"model": "Customer.positivesymptoms", "pk": 232, "fields": {"symptom": 24, "customer": 22, "date": "2022-04-22", "positive": false}}, {"model": "Customer.positivesymptoms", "pk": 233, "fields": {"symptom": 25, "customer": 22, "date": "2022-04-22", "positive": false}}, {"model": "Customer.positivesymptoms", "pk": 234, "fields": {"symptom": 26, "customer": 22, "date": "2022-04-22", "positive": false}}, {"model": "Customer.positivesymptoms", "pk": 235, "fields": {"symptom": 27, "customer": 22, "date": "2022-04-22", "positive": false}}, {"model": "Customer.positivesymptoms", "pk": 236, "fields": {"symptom": 28, "customer": 22, "date": "2022-04-22", "positive": false}}, {"model": "Customer.positivesymptoms", "pk": 237, "fields": {"symptom": 29, "customer": 22, "date": "2022-04-22", "positive": false}}, {"model": "Customer.positivesymptoms", "pk": 238, "fields": {"symptom": 30, "customer": 22, "date": "2022-04-22", "positive": false}}, {"model": "Customer.positivesymptoms", "pk": 239, "fields": {"symptom": 31, "customer": 22, "date": "2022-04-22", "positive": false}}, {"model": "Customer.positivesymptoms", "pk": 240, "fields": {"symptom": 32, "customer": 22, "date": "2022-04-22", "positive": false}}, {"model": "Customer.positivesymptoms", "pk": 241, "fields": {"symptom": 33, "customer": 22, "date": "2022-04-22", "positive": false}}, {"model": "Customer.positivesymptoms", "pk": 242, "fields": {"symptom": 34, "customer": 22, "date": "2022-04-22", "positive": false}}, {"model": "Customer.positivesymptoms", "pk": 243, "fields": {"symptom": 35, "customer": 22, "date": "2022-04-22", "positive": false}}, {"model": "Customer.positivesymptoms", "pk": 244, "fields": {"symptom": 36, "customer": 22, "date": "2022-04-22", "positive": true}}, {"model": "Customer.positivesymptoms", "pk": 245, "fields": {"symptom": 37, "customer": 22, "date": "2022-04-22", "positive": false}}, {"model": "Customer.positivesymptoms", "pk": 246, "fields": {"symptom": 38, "customer": 22, "date": "2022-04-22", "positive": false}}, {"model": "Customer.positivesymptoms", "pk": 247, "fields": {"symptom": 39, "customer": 22, "date": "2022-04-22", "positive": false}}, {"model": "Customer.positivesymptoms", "pk": 248, "fields": {"symptom": 40, "customer": 22, "date": "2022-04-22", "positive": false}}, {"model": "Customer.positivesymptoms", "pk": 249, "fields": {"symptom": 41, "customer": 22, "date": "2022-04-22", "positive": false}}, {"model": "Customer.positivesymptoms", "pk": 250, "fields": {"symptom": 42, "customer": 22, "date": "2022-04-22", "positive": false}}, {"model": "Customer.positivesymptoms", "pk": 251, "fields": {"symptom": 43, "customer": 22, "date": "2022-04-22", "positive": false}}, {"model": "Customer.positivesymptoms", "pk": 252, "fields": {"symptom": 44, "customer": 22, "date": "2022-04-22", "positive": false}}, {"model": "Customer.positivesymptoms", "pk": 253, "fields": {"symptom": 45, "customer": 22, "date": "2022-04-22", "positive": false}}, {"model": "Customer.positivesymptoms", "pk": 254, "fields": {"symptom": 46, "customer": 22, "date": "2022-04-22", "positive": false}}, {"model": "Customer.positivesymptoms", "pk": 255, "fields": {"symptom": 47, "customer": 22, "date": "2022-04-22", "positive": false}}, {"model": "Customer.positivesymptoms", "pk": 256, "fields": {"symptom": 48, "customer": 22, "date": "2022-04-22", "positive": false}}, {"model": "Customer.positivesymptoms", "pk": 257, "fields": {"symptom": 49, "customer": 22, "date": "2022-04-22", "positive": false}}, {"model": "Customer.positivesymptoms", "pk": 258, "fields": {"symptom": 50, "customer": 22, "date": "2022-04-22", "positive": false}}, {"model": "Customer.positivesymptoms", "pk": 259, "fields": {"symptom": 51, "customer": 22, "date": "2022-04-22", "positive": false}}, {"model": "Customer.positivesymptoms", "pk": 260, "fields": {"symptom": 52, "customer": 22, "date": "2022-04-22", "positive": false}}, {"model": "Customer.positivesymptoms", "pk": 261, "fields": {"symptom": 53, "customer": 22, "date": "2022-04-22", "positive": false}}, {"model": "Customer.positivesymptoms", "pk": 262, "fields": {"symptom": 54, "customer": 22, "date": "2022-04-22", "positive": false}}, {"model": "Customer.positivesymptoms", "pk": 263, "fields": {"symptom": 55, "customer": 22, "date": "2022-04-22", "positive": false}}, {"model": "Customer.positivesymptoms", "pk": 264, "fields": {"symptom": 56, "customer": 22, "date": "2022-04-22", "positive": false}}, {"model": "Customer.positivesymptoms", "pk": 265, "fields": {"symptom": 57, "customer": 22, "date": "2022-04-22", "positive": false}}, {"model": "Customer.positivesymptoms", "pk": 266, "fields": {"symptom": 58, "customer": 22, "date": "2022-04-22", "positive": false}}, {"model": "Customer.positivesymptoms", "pk": 267, "fields": {"symptom": 59, "customer": 22, "date": "2022-04-22", "positive": false}}, {"model": "Customer.positivesymptoms", "pk": 268, "fields": {"symptom": 60, "customer": 22, "date": "2022-04-22", "positive": false}}, {"model": "Customer.positivesymptoms", "pk": 269, "fields": {"symptom": 61, "customer": 22, "date": "2022-04-22", "positive": false}}, {"model": "Customer.positivesymptoms", "pk": 270, "fields": {"symptom": 62, "customer": 22, "date": "2022-04-22", "positive": false}}, {"model": "Customer.positivesymptoms", "pk": 271, "fields": {"symptom": 1, "customer": 22, "date": "2022-04-23", "positive": false}}, {"model": "Customer.positivesymptoms", "pk": 272, "fields": {"symptom": 2, "customer": 22, "date": "2022-04-23", "positive": false}}, {"model": "Customer.positivesymptoms", "pk": 274, "fields": {"symptom": 4, "customer": 22, "date": "2022-04-23", "positive": false}}, {"model": "Customer.positivesymptoms", "pk": 275, "fields": {"symptom": 5, "customer": 22, "date": "2022-04-23", "positive": false}}, {"model": "Customer.positivesymptoms", "pk": 276, "fields": {"symptom": 6, "customer": 22, "date": "2022-04-23", "positive": false}}, {"model": "Customer.positivesymptoms", "pk": 277, "fields": {"symptom": 7, "customer": 22, "date": "2022-04-23", "positive": false}}, {"model": "Customer.positivesymptoms", "pk": 278, "fields": {"symptom": 8, "customer": 22, "date": "2022-04-23", "positive": false}}, {"model": "Customer.positivesymptoms", "pk": 279, "fields": {"symptom": 9, "customer": 22, "date": "2022-04-23", "positive": true}}, {"model": "Customer.positivesymptoms", "pk": 280, "fields": {"symptom": 10, "customer": 22, "date": "2022-04-23", "positive": false}}, {"model": "Customer.positivesymptoms", "pk": 281, "fields": {"symptom": 11, "customer": 22, "date": "2022-04-23", "positive": false}}, {"model": "Customer.positivesymptoms", "pk": 282, "fields": {"symptom": 12, "customer": 22, "date": "2022-04-23", "positive": false}}, {"model": "Customer.positivesymptoms", "pk": 283, "fields": {"symptom": 13, "customer": 22, "date": "2022-04-23", "positive": false}}, {"model": "Customer.positivesymptoms", "pk": 284, "fields": {"symptom": 14, "customer": 22, "date": "2022-04-23", "positive": false}}, {"model": "Customer.positivesymptoms", "pk": 285, "fields": {"symptom": 15, "customer": 22, "date": "2022-04-23", "positive": false}}, {"model": "Customer.positivesymptoms", "pk": 286, "fields": {"symptom": 16, "customer": 22, "date": "2022-04-23", "positive": false}}, {"model": "Customer.positivesymptoms", "pk": 287, "fields": {"symptom": 17, "customer": 22, "date": "2022-04-23", "positive": false}}, {"model": "Customer.positivesymptoms", "pk": 288, "fields": {"symptom": 18, "customer": 22, "date": "2022-04-23", "positive": false}}, {"model": "Customer.positivesymptoms", "pk": 289, "fields": {"symptom": 19, "customer": 22, "date": "2022-04-23", "positive": false}}, {"model": "Customer.positivesymptoms", "pk": 290, "fields": {"symptom": 20, "customer": 22, "date": "2022-04-23", "positive": true}}, {"model": "Customer.positivesymptoms", "pk": 291, "fields": {"symptom": 21, "customer": 22, "date": "2022-04-23", "positive": false}}, {"model": "Customer.positivesymptoms", "pk": 292, "fields": {"symptom": 22, "customer": 22, "date": "2022-04-23", "positive": false}}, {"model": "Customer.positivesymptoms", "pk": 293, "fields": {"symptom": 23, "customer": 22, "date": "2022-04-23", "positive": false}}, {"model": "Customer.positivesymptoms", "pk": 294, "fields": {"symptom": 24, "customer": 22, "date": "2022-04-23", "positive": false}}, {"model": "Customer.positivesymptoms", "pk": 295, "fields": {"symptom": 25, "customer": 22, "date": "2022-04-23", "positive": false}}, {"model": "Customer.positivesymptoms", "pk": 296, "fields": {"symptom": 26, "customer": 22, "date": "2022-04-23", "positive": false}}, {"model": "Customer.positivesymptoms", "pk": 297, "fields": {"symptom": 27, "customer": 22, "date": "2022-04-23", "positive": false}}, {"model": "Customer.positivesymptoms", "pk": 298, "fields": {"symptom": 28, "customer": 22, "date": "2022-04-23", "positive": false}}, {"model": "Customer.positivesymptoms", "pk": 299, "fields": {"symptom": 29, "customer": 22, "date": "2022-04-23", "positive": false}}, {"model": "Customer.positivesymptoms", "pk": 300, "fields": {"symptom": 30, "customer": 22, "date": "2022-04-23", "positive": false}}, {"model": "Customer.positivesymptoms", "pk": 301, "fields": {"symptom": 31, "customer": 22, "date": "2022-04-23", "positive": false}}, {"model": "Customer.positivesymptoms", "pk": 302, "fields": {"symptom": 32, "customer": 22, "date": "2022-04-23", "positive": false}}, {"model": "Customer.positivesymptoms", "pk": 303, "fields": {"symptom": 33, "customer": 22, "date": "2022-04-23", "positive": false}}, {"model": "Customer.positivesymptoms", "pk": 304, "fields": {"symptom": 34, "customer": 22, "date": "2022-04-23", "positive": false}}, {"model": "Customer.positivesymptoms", "pk": 305, "fields": {"symptom": 35, "customer": 22, "date": "2022-04-23", "positive": false}}, {"model": "Customer.positivesymptoms", "pk": 306, "fields": {"symptom": 36, "customer": 22, "date": "2022-04-23", "positive": false}}, {"model": "Customer.positivesymptoms", "pk": 307, "fields": {"symptom": 37, "customer": 22, "date": "2022-04-23", "positive": false}}, {"model": "Customer.positivesymptoms", "pk": 308, "fields": {"symptom": 38, "customer": 22, "date": "2022-04-23", "positive": false}}, {"model": "Customer.positivesymptoms", "pk": 309, "fields": {"symptom": 39, "customer": 22, "date": "2022-04-23", "positive": false}}, {"model": "Customer.positivesymptoms", "pk": 310, "fields": {"symptom": 40, "customer": 22, "date": "2022-04-23", "positive": false}}, {"model": "Customer.positivesymptoms", "pk": 311, "fields": {"symptom": 41, "customer": 22, "date": "2022-04-23", "positive": false}}, {"model": "Customer.positivesymptoms", "pk": 312, "fields": {"symptom": 42, "customer": 22, "date": "2022-04-23", "positive": false}}, {"model": "Customer.positivesymptoms", "pk": 313, "fields": {"symptom": 43, "customer": 22, "date": "2022-04-23", "positive": false}}, {"model": "Customer.positivesymptoms", "pk": 314, "fields": {"symptom": 44, "customer": 22, "date": "2022-04-23", "positive": false}}, {"model": "Customer.positivesymptoms", "pk": 315, "fields": {"symptom": 45, "customer": 22, "date": "2022-04-23", "positive": false}}, {"model": "Customer.positivesymptoms", "pk": 316, "fields": {"symptom": 46, "customer": 22, "date": "2022-04-23", "positive": false}}, {"model": "Customer.positivesymptoms", "pk": 317, "fields": {"symptom": 47, "customer": 22, "date": "2022-04-23", "positive": false}}, {"model": "Customer.positivesymptoms", "pk": 318, "fields": {"symptom": 48, "customer": 22, "date": "2022-04-23", "positive": false}}, {"model": "Customer.positivesymptoms", "pk": 319, "fields": {"symptom": 49, "customer": 22, "date": "2022-04-23", "positive": false}}, {"model": "Customer.positivesymptoms", "pk": 320, "fields": {"symptom": 50, "customer": 22, "date": "2022-04-23", "positive": false}}, {"model": "Customer.positivesymptoms", "pk": 321, "fields": {"symptom": 51, "customer": 22, "date": "2022-04-23", "positive": false}}, {"model": "Customer.positivesymptoms", "pk": 322, "fields": {"symptom": 52, "customer": 22, "date": "2022-04-23", "positive": false}}, {"model": "Customer.positivesymptoms", "pk": 323, "fields": {"symptom": 53, "customer": 22, "date": "2022-04-23", "positive": false}}, {"model": "Customer.positivesymptoms", "pk": 324, "fields": {"symptom": 54, "customer": 22, "date": "2022-04-23", "positive": false}}, {"model": "Customer.positivesymptoms", "pk": 325, "fields": {"symptom": 55, "customer": 22, "date": "2022-04-23", "positive": false}}, {"model": "Customer.positivesymptoms", "pk": 326, "fields": {"symptom": 56, "customer": 22, "date": "2022-04-23", "positive": false}}, {"model": "Customer.positivesymptoms", "pk": 327, "fields": {"symptom": 57, "customer": 22, "date": "2022-04-23", "positive": false}}, {"model": "Customer.positivesymptoms", "pk": 328, "fields": {"symptom": 58, "customer": 22, "date": "2022-04-23", "positive": false}}, {"model": "Customer.positivesymptoms", "pk": 329, "fields": {"symptom": 59, "customer": 22, "date": "2022-04-23", "positive": false}}, {"model": "Customer.positivesymptoms", "pk": 330, "fields": {"symptom": 60, "customer": 22, "date": "2022-04-23", "positive": false}}, {"model": "Customer.positivesymptoms", "pk": 331, "fields": {"symptom": 61, "customer": 22, "date": "2022-04-23", "positive": false}}, {"model": "Customer.positivesymptoms", "pk": 332, "fields": {"symptom": 62, "customer": 22, "date": "2022-04-23", "positive": false}}, {"model": "Customer.positivesymptoms", "pk": 333, "fields": {"symptom": 1, "customer": 22, "date": "2022-04-25", "positive": false}}, {"model": "Customer.positivesymptoms", "pk": 334, "fields": {"symptom": 2, "customer": 22, "date": "2022-04-25", "positive": false}}, {"model": "Customer.positivesymptoms", "pk": 336, "fields": {"symptom": 4, "customer": 22, "date": "2022-04-25", "positive": false}}, {"model": "Customer.positivesymptoms", "pk": 337, "fields": {"symptom": 5, "customer": 22, "date": "2022-04-25", "positive": false}}, {"model": "Customer.positivesymptoms", "pk": 338, "fields": {"symptom": 6, "customer": 22, "date": "2022-04-25", "positive": false}}, {"model": "Customer.positivesymptoms", "pk": 339, "fields": {"symptom": 7, "customer": 22, "date": "2022-04-25", "positive": false}}, {"model": "Customer.positivesymptoms", "pk": 340, "fields": {"symptom": 8, "customer": 22, "date": "2022-04-25", "positive": false}}, {"model": "Customer.positivesymptoms", "pk": 341, "fields": {"symptom": 9, "customer": 22, "date": "2022-04-25", "positive": true}}, {"model": "Customer.positivesymptoms", "pk": 342, "fields": {"symptom": 10, "customer": 22, "date": "2022-04-25", "positive": false}}, {"model": "Customer.positivesymptoms", "pk": 343, "fields": {"symptom": 11, "customer": 22, "date": "2022-04-25", "positive": false}}, {"model": "Customer.positivesymptoms", "pk": 344, "fields": {"symptom": 12, "customer": 22, "date": "2022-04-25", "positive": false}}, {"model": "Customer.positivesymptoms", "pk": 345, "fields": {"symptom": 13, "customer": 22, "date": "2022-04-25", "positive": false}}, {"model": "Customer.positivesymptoms", "pk": 346, "fields": {"symptom": 14, "customer": 22, "date": "2022-04-25", "positive": false}}, {"model": "Customer.positivesymptoms", "pk": 347, "fields": {"symptom": 15, "customer": 22, "date": "2022-04-25", "positive": false}}, {"model": "Customer.positivesymptoms", "pk": 348, "fields": {"symptom": 16, "customer": 22, "date": "2022-04-25", "positive": false}}, {"model": "Customer.positivesymptoms", "pk": 349, "fields": {"symptom": 17, "customer": 22, "date": "2022-04-25", "positive": false}}, {"model": "Customer.positivesymptoms", "pk": 350, "fields": {"symptom": 18, "customer": 22, "date": "2022-04-25", "positive": false}}, {"model": "Customer.positivesymptoms", "pk": 351, "fields": {"symptom": 19, "customer": 22, "date": "2022-04-25", "positive": false}}, {"model": "Customer.positivesymptoms", "pk": 352, "fields": {"symptom": 20, "customer": 22, "date": "2022-04-25", "positive": false}}, {"model": "Customer.positivesymptoms", "pk": 353, "fields": {"symptom": 21, "customer": 22, "date": "2022-04-25", "positive": false}}, {"model": "Customer.positivesymptoms", "pk": 354, "fields": {"symptom": 22, "customer": 22, "date": "2022-04-25", "positive": false}}, {"model": "Customer.positivesymptoms", "pk": 355, "fields": {"symptom": 23, "customer": 22, "date": "2022-04-25", "positive": false}}, {"model": "Customer.positivesymptoms", "pk": 356, "fields": {"symptom": 24, "customer": 22, "date": "2022-04-25", "positive": false}}, {"model": "Customer.positivesymptoms", "pk": 357, "fields": {"symptom": 25, "customer": 22, "date": "2022-04-25", "positive": false}}, {"model": "Customer.positivesymptoms", "pk": 358, "fields": {"symptom": 26, "customer": 22, "date": "2022-04-25", "positive": false}}, {"model": "Customer.positivesymptoms", "pk": 359, "fields": {"symptom": 27, "customer": 22, "date": "2022-04-25", "positive": false}}, {"model": "Customer.positivesymptoms", "pk": 360, "fields": {"symptom": 28, "customer": 22, "date": "2022-04-25", "positive": true}}, {"model": "Customer.positivesymptoms", "pk": 361, "fields": {"symptom": 29, "customer": 22, "date": "2022-04-25", "positive": false}}, {"model": "Customer.positivesymptoms", "pk": 362, "fields": {"symptom": 30, "customer": 22, "date": "2022-04-25", "positive": false}}, {"model": "Customer.positivesymptoms", "pk": 363, "fields": {"symptom": 31, "customer": 22, "date": "2022-04-25", "positive": false}}, {"model": "Customer.positivesymptoms", "pk": 364, "fields": {"symptom": 32, "customer": 22, "date": "2022-04-25", "positive": false}}, {"model": "Customer.positivesymptoms", "pk": 365, "fields": {"symptom": 33, "customer": 22, "date": "2022-04-25", "positive": false}}, {"model": "Customer.positivesymptoms", "pk": 366, "fields": {"symptom": 34, "customer": 22, "date": "2022-04-25", "positive": false}}, {"model": "Customer.positivesymptoms", "pk": 367, "fields": {"symptom": 35, "customer": 22, "date": "2022-04-25", "positive": false}}, {"model": "Customer.positivesymptoms", "pk": 368, "fields": {"symptom": 36, "customer": 22, "date": "2022-04-25", "positive": false}}, {"model": "Customer.positivesymptoms", "pk": 369, "fields": {"symptom": 37, "customer": 22, "date": "2022-04-25", "positive": false}}, {"model": "Customer.positivesymptoms", "pk": 370, "fields": {"symptom": 38, "customer": 22, "date": "2022-04-25", "positive": false}}, {"model": "Customer.positivesymptoms", "pk": 371, "fields": {"symptom": 39, "customer": 22, "date": "2022-04-25", "positive": false}}, {"model": "Customer.positivesymptoms", "pk": 372, "fields": {"symptom": 40, "customer": 22, "date": "2022-04-25", "positive": false}}, {"model": "Customer.positivesymptoms", "pk": 373, "fields": {"symptom": 41, "customer": 22, "date": "2022-04-25", "positive": false}}, {"model": "Customer.positivesymptoms", "pk": 374, "fields": {"symptom": 42, "customer": 22, "date": "2022-04-25", "positive": false}}, {"model": "Customer.positivesymptoms", "pk": 375, "fields": {"symptom": 43, "customer": 22, "date": "2022-04-25", "positive": false}}, {"model": "Customer.positivesymptoms", "pk": 376, "fields": {"symptom": 44, "customer": 22, "date": "2022-04-25", "positive": false}}, {"model": "Customer.positivesymptoms", "pk": 377, "fields": {"symptom": 45, "customer": 22, "date": "2022-04-25", "positive": false}}, {"model": "Customer.positivesymptoms", "pk": 378, "fields": {"symptom": 46, "customer": 22, "date": "2022-04-25", "positive": false}}, {"model": "Customer.positivesymptoms", "pk": 379, "fields": {"symptom": 47, "customer": 22, "date": "2022-04-25", "positive": false}}, {"model": "Customer.positivesymptoms", "pk": 380, "fields": {"symptom": 48, "customer": 22, "date": "2022-04-25", "positive": false}}, {"model": "Customer.positivesymptoms", "pk": 381, "fields": {"symptom": 49, "customer": 22, "date": "2022-04-25", "positive": false}}, {"model": "Customer.positivesymptoms", "pk": 382, "fields": {"symptom": 50, "customer": 22, "date": "2022-04-25", "positive": false}}, {"model": "Customer.positivesymptoms", "pk": 383, "fields": {"symptom": 51, "customer": 22, "date": "2022-04-25", "positive": false}}, {"model": "Customer.positivesymptoms", "pk": 384, "fields": {"symptom": 52, "customer": 22, "date": "2022-04-25", "positive": false}}, {"model": "Customer.positivesymptoms", "pk": 385, "fields": {"symptom": 53, "customer": 22, "date": "2022-04-25", "positive": false}}, {"model": "Customer.positivesymptoms", "pk": 386, "fields": {"symptom": 54, "customer": 22, "date": "2022-04-25", "positive": false}}, {"model": "Customer.positivesymptoms", "pk": 387, "fields": {"symptom": 55, "customer": 22, "date": "2022-04-25", "positive": false}}, {"model": "Customer.positivesymptoms", "pk": 388, "fields": {"symptom": 56, "customer": 22, "date": "2022-04-25", "positive": false}}, {"model": "Customer.positivesymptoms", "pk": 389, "fields": {"symptom": 57, "customer": 22, "date": "2022-04-25", "positive": false}}, {"model": "Customer.positivesymptoms", "pk": 390, "fields": {"symptom": 58, "customer": 22, "date": "2022-04-25", "positive": false}}, {"model": "Customer.positivesymptoms", "pk": 391, "fields": {"symptom": 59, "customer": 22, "date": "2022-04-25", "positive": false}}, {"model": "Customer.positivesymptoms", "pk": 392, "fields": {"symptom": 60, "customer": 22, "date": "2022-04-25", "positive": false}}, {"model": "Customer.positivesymptoms", "pk": 393, "fields": {"symptom": 61, "customer": 22, "date": "2022-04-25", "positive": false}}, {"model": "Customer.positivesymptoms", "pk": 394, "fields": {"symptom": 62, "customer": 22, "date": "2022-04-25", "positive": false}}, {"model": "Customer.positivesymptoms", "pk": 395, "fields": {"symptom": 1, "customer": 22, "date": "2022-04-26", "positive": false}}, {"model": "Customer.positivesymptoms", "pk": 396, "fields": {"symptom": 2, "customer": 22, "date": "2022-04-26", "positive": false}}, {"model": "Customer.positivesymptoms", "pk": 398, "fields": {"symptom": 4, "customer": 22, "date": "2022-04-26", "positive": false}}, {"model": "Customer.positivesymptoms", "pk": 399, "fields": {"symptom": 5, "customer": 22, "date": "2022-04-26", "positive": false}}, {"model": "Customer.positivesymptoms", "pk": 400, "fields": {"symptom": 6, "customer": 22, "date": "2022-04-26", "positive": false}}, {"model": "Customer.positivesymptoms", "pk": 401, "fields": {"symptom": 7, "customer": 22, "date": "2022-04-26", "positive": false}}, {"model": "Customer.positivesymptoms", "pk": 402, "fields": {"symptom": 8, "customer": 22, "date": "2022-04-26", "positive": false}}, {"model": "Customer.positivesymptoms", "pk": 403, "fields": {"symptom": 9, "customer": 22, "date": "2022-04-26", "positive": true}}, {"model": "Customer.positivesymptoms", "pk": 404, "fields": {"symptom": 10, "customer": 22, "date": "2022-04-26", "positive": false}}, {"model": "Customer.positivesymptoms", "pk": 405, "fields": {"symptom": 11, "customer": 22, "date": "2022-04-26", "positive": false}}, {"model": "Customer.positivesymptoms", "pk": 406, "fields": {"symptom": 12, "customer": 22, "date": "2022-04-26", "positive": false}}, {"model": "Customer.positivesymptoms", "pk": 407, "fields": {"symptom": 13, "customer": 22, "date": "2022-04-26", "positive": false}}, {"model": "Customer.positivesymptoms", "pk": 408, "fields": {"symptom": 14, "customer": 22, "date": "2022-04-26", "positive": false}}, {"model": "Customer.positivesymptoms", "pk": 409, "fields": {"symptom": 15, "customer": 22, "date": "2022-04-26", "positive": false}}, {"model": "Customer.positivesymptoms", "pk": 410, "fields": {"symptom": 16, "customer": 22, "date": "2022-04-26", "positive": false}}, {"model": "Customer.positivesymptoms", "pk": 411, "fields": {"symptom": 17, "customer": 22, "date": "2022-04-26", "positive": false}}, {"model": "Customer.positivesymptoms", "pk": 412, "fields": {"symptom": 18, "customer": 22, "date": "2022-04-26", "positive": false}}, {"model": "Customer.positivesymptoms", "pk": 413, "fields": {"symptom": 19, "customer": 22, "date": "2022-04-26", "positive": false}}, {"model": "Customer.positivesymptoms", "pk": 414, "fields": {"symptom": 20, "customer": 22, "date": "2022-04-26", "positive": false}}, {"model": "Customer.positivesymptoms", "pk": 415, "fields": {"symptom": 21, "customer": 22, "date": "2022-04-26", "positive": false}}, {"model": "Customer.positivesymptoms", "pk": 416, "fields": {"symptom": 22, "customer": 22, "date": "2022-04-26", "positive": false}}, {"model": "Customer.positivesymptoms", "pk": 417, "fields": {"symptom": 23, "customer": 22, "date": "2022-04-26", "positive": false}}, {"model": "Customer.positivesymptoms", "pk": 418, "fields": {"symptom": 24, "customer": 22, "date": "2022-04-26", "positive": false}}, {"model": "Customer.positivesymptoms", "pk": 419, "fields": {"symptom": 25, "customer": 22, "date": "2022-04-26", "positive": false}}, {"model": "Customer.positivesymptoms", "pk": 420, "fields": {"symptom": 26, "customer": 22, "date": "2022-04-26", "positive": false}}, {"model": "Customer.positivesymptoms", "pk": 421, "fields": {"symptom": 27, "customer": 22, "date": "2022-04-26", "positive": false}}, {"model": "Customer.positivesymptoms", "pk": 422, "fields": {"symptom": 28, "customer": 22, "date": "2022-04-26", "positive": true}}, {"model": "Customer.positivesymptoms", "pk": 423, "fields": {"symptom": 29, "customer": 22, "date": "2022-04-26", "positive": false}}, {"model": "Customer.positivesymptoms", "pk": 424, "fields": {"symptom": 30, "customer": 22, "date": "2022-04-26", "positive": true}}, {"model": "Customer.positivesymptoms", "pk": 425, "fields": {"symptom": 31, "customer": 22, "date": "2022-04-26", "positive": true}}, {"model": "Customer.positivesymptoms", "pk": 426, "fields": {"symptom": 32, "customer": 22, "date": "2022-04-26", "positive": false}}, {"model": "Customer.positivesymptoms", "pk": 427, "fields": {"symptom": 33, "customer": 22, "date": "2022-04-26", "positive": false}}, {"model": "Customer.positivesymptoms", "pk": 428, "fields": {"symptom": 34, "customer": 22, "date": "2022-04-26", "positive": false}}, {"model": "Customer.positivesymptoms", "pk": 429, "fields": {"symptom": 35, "customer": 22, "date": "2022-04-26", "positive": false}}, {"model": "Customer.positivesymptoms", "pk": 430, "fields": {"symptom": 36, "customer": 22, "date": "2022-04-26", "positive": true}}, {"model": "Customer.positivesymptoms", "pk": 431, "fields": {"symptom": 37, "customer": 22, "date": "2022-04-26", "positive": false}}, {"model": "Customer.positivesymptoms", "pk": 432, "fields": {"symptom": 38, "customer": 22, "date": "2022-04-26", "positive": false}}, {"model": "Customer.positivesymptoms", "pk": 433, "fields": {"symptom": 39, "customer": 22, "date": "2022-04-26", "positive": false}}, {"model": "Customer.positivesymptoms", "pk": 434, "fields": {"symptom": 40, "customer": 22, "date": "2022-04-26", "positive": false}}, {"model": "Customer.positivesymptoms", "pk": 435, "fields": {"symptom": 41, "customer": 22, "date": "2022-04-26", "positive": true}}, {"model": "Customer.positivesymptoms", "pk": 436, "fields": {"symptom": 42, "customer": 22, "date": "2022-04-26", "positive": false}}, {"model": "Customer.positivesymptoms", "pk": 437, "fields": {"symptom": 43, "customer": 22, "date": "2022-04-26", "positive": false}}, {"model": "Customer.positivesymptoms", "pk": 438, "fields": {"symptom": 44, "customer": 22, "date": "2022-04-26", "positive": true}}, {"model": "Customer.positivesymptoms", "pk": 439, "fields": {"symptom": 45, "customer": 22, "date": "2022-04-26", "positive": false}}, {"model": "Customer.positivesymptoms", "pk": 440, "fields": {"symptom": 46, "customer": 22, "date": "2022-04-26", "positive": false}}, {"model": "Customer.positivesymptoms", "pk": 441, "fields": {"symptom": 47, "customer": 22, "date": "2022-04-26", "positive": false}}, {"model": "Customer.positivesymptoms", "pk": 442, "fields": {"symptom": 48, "customer": 22, "date": "2022-04-26", "positive": false}}, {"model": "Customer.positivesymptoms", "pk": 443, "fields": {"symptom": 49, "customer": 22, "date": "2022-04-26", "positive": false}}, {"model": "Customer.positivesymptoms", "pk": 444, "fields": {"symptom": 50, "customer": 22, "date": "2022-04-26", "positive": true}}, {"model": "Customer.positivesymptoms", "pk": 445, "fields": {"symptom": 51, "customer": 22, "date": "2022-04-26", "positive": false}}, {"model": "Customer.positivesymptoms", "pk": 446, "fields": {"symptom": 52, "customer": 22, "date": "2022-04-26", "positive": true}}, {"model": "Customer.positivesymptoms", "pk": 447, "fields": {"symptom": 53, "customer": 22, "date": "2022-04-26", "positive": false}}, {"model": "Customer.positivesymptoms", "pk": 448, "fields": {"symptom": 54, "customer": 22, "date": "2022-04-26", "positive": false}}, {"model": "Customer.positivesymptoms", "pk": 449, "fields": {"symptom": 55, "customer": 22, "date": "2022-04-26", "positive": false}}, {"model": "Customer.positivesymptoms", "pk": 450, "fields": {"symptom": 56, "customer": 22, "date": "2022-04-26", "positive": true}}, {"model": "Customer.positivesymptoms", "pk": 451, "fields": {"symptom": 57, "customer": 22, "date": "2022-04-26", "positive": false}}, {"model": "Customer.positivesymptoms", "pk": 452, "fields": {"symptom": 58, "customer": 22, "date": "2022-04-26", "positive": false}}, {"model": "Customer.positivesymptoms", "pk": 453, "fields": {"symptom": 59, "customer": 22, "date": "2022-04-26", "positive": false}}, {"model": "Customer.positivesymptoms", "pk": 454, "fields": {"symptom": 60, "customer": 22, "date": "2022-04-26", "positive": false}}, {"model": "Customer.positivesymptoms", "pk": 455, "fields": {"symptom": 61, "customer": 22, "date": "2022-04-26", "positive": false}}, {"model": "Customer.positivesymptoms", "pk": 456, "fields": {"symptom": 62, "customer": 22, "date": "2022-04-26", "positive": false}}, {"model": "Customer.positivesymptoms", "pk": 457, "fields": {"symptom": 1, "customer": 22, "date": "2022-04-27", "positive": true}}, {"model": "Customer.positivesymptoms", "pk": 458, "fields": {"symptom": 2, "customer": 22, "date": "2022-04-27", "positive": true}}, {"model": "Customer.positivesymptoms", "pk": 460, "fields": {"symptom": 4, "customer": 22, "date": "2022-04-27", "positive": true}}, {"model": "Customer.positivesymptoms", "pk": 461, "fields": {"symptom": 5, "customer": 22, "date": "2022-04-27", "positive": true}}, {"model": "Customer.positivesymptoms", "pk": 462, "fields": {"symptom": 6, "customer": 22, "date": "2022-04-27", "positive": true}}, {"model": "Customer.positivesymptoms", "pk": 463, "fields": {"symptom": 7, "customer": 22, "date": "2022-04-27", "positive": true}}, {"model": "Customer.positivesymptoms", "pk": 464, "fields": {"symptom": 8, "customer": 22, "date": "2022-04-27", "positive": true}}, {"model": "Customer.positivesymptoms", "pk": 465, "fields": {"symptom": 9, "customer": 22, "date": "2022-04-27", "positive": true}}, {"model": "Customer.positivesymptoms", "pk": 466, "fields": {"symptom": 10, "customer": 22, "date": "2022-04-27", "positive": true}}, {"model": "Customer.positivesymptoms", "pk": 467, "fields": {"symptom": 11, "customer": 22, "date": "2022-04-27", "positive": true}}, {"model": "Customer.positivesymptoms", "pk": 468, "fields": {"symptom": 12, "customer": 22, "date": "2022-04-27", "positive": true}}, {"model": "Customer.positivesymptoms", "pk": 469, "fields": {"symptom": 13, "customer": 22, "date": "2022-04-27", "positive": true}}, {"model": "Customer.positivesymptoms", "pk": 470, "fields": {"symptom": 14, "customer": 22, "date": "2022-04-27", "positive": true}}, {"model": "Customer.positivesymptoms", "pk": 471, "fields": {"symptom": 15, "customer": 22, "date": "2022-04-27", "positive": true}}, {"model": "Customer.positivesymptoms", "pk": 472, "fields": {"symptom": 16, "customer": 22, "date": "2022-04-27", "positive": true}}, {"model": "Customer.positivesymptoms", "pk": 473, "fields": {"symptom": 17, "customer": 22, "date": "2022-04-27", "positive": true}}, {"model": "Customer.positivesymptoms", "pk": 474, "fields": {"symptom": 18, "customer": 22, "date": "2022-04-27", "positive": true}}, {"model": "Customer.positivesymptoms", "pk": 475, "fields": {"symptom": 19, "customer": 22, "date": "2022-04-27", "positive": true}}, {"model": "Customer.positivesymptoms", "pk": 476, "fields": {"symptom": 20, "customer": 22, "date": "2022-04-27", "positive": true}}, {"model": "Customer.positivesymptoms", "pk": 477, "fields": {"symptom": 21, "customer": 22, "date": "2022-04-27", "positive": true}}, {"model": "Customer.positivesymptoms", "pk": 478, "fields": {"symptom": 22, "customer": 22, "date": "2022-04-27", "positive": true}}, {"model": "Customer.positivesymptoms", "pk": 479, "fields": {"symptom": 23, "customer": 22, "date": "2022-04-27", "positive": true}}, {"model": "Customer.positivesymptoms", "pk": 480, "fields": {"symptom": 24, "customer": 22, "date": "2022-04-27", "positive": true}}, {"model": "Customer.positivesymptoms", "pk": 481, "fields": {"symptom": 25, "customer": 22, "date": "2022-04-27", "positive": true}}, {"model": "Customer.positivesymptoms", "pk": 482, "fields": {"symptom": 26, "customer": 22, "date": "2022-04-27", "positive": true}}, {"model": "Customer.positivesymptoms", "pk": 483, "fields": {"symptom": 27, "customer": 22, "date": "2022-04-27", "positive": true}}, {"model": "Customer.positivesymptoms", "pk": 484, "fields": {"symptom": 28, "customer": 22, "date": "2022-04-27", "positive": true}}, {"model": "Customer.positivesymptoms", "pk": 485, "fields": {"symptom": 29, "customer": 22, "date": "2022-04-27", "positive": true}}, {"model": "Customer.positivesymptoms", "pk": 486, "fields": {"symptom": 30, "customer": 22, "date": "2022-04-27", "positive": true}}, {"model": "Customer.positivesymptoms", "pk": 487, "fields": {"symptom": 31, "customer": 22, "date": "2022-04-27", "positive": true}}, {"model": "Customer.positivesymptoms", "pk": 488, "fields": {"symptom": 32, "customer": 22, "date": "2022-04-27", "positive": true}}, {"model": "Customer.positivesymptoms", "pk": 489, "fields": {"symptom": 33, "customer": 22, "date": "2022-04-27", "positive": true}}, {"model": "Customer.positivesymptoms", "pk": 490, "fields": {"symptom": 34, "customer": 22, "date": "2022-04-27", "positive": true}}, {"model": "Customer.positivesymptoms", "pk": 491, "fields": {"symptom": 35, "customer": 22, "date": "2022-04-27", "positive": true}}, {"model": "Customer.positivesymptoms", "pk": 492, "fields": {"symptom": 36, "customer": 22, "date": "2022-04-27", "positive": true}}, {"model": "Customer.positivesymptoms", "pk": 493, "fields": {"symptom": 37, "customer": 22, "date": "2022-04-27", "positive": true}}, {"model": "Customer.positivesymptoms", "pk": 494, "fields": {"symptom": 38, "customer": 22, "date": "2022-04-27", "positive": true}}, {"model": "Customer.positivesymptoms", "pk": 495, "fields": {"symptom": 39, "customer": 22, "date": "2022-04-27", "positive": true}}, {"model": "Customer.positivesymptoms", "pk": 496, "fields": {"symptom": 40, "customer": 22, "date": "2022-04-27", "positive": true}}, {"model": "Customer.positivesymptoms", "pk": 497, "fields": {"symptom": 41, "customer": 22, "date": "2022-04-27", "positive": true}}, {"model": "Customer.positivesymptoms", "pk": 498, "fields": {"symptom": 42, "customer": 22, "date": "2022-04-27", "positive": true}}, {"model": "Customer.positivesymptoms", "pk": 499, "fields": {"symptom": 43, "customer": 22, "date": "2022-04-27", "positive": true}}, {"model": "Customer.positivesymptoms", "pk": 500, "fields": {"symptom": 44, "customer": 22, "date": "2022-04-27", "positive": true}}, {"model": "Customer.positivesymptoms", "pk": 501, "fields": {"symptom": 45, "customer": 22, "date": "2022-04-27", "positive": true}}, {"model": "Customer.positivesymptoms", "pk": 502, "fields": {"symptom": 46, "customer": 22, "date": "2022-04-27", "positive": true}}, {"model": "Customer.positivesymptoms", "pk": 503, "fields": {"symptom": 47, "customer": 22, "date": "2022-04-27", "positive": true}}, {"model": "Customer.positivesymptoms", "pk": 504, "fields": {"symptom": 48, "customer": 22, "date": "2022-04-27", "positive": true}}, {"model": "Customer.positivesymptoms", "pk": 505, "fields": {"symptom": 49, "customer": 22, "date": "2022-04-27", "positive": true}}, {"model": "Customer.positivesymptoms", "pk": 506, "fields": {"symptom": 50, "customer": 22, "date": "2022-04-27", "positive": true}}, {"model": "Customer.positivesymptoms", "pk": 507, "fields": {"symptom": 51, "customer": 22, "date": "2022-04-27", "positive": true}}, {"model": "Customer.positivesymptoms", "pk": 508, "fields": {"symptom": 52, "customer": 22, "date": "2022-04-27", "positive": true}}, {"model": "Customer.positivesymptoms", "pk": 509, "fields": {"symptom": 53, "customer": 22, "date": "2022-04-27", "positive": true}}, {"model": "Customer.positivesymptoms", "pk": 510, "fields": {"symptom": 54, "customer": 22, "date": "2022-04-27", "positive": true}}, {"model": "Customer.positivesymptoms", "pk": 511, "fields": {"symptom": 55, "customer": 22, "date": "2022-04-27", "positive": true}}, {"model": "Customer.positivesymptoms", "pk": 512, "fields": {"symptom": 56, "customer": 22, "date": "2022-04-27", "positive": true}}, {"model": "Customer.positivesymptoms", "pk": 513, "fields": {"symptom": 57, "customer": 22, "date": "2022-04-27", "positive": true}}, {"model": "Customer.positivesymptoms", "pk": 514, "fields": {"symptom": 58, "customer": 22, "date": "2022-04-27", "positive": true}}, {"model": "Customer.positivesymptoms", "pk": 515, "fields": {"symptom": 59, "customer": 22, "date": "2022-04-27", "positive": true}}, {"model": "Customer.positivesymptoms", "pk": 516, "fields": {"symptom": 60, "customer": 22, "date": "2022-04-27", "positive": true}}, {"model": "Customer.positivesymptoms", "pk": 517, "fields": {"symptom": 61, "customer": 22, "date": "2022-04-27", "positive": true}}, {"model": "Customer.positivesymptoms", "pk": 518, "fields": {"symptom": 62, "customer": 22, "date": "2022-04-27", "positive": true}}, {"model": "Customer.positivesymptoms", "pk": 519, "fields": {"symptom": 1, "customer": 22, "date": "2022-04-28", "positive": false}}, {"model": "Customer.positivesymptoms", "pk": 520, "fields": {"symptom": 2, "customer": 22, "date": "2022-04-28", "positive": false}}, {"model": "Customer.positivesymptoms", "pk": 522, "fields": {"symptom": 4, "customer": 22, "date": "2022-04-28", "positive": false}}, {"model": "Customer.positivesymptoms", "pk": 523, "fields": {"symptom": 5, "customer": 22, "date": "2022-04-28", "positive": false}}, {"model": "Customer.positivesymptoms", "pk": 524, "fields": {"symptom": 6, "customer": 22, "date": "2022-04-28", "positive": false}}, {"model": "Customer.positivesymptoms", "pk": 525, "fields": {"symptom": 7, "customer": 22, "date": "2022-04-28", "positive": false}}, {"model": "Customer.positivesymptoms", "pk": 526, "fields": {"symptom": 8, "customer": 22, "date": "2022-04-28", "positive": false}}, {"model": "Customer.positivesymptoms", "pk": 527, "fields": {"symptom": 9, "customer": 22, "date": "2022-04-28", "positive": true}}, {"model": "Customer.positivesymptoms", "pk": 528, "fields": {"symptom": 10, "customer": 22, "date": "2022-04-28", "positive": false}}, {"model": "Customer.positivesymptoms", "pk": 529, "fields": {"symptom": 11, "customer": 22, "date": "2022-04-28", "positive": false}}, {"model": "Customer.positivesymptoms", "pk": 530, "fields": {"symptom": 12, "customer": 22, "date": "2022-04-28", "positive": false}}, {"model": "Customer.positivesymptoms", "pk": 531, "fields": {"symptom": 13, "customer": 22, "date": "2022-04-28", "positive": false}}, {"model": "Customer.positivesymptoms", "pk": 532, "fields": {"symptom": 14, "customer": 22, "date": "2022-04-28", "positive": false}}, {"model": "Customer.positivesymptoms", "pk": 533, "fields": {"symptom": 15, "customer": 22, "date": "2022-04-28", "positive": false}}, {"model": "Customer.positivesymptoms", "pk": 534, "fields": {"symptom": 16, "customer": 22, "date": "2022-04-28", "positive": true}}, {"model": "Customer.positivesymptoms", "pk": 535, "fields": {"symptom": 17, "customer": 22, "date": "2022-04-28", "positive": false}}, {"model": "Customer.positivesymptoms", "pk": 536, "fields": {"symptom": 18, "customer": 22, "date": "2022-04-28", "positive": false}}, {"model": "Customer.positivesymptoms", "pk": 537, "fields": {"symptom": 19, "customer": 22, "date": "2022-04-28", "positive": false}}, {"model": "Customer.positivesymptoms", "pk": 538, "fields": {"symptom": 20, "customer": 22, "date": "2022-04-28", "positive": false}}, {"model": "Customer.positivesymptoms", "pk": 539, "fields": {"symptom": 21, "customer": 22, "date": "2022-04-28", "positive": false}}, {"model": "Customer.positivesymptoms", "pk": 540, "fields": {"symptom": 22, "customer": 22, "date": "2022-04-28", "positive": false}}, {"model": "Customer.positivesymptoms", "pk": 541, "fields": {"symptom": 23, "customer": 22, "date": "2022-04-28", "positive": false}}, {"model": "Customer.positivesymptoms", "pk": 542, "fields": {"symptom": 24, "customer": 22, "date": "2022-04-28", "positive": false}}, {"model": "Customer.positivesymptoms", "pk": 543, "fields": {"symptom": 25, "customer": 22, "date": "2022-04-28", "positive": false}}, {"model": "Customer.positivesymptoms", "pk": 544, "fields": {"symptom": 26, "customer": 22, "date": "2022-04-28", "positive": false}}, {"model": "Customer.positivesymptoms", "pk": 545, "fields": {"symptom": 27, "customer": 22, "date": "2022-04-28", "positive": false}}, {"model": "Customer.positivesymptoms", "pk": 546, "fields": {"symptom": 28, "customer": 22, "date": "2022-04-28", "positive": false}}, {"model": "Customer.positivesymptoms", "pk": 547, "fields": {"symptom": 29, "customer": 22, "date": "2022-04-28", "positive": false}}, {"model": "Customer.positivesymptoms", "pk": 548, "fields": {"symptom": 30, "customer": 22, "date": "2022-04-28", "positive": false}}, {"model": "Customer.positivesymptoms", "pk": 549, "fields": {"symptom": 31, "customer": 22, "date": "2022-04-28", "positive": false}}, {"model": "Customer.positivesymptoms", "pk": 550, "fields": {"symptom": 32, "customer": 22, "date": "2022-04-28", "positive": false}}, {"model": "Customer.positivesymptoms", "pk": 551, "fields": {"symptom": 33, "customer": 22, "date": "2022-04-28", "positive": true}}, {"model": "Customer.positivesymptoms", "pk": 552, "fields": {"symptom": 34, "customer": 22, "date": "2022-04-28", "positive": false}}, {"model": "Customer.positivesymptoms", "pk": 553, "fields": {"symptom": 35, "customer": 22, "date": "2022-04-28", "positive": false}}, {"model": "Customer.positivesymptoms", "pk": 554, "fields": {"symptom": 36, "customer": 22, "date": "2022-04-28", "positive": false}}, {"model": "Customer.positivesymptoms", "pk": 555, "fields": {"symptom": 37, "customer": 22, "date": "2022-04-28", "positive": false}}, {"model": "Customer.positivesymptoms", "pk": 556, "fields": {"symptom": 38, "customer": 22, "date": "2022-04-28", "positive": false}}, {"model": "Customer.positivesymptoms", "pk": 557, "fields": {"symptom": 39, "customer": 22, "date": "2022-04-28", "positive": false}}, {"model": "Customer.positivesymptoms", "pk": 558, "fields": {"symptom": 40, "customer": 22, "date": "2022-04-28", "positive": false}}, {"model": "Customer.positivesymptoms", "pk": 559, "fields": {"symptom": 41, "customer": 22, "date": "2022-04-28", "positive": false}}, {"model": "Customer.positivesymptoms", "pk": 560, "fields": {"symptom": 42, "customer": 22, "date": "2022-04-28", "positive": false}}, {"model": "Customer.positivesymptoms", "pk": 561, "fields": {"symptom": 43, "customer": 22, "date": "2022-04-28", "positive": false}}, {"model": "Customer.positivesymptoms", "pk": 562, "fields": {"symptom": 44, "customer": 22, "date": "2022-04-28", "positive": false}}, {"model": "Customer.positivesymptoms", "pk": 563, "fields": {"symptom": 45, "customer": 22, "date": "2022-04-28", "positive": false}}, {"model": "Customer.positivesymptoms", "pk": 564, "fields": {"symptom": 46, "customer": 22, "date": "2022-04-28", "positive": false}}, {"model": "Customer.positivesymptoms", "pk": 565, "fields": {"symptom": 47, "customer": 22, "date": "2022-04-28", "positive": false}}, {"model": "Customer.positivesymptoms", "pk": 566, "fields": {"symptom": 48, "customer": 22, "date": "2022-04-28", "positive": false}}, {"model": "Customer.positivesymptoms", "pk": 567, "fields": {"symptom": 49, "customer": 22, "date": "2022-04-28", "positive": false}}, {"model": "Customer.positivesymptoms", "pk": 568, "fields": {"symptom": 50, "customer": 22, "date": "2022-04-28", "positive": false}}, {"model": "Customer.positivesymptoms", "pk": 569, "fields": {"symptom": 51, "customer": 22, "date": "2022-04-28", "positive": false}}, {"model": "Customer.positivesymptoms", "pk": 570, "fields": {"symptom": 52, "customer": 22, "date": "2022-04-28", "positive": false}}, {"model": "Customer.positivesymptoms", "pk": 571, "fields": {"symptom": 53, "customer": 22, "date": "2022-04-28", "positive": false}}, {"model": "Customer.positivesymptoms", "pk": 572, "fields": {"symptom": 54, "customer": 22, "date": "2022-04-28", "positive": false}}, {"model": "Customer.positivesymptoms", "pk": 573, "fields": {"symptom": 55, "customer": 22, "date": "2022-04-28", "positive": false}}, {"model": "Customer.positivesymptoms", "pk": 574, "fields": {"symptom": 56, "customer": 22, "date": "2022-04-28", "positive": false}}, {"model": "Customer.positivesymptoms", "pk": 575, "fields": {"symptom": 57, "customer": 22, "date": "2022-04-28", "positive": false}}, {"model": "Customer.positivesymptoms", "pk": 576, "fields": {"symptom": 58, "customer": 22, "date": "2022-04-28", "positive": false}}, {"model": "Customer.positivesymptoms", "pk": 577, "fields": {"symptom": 59, "customer": 22, "date": "2022-04-28", "positive": false}}, {"model": "Customer.positivesymptoms", "pk": 578, "fields": {"symptom": 60, "customer": 22, "date": "2022-04-28", "positive": false}}, {"model": "Customer.positivesymptoms", "pk": 579, "fields": {"symptom": 61, "customer": 22, "date": "2022-04-28", "positive": false}}, {"model": "Customer.positivesymptoms", "pk": 580, "fields": {"symptom": 62, "customer": 22, "date": "2022-04-28", "positive": false}}, {"model": "Customer.positivesymptoms", "pk": 581, "fields": {"symptom": 4, "customer": 22, "date": "2022-04-29", "positive": false}}, {"model": "Customer.positivesymptoms", "pk": 582, "fields": {"symptom": 15, "customer": 22, "date": "2022-04-29", "positive": false}}, {"model": "Customer.positivesymptoms", "pk": 583, "fields": {"symptom": 18, "customer": 22, "date": "2022-04-29", "positive": false}}, {"model": "Customer.positivesymptoms", "pk": 584, "fields": {"symptom": 19, "customer": 22, "date": "2022-04-29", "positive": false}}, {"model": "Customer.positivesymptoms", "pk": 585, "fields": {"symptom": 20, "customer": 22, "date": "2022-04-29", "positive": false}}, {"model": "Customer.positivesymptoms", "pk": 586, "fields": {"symptom": 21, "customer": 22, "date": "2022-04-29", "positive": false}}, {"model": "Customer.positivesymptoms", "pk": 587, "fields": {"symptom": 26, "customer": 22, "date": "2022-04-29", "positive": false}}, {"model": "Customer.positivesymptoms", "pk": 588, "fields": {"symptom": 37, "customer": 22, "date": "2022-04-29", "positive": false}}, {"model": "Customer.positivesymptoms", "pk": 589, "fields": {"symptom": 43, "customer": 22, "date": "2022-04-29", "positive": false}}, {"model": "Customer.positivesymptoms", "pk": 590, "fields": {"symptom": 47, "customer": 22, "date": "2022-04-29", "positive": false}}, {"model": "Customer.positivesymptoms", "pk": 591, "fields": {"symptom": 48, "customer": 22, "date": "2022-04-29", "positive": false}}, {"model": "Customer.positivesymptoms", "pk": 592, "fields": {"symptom": 49, "customer": 22, "date": "2022-04-29", "positive": false}}, {"model": "Customer.positivesymptoms", "pk": 593, "fields": {"symptom": 50, "customer": 22, "date": "2022-04-29", "positive": false}}, {"model": "Customer.positivesymptoms", "pk": 594, "fields": {"symptom": 51, "customer": 22, "date": "2022-04-29", "positive": false}}, {"model": "Customer.positivesymptoms", "pk": 595, "fields": {"symptom": 53, "customer": 22, "date": "2022-04-29", "positive": false}}, {"model": "Customer.positivesymptoms", "pk": 596, "fields": {"symptom": 56, "customer": 22, "date": "2022-04-29", "positive": false}}, {"model": "Customer.positivesymptoms", "pk": 597, "fields": {"symptom": 57, "customer": 22, "date": "2022-04-29", "positive": false}}, {"model": "Customer.positivesymptoms", "pk": 598, "fields": {"symptom": 62, "customer": 22, "date": "2022-04-29", "positive": false}}, {"model": "Customer.positivesymptoms", "pk": 599, "fields": {"symptom": 61, "customer": 22, "date": "2022-04-29", "positive": false}}, {"model": "Customer.positivesymptoms", "pk": 600, "fields": {"symptom": 60, "customer": 22, "date": "2022-04-29", "positive": false}}, {"model": "Customer.positivesymptoms", "pk": 601, "fields": {"symptom": 59, "customer": 22, "date": "2022-04-29", "positive": false}}, {"model": "Customer.positivesymptoms", "pk": 602, "fields": {"symptom": 58, "customer": 22, "date": "2022-04-29", "positive": false}}, {"model": "Customer.positivesymptoms", "pk": 603, "fields": {"symptom": 55, "customer": 22, "date": "2022-04-29", "positive": false}}, {"model": "Customer.positivesymptoms", "pk": 604, "fields": {"symptom": 54, "customer": 22, "date": "2022-04-29", "positive": false}}, {"model": "Customer.positivesymptoms", "pk": 605, "fields": {"symptom": 52, "customer": 22, "date": "2022-04-29", "positive": false}}, {"model": "Customer.positivesymptoms", "pk": 606, "fields": {"symptom": 46, "customer": 22, "date": "2022-04-29", "positive": false}}, {"model": "Customer.positivesymptoms", "pk": 607, "fields": {"symptom": 45, "customer": 22, "date": "2022-04-29", "positive": false}}, {"model": "Customer.positivesymptoms", "pk": 608, "fields": {"symptom": 44, "customer": 22, "date": "2022-04-29", "positive": false}}, {"model": "Customer.positivesymptoms", "pk": 609, "fields": {"symptom": 42, "customer": 22, "date": "2022-04-29", "positive": false}}, {"model": "Customer.positivesymptoms", "pk": 610, "fields": {"symptom": 41, "customer": 22, "date": "2022-04-29", "positive": false}}, {"model": "Customer.positivesymptoms", "pk": 611, "fields": {"symptom": 40, "customer": 22, "date": "2022-04-29", "positive": false}}, {"model": "Customer.positivesymptoms", "pk": 612, "fields": {"symptom": 39, "customer": 22, "date": "2022-04-29", "positive": false}}, {"model": "Customer.positivesymptoms", "pk": 613, "fields": {"symptom": 38, "customer": 22, "date": "2022-04-29", "positive": false}}, {"model": "Customer.positivesymptoms", "pk": 614, "fields": {"symptom": 36, "customer": 22, "date": "2022-04-29", "positive": true}}, {"model": "Customer.positivesymptoms", "pk": 615, "fields": {"symptom": 35, "customer": 22, "date": "2022-04-29", "positive": false}}, {"model": "Customer.positivesymptoms", "pk": 616, "fields": {"symptom": 34, "customer": 22, "date": "2022-04-29", "positive": false}}, {"model": "Customer.positivesymptoms", "pk": 617, "fields": {"symptom": 33, "customer": 22, "date": "2022-04-29", "positive": true}}, {"model": "Customer.positivesymptoms", "pk": 618, "fields": {"symptom": 32, "customer": 22, "date": "2022-04-29", "positive": false}}, {"model": "Customer.positivesymptoms", "pk": 619, "fields": {"symptom": 31, "customer": 22, "date": "2022-04-29", "positive": false}}, {"model": "Customer.positivesymptoms", "pk": 620, "fields": {"symptom": 30, "customer": 22, "date": "2022-04-29", "positive": false}}, {"model": "Customer.positivesymptoms", "pk": 621, "fields": {"symptom": 29, "customer": 22, "date": "2022-04-29", "positive": false}}, {"model": "Customer.positivesymptoms", "pk": 622, "fields": {"symptom": 28, "customer": 22, "date": "2022-04-29", "positive": false}}, {"model": "Customer.positivesymptoms", "pk": 623, "fields": {"symptom": 27, "customer": 22, "date": "2022-04-29", "positive": false}}, {"model": "Customer.positivesymptoms", "pk": 624, "fields": {"symptom": 25, "customer": 22, "date": "2022-04-29", "positive": false}}, {"model": "Customer.positivesymptoms", "pk": 625, "fields": {"symptom": 24, "customer": 22, "date": "2022-04-29", "positive": false}}, {"model": "Customer.positivesymptoms", "pk": 626, "fields": {"symptom": 23, "customer": 22, "date": "2022-04-29", "positive": false}}, {"model": "Customer.positivesymptoms", "pk": 627, "fields": {"symptom": 22, "customer": 22, "date": "2022-04-29", "positive": false}}, {"model": "Customer.positivesymptoms", "pk": 628, "fields": {"symptom": 17, "customer": 22, "date": "2022-04-29", "positive": false}}, {"model": "Customer.positivesymptoms", "pk": 629, "fields": {"symptom": 16, "customer": 22, "date": "2022-04-29", "positive": true}}, {"model": "Customer.positivesymptoms", "pk": 630, "fields": {"symptom": 14, "customer": 22, "date": "2022-04-29", "positive": false}}, {"model": "Customer.positivesymptoms", "pk": 631, "fields": {"symptom": 13, "customer": 22, "date": "2022-04-29", "positive": false}}, {"model": "Customer.positivesymptoms", "pk": 632, "fields": {"symptom": 12, "customer": 22, "date": "2022-04-29", "positive": false}}, {"model": "Customer.positivesymptoms", "pk": 633, "fields": {"symptom": 11, "customer": 22, "date": "2022-04-29", "positive": false}}, {"model": "Customer.positivesymptoms", "pk": 634, "fields": {"symptom": 10, "customer": 22, "date": "2022-04-29", "positive": false}}, {"model": "Customer.positivesymptoms", "pk": 635, "fields": {"symptom": 9, "customer": 22, "date": "2022-04-29", "positive": false}}, {"model": "Customer.positivesymptoms", "pk": 636, "fields": {"symptom": 8, "customer": 22, "date": "2022-04-29", "positive": false}}, {"model": "Customer.positivesymptoms", "pk": 637, "fields": {"symptom": 7, "customer": 22, "date": "2022-04-29", "positive": false}}, {"model": "Customer.positivesymptoms", "pk": 638, "fields": {"symptom": 6, "customer": 22, "date": "2022-04-29", "positive": false}}, {"model": "Customer.positivesymptoms", "pk": 639, "fields": {"symptom": 5, "customer": 22, "date": "2022-04-29", "positive": false}}, {"model": "Customer.positivesymptoms", "pk": 640, "fields": {"symptom": 2, "customer": 22, "date": "2022-04-29", "positive": false}}, {"model": "Customer.positivesymptoms", "pk": 641, "fields": {"symptom": 1, "customer": 22, "date": "2022-04-29", "positive": false}}, {"model": "Customer.positivesymptoms", "pk": 642, "fields": {"symptom": 21, "customer": 22, "date": "2022-05-02", "positive": true}}, {"model": "Customer.positivesymptoms", "pk": 643, "fields": {"symptom": 4, "customer": 22, "date": "2022-05-10", "positive": false}}, {"model": "Customer.positivesymptoms", "pk": 644, "fields": {"symptom": 15, "customer": 22, "date": "2022-05-10", "positive": false}}, {"model": "Customer.positivesymptoms", "pk": 645, "fields": {"symptom": 18, "customer": 22, "date": "2022-05-10", "positive": false}}, {"model": "Customer.positivesymptoms", "pk": 646, "fields": {"symptom": 19, "customer": 22, "date": "2022-05-10", "positive": false}}, {"model": "Customer.positivesymptoms", "pk": 647, "fields": {"symptom": 20, "customer": 22, "date": "2022-05-10", "positive": false}}, {"model": "Customer.positivesymptoms", "pk": 648, "fields": {"symptom": 21, "customer": 22, "date": "2022-05-10", "positive": false}}, {"model": "Customer.positivesymptoms", "pk": 649, "fields": {"symptom": 26, "customer": 22, "date": "2022-05-10", "positive": false}}, {"model": "Customer.positivesymptoms", "pk": 650, "fields": {"symptom": 37, "customer": 22, "date": "2022-05-10", "positive": false}}, {"model": "Customer.positivesymptoms", "pk": 651, "fields": {"symptom": 43, "customer": 22, "date": "2022-05-10", "positive": false}}, {"model": "Customer.positivesymptoms", "pk": 652, "fields": {"symptom": 47, "customer": 22, "date": "2022-05-10", "positive": false}}, {"model": "Customer.positivesymptoms", "pk": 653, "fields": {"symptom": 48, "customer": 22, "date": "2022-05-10", "positive": false}}, {"model": "Customer.positivesymptoms", "pk": 654, "fields": {"symptom": 49, "customer": 22, "date": "2022-05-10", "positive": false}}, {"model": "Customer.positivesymptoms", "pk": 655, "fields": {"symptom": 50, "customer": 22, "date": "2022-05-10", "positive": false}}, {"model": "Customer.positivesymptoms", "pk": 656, "fields": {"symptom": 51, "customer": 22, "date": "2022-05-10", "positive": true}}, {"model": "Customer.positivesymptoms", "pk": 657, "fields": {"symptom": 53, "customer": 22, "date": "2022-05-10", "positive": false}}, {"model": "Customer.positivesymptoms", "pk": 658, "fields": {"symptom": 56, "customer": 22, "date": "2022-05-10", "positive": false}}, {"model": "Customer.positivesymptoms", "pk": 659, "fields": {"symptom": 57, "customer": 22, "date": "2022-05-10", "positive": false}}, {"model": "Customer.positivesymptoms", "pk": 660, "fields": {"symptom": 62, "customer": 22, "date": "2022-05-10", "positive": false}}, {"model": "Customer.positivesymptoms", "pk": 661, "fields": {"symptom": 61, "customer": 22, "date": "2022-05-10", "positive": false}}, {"model": "Customer.positivesymptoms", "pk": 662, "fields": {"symptom": 60, "customer": 22, "date": "2022-05-10", "positive": false}}, {"model": "Customer.positivesymptoms", "pk": 663, "fields": {"symptom": 59, "customer": 22, "date": "2022-05-10", "positive": false}}, {"model": "Customer.positivesymptoms", "pk": 664, "fields": {"symptom": 58, "customer": 22, "date": "2022-05-10", "positive": false}}, {"model": "Customer.positivesymptoms", "pk": 665, "fields": {"symptom": 55, "customer": 22, "date": "2022-05-10", "positive": false}}, {"model": "Customer.positivesymptoms", "pk": 666, "fields": {"symptom": 54, "customer": 22, "date": "2022-05-10", "positive": false}}, {"model": "Customer.positivesymptoms", "pk": 667, "fields": {"symptom": 52, "customer": 22, "date": "2022-05-10", "positive": false}}, {"model": "Customer.positivesymptoms", "pk": 668, "fields": {"symptom": 46, "customer": 22, "date": "2022-05-10", "positive": false}}, {"model": "Customer.positivesymptoms", "pk": 669, "fields": {"symptom": 45, "customer": 22, "date": "2022-05-10", "positive": false}}, {"model": "Customer.positivesymptoms", "pk": 670, "fields": {"symptom": 44, "customer": 22, "date": "2022-05-10", "positive": false}}, {"model": "Customer.positivesymptoms", "pk": 671, "fields": {"symptom": 42, "customer": 22, "date": "2022-05-10", "positive": false}}, {"model": "Customer.positivesymptoms", "pk": 672, "fields": {"symptom": 41, "customer": 22, "date": "2022-05-10", "positive": false}}, {"model": "Customer.positivesymptoms", "pk": 673, "fields": {"symptom": 40, "customer": 22, "date": "2022-05-10", "positive": false}}, {"model": "Customer.positivesymptoms", "pk": 674, "fields": {"symptom": 39, "customer": 22, "date": "2022-05-10", "positive": false}}, {"model": "Customer.positivesymptoms", "pk": 675, "fields": {"symptom": 38, "customer": 22, "date": "2022-05-10", "positive": false}}, {"model": "Customer.positivesymptoms", "pk": 676, "fields": {"symptom": 36, "customer": 22, "date": "2022-05-10", "positive": false}}, {"model": "Customer.positivesymptoms", "pk": 677, "fields": {"symptom": 35, "customer": 22, "date": "2022-05-10", "positive": false}}, {"model": "Customer.positivesymptoms", "pk": 678, "fields": {"symptom": 34, "customer": 22, "date": "2022-05-10", "positive": false}}, {"model": "Customer.positivesymptoms", "pk": 679, "fields": {"symptom": 33, "customer": 22, "date": "2022-05-10", "positive": false}}, {"model": "Customer.positivesymptoms", "pk": 680, "fields": {"symptom": 32, "customer": 22, "date": "2022-05-10", "positive": false}}, {"model": "Customer.positivesymptoms", "pk": 681, "fields": {"symptom": 31, "customer": 22, "date": "2022-05-10", "positive": false}}, {"model": "Customer.positivesymptoms", "pk": 682, "fields": {"symptom": 30, "customer": 22, "date": "2022-05-10", "positive": false}}, {"model": "Customer.positivesymptoms", "pk": 683, "fields": {"symptom": 29, "customer": 22, "date": "2022-05-10", "positive": false}}, {"model": "Customer.positivesymptoms", "pk": 684, "fields": {"symptom": 28, "customer": 22, "date": "2022-05-10", "positive": false}}, {"model": "Customer.positivesymptoms", "pk": 685, "fields": {"symptom": 27, "customer": 22, "date": "2022-05-10", "positive": false}}, {"model": "Customer.positivesymptoms", "pk": 686, "fields": {"symptom": 25, "customer": 22, "date": "2022-05-10", "positive": false}}, {"model": "Customer.positivesymptoms", "pk": 687, "fields": {"symptom": 24, "customer": 22, "date": "2022-05-10", "positive": false}}, {"model": "Customer.positivesymptoms", "pk": 688, "fields": {"symptom": 23, "customer": 22, "date": "2022-05-10", "positive": false}}, {"model": "Customer.positivesymptoms", "pk": 689, "fields": {"symptom": 22, "customer": 22, "date": "2022-05-10", "positive": false}}, {"model": "Customer.positivesymptoms", "pk": 690, "fields": {"symptom": 17, "customer": 22, "date": "2022-05-10", "positive": false}}, {"model": "Customer.positivesymptoms", "pk": 691, "fields": {"symptom": 16, "customer": 22, "date": "2022-05-10", "positive": false}}, {"model": "Customer.positivesymptoms", "pk": 692, "fields": {"symptom": 14, "customer": 22, "date": "2022-05-10", "positive": false}}, {"model": "Customer.positivesymptoms", "pk": 693, "fields": {"symptom": 13, "customer": 22, "date": "2022-05-10", "positive": false}}, {"model": "Customer.positivesymptoms", "pk": 694, "fields": {"symptom": 12, "customer": 22, "date": "2022-05-10", "positive": false}}, {"model": "Customer.positivesymptoms", "pk": 695, "fields": {"symptom": 11, "customer": 22, "date": "2022-05-10", "positive": false}}, {"model": "Customer.positivesymptoms", "pk": 696, "fields": {"symptom": 10, "customer": 22, "date": "2022-05-10", "positive": false}}, {"model": "Customer.positivesymptoms", "pk": 697, "fields": {"symptom": 9, "customer": 22, "date": "2022-05-10", "positive": true}}, {"model": "Customer.positivesymptoms", "pk": 698, "fields": {"symptom": 8, "customer": 22, "date": "2022-05-10", "positive": false}}, {"model": "Customer.positivesymptoms", "pk": 699, "fields": {"symptom": 7, "customer": 22, "date": "2022-05-10", "positive": false}}, {"model": "Customer.positivesymptoms", "pk": 700, "fields": {"symptom": 6, "customer": 22, "date": "2022-05-10", "positive": false}}, {"model": "Customer.positivesymptoms", "pk": 701, "fields": {"symptom": 5, "customer": 22, "date": "2022-05-10", "positive": false}}, {"model": "Customer.positivesymptoms", "pk": 702, "fields": {"symptom": 2, "customer": 22, "date": "2022-05-10", "positive": false}}, {"model": "Customer.positivesymptoms", "pk": 703, "fields": {"symptom": 1, "customer": 22, "date": "2022-05-10", "positive": false}}, {"model": "Customer.positivesymptoms", "pk": 704, "fields": {"symptom": 4, "customer": 22, "date": "2022-05-14", "positive": false}}, {"model": "Customer.positivesymptoms", "pk": 705, "fields": {"symptom": 15, "customer": 22, "date": "2022-05-14", "positive": false}}, {"model": "Customer.positivesymptoms", "pk": 706, "fields": {"symptom": 18, "customer": 22, "date": "2022-05-14", "positive": false}}, {"model": "Customer.positivesymptoms", "pk": 707, "fields": {"symptom": 19, "customer": 22, "date": "2022-05-14", "positive": false}}, {"model": "Customer.positivesymptoms", "pk": 708, "fields": {"symptom": 20, "customer": 22, "date": "2022-05-14", "positive": false}}, {"model": "Customer.positivesymptoms", "pk": 709, "fields": {"symptom": 21, "customer": 22, "date": "2022-05-14", "positive": false}}, {"model": "Customer.positivesymptoms", "pk": 710, "fields": {"symptom": 26, "customer": 22, "date": "2022-05-14", "positive": false}}, {"model": "Customer.positivesymptoms", "pk": 711, "fields": {"symptom": 37, "customer": 22, "date": "2022-05-14", "positive": false}}, {"model": "Customer.positivesymptoms", "pk": 712, "fields": {"symptom": 43, "customer": 22, "date": "2022-05-14", "positive": false}}, {"model": "Customer.positivesymptoms", "pk": 713, "fields": {"symptom": 47, "customer": 22, "date": "2022-05-14", "positive": false}}, {"model": "Customer.positivesymptoms", "pk": 714, "fields": {"symptom": 48, "customer": 22, "date": "2022-05-14", "positive": false}}, {"model": "Customer.positivesymptoms", "pk": 715, "fields": {"symptom": 49, "customer": 22, "date": "2022-05-14", "positive": false}}, {"model": "Customer.positivesymptoms", "pk": 716, "fields": {"symptom": 50, "customer": 22, "date": "2022-05-14", "positive": false}}, {"model": "Customer.positivesymptoms", "pk": 717, "fields": {"symptom": 51, "customer": 22, "date": "2022-05-14", "positive": false}}, {"model": "Customer.positivesymptoms", "pk": 718, "fields": {"symptom": 53, "customer": 22, "date": "2022-05-14", "positive": false}}, {"model": "Customer.positivesymptoms", "pk": 719, "fields": {"symptom": 56, "customer": 22, "date": "2022-05-14", "positive": false}}, {"model": "Customer.positivesymptoms", "pk": 720, "fields": {"symptom": 57, "customer": 22, "date": "2022-05-14", "positive": false}}, {"model": "Customer.positivesymptoms", "pk": 721, "fields": {"symptom": 62, "customer": 22, "date": "2022-05-14", "positive": false}}, {"model": "Customer.positivesymptoms", "pk": 722, "fields": {"symptom": 61, "customer": 22, "date": "2022-05-14", "positive": false}}, {"model": "Customer.positivesymptoms", "pk": 723, "fields": {"symptom": 60, "customer": 22, "date": "2022-05-14", "positive": false}}, {"model": "Customer.positivesymptoms", "pk": 724, "fields": {"symptom": 59, "customer": 22, "date": "2022-05-14", "positive": false}}, {"model": "Customer.positivesymptoms", "pk": 725, "fields": {"symptom": 58, "customer": 22, "date": "2022-05-14", "positive": false}}, {"model": "Customer.positivesymptoms", "pk": 726, "fields": {"symptom": 55, "customer": 22, "date": "2022-05-14", "positive": false}}, {"model": "Customer.positivesymptoms", "pk": 727, "fields": {"symptom": 54, "customer": 22, "date": "2022-05-14", "positive": false}}, {"model": "Customer.positivesymptoms", "pk": 728, "fields": {"symptom": 52, "customer": 22, "date": "2022-05-14", "positive": false}}, {"model": "Customer.positivesymptoms", "pk": 729, "fields": {"symptom": 46, "customer": 22, "date": "2022-05-14", "positive": false}}, {"model": "Customer.positivesymptoms", "pk": 730, "fields": {"symptom": 45, "customer": 22, "date": "2022-05-14", "positive": false}}, {"model": "Customer.positivesymptoms", "pk": 731, "fields": {"symptom": 44, "customer": 22, "date": "2022-05-14", "positive": false}}, {"model": "Customer.positivesymptoms", "pk": 732, "fields": {"symptom": 42, "customer": 22, "date": "2022-05-14", "positive": false}}, {"model": "Customer.positivesymptoms", "pk": 733, "fields": {"symptom": 41, "customer": 22, "date": "2022-05-14", "positive": false}}, {"model": "Customer.positivesymptoms", "pk": 734, "fields": {"symptom": 40, "customer": 22, "date": "2022-05-14", "positive": false}}, {"model": "Customer.positivesymptoms", "pk": 735, "fields": {"symptom": 39, "customer": 22, "date": "2022-05-14", "positive": false}}, {"model": "Customer.positivesymptoms", "pk": 736, "fields": {"symptom": 38, "customer": 22, "date": "2022-05-14", "positive": false}}, {"model": "Customer.positivesymptoms", "pk": 737, "fields": {"symptom": 36, "customer": 22, "date": "2022-05-14", "positive": false}}, {"model": "Customer.positivesymptoms", "pk": 738, "fields": {"symptom": 35, "customer": 22, "date": "2022-05-14", "positive": false}}, {"model": "Customer.positivesymptoms", "pk": 739, "fields": {"symptom": 34, "customer": 22, "date": "2022-05-14", "positive": false}}, {"model": "Customer.positivesymptoms", "pk": 740, "fields": {"symptom": 33, "customer": 22, "date": "2022-05-14", "positive": false}}, {"model": "Customer.positivesymptoms", "pk": 741, "fields": {"symptom": 32, "customer": 22, "date": "2022-05-14", "positive": false}}, {"model": "Customer.positivesymptoms", "pk": 742, "fields": {"symptom": 31, "customer": 22, "date": "2022-05-14", "positive": false}}, {"model": "Customer.positivesymptoms", "pk": 743, "fields": {"symptom": 30, "customer": 22, "date": "2022-05-14", "positive": false}}, {"model": "Customer.positivesymptoms", "pk": 744, "fields": {"symptom": 29, "customer": 22, "date": "2022-05-14", "positive": false}}, {"model": "Customer.positivesymptoms", "pk": 745, "fields": {"symptom": 28, "customer": 22, "date": "2022-05-14", "positive": false}}, {"model": "Customer.positivesymptoms", "pk": 746, "fields": {"symptom": 27, "customer": 22, "date": "2022-05-14", "positive": false}}, {"model": "Customer.positivesymptoms", "pk": 747, "fields": {"symptom": 25, "customer": 22, "date": "2022-05-14", "positive": false}}, {"model": "Customer.positivesymptoms", "pk": 748, "fields": {"symptom": 24, "customer": 22, "date": "2022-05-14", "positive": false}}, {"model": "Customer.positivesymptoms", "pk": 749, "fields": {"symptom": 23, "customer": 22, "date": "2022-05-14", "positive": false}}, {"model": "Customer.positivesymptoms", "pk": 750, "fields": {"symptom": 22, "customer": 22, "date": "2022-05-14", "positive": false}}, {"model": "Customer.positivesymptoms", "pk": 751, "fields": {"symptom": 17, "customer": 22, "date": "2022-05-14", "positive": true}}, {"model": "Customer.positivesymptoms", "pk": 752, "fields": {"symptom": 16, "customer": 22, "date": "2022-05-14", "positive": false}}, {"model": "Customer.positivesymptoms", "pk": 753, "fields": {"symptom": 14, "customer": 22, "date": "2022-05-14", "positive": false}}, {"model": "Customer.positivesymptoms", "pk": 754, "fields": {"symptom": 13, "customer": 22, "date": "2022-05-14", "positive": false}}, {"model": "Customer.positivesymptoms", "pk": 755, "fields": {"symptom": 12, "customer": 22, "date": "2022-05-14", "positive": false}}, {"model": "Customer.positivesymptoms", "pk": 756, "fields": {"symptom": 11, "customer": 22, "date": "2022-05-14", "positive": false}}, {"model": "Customer.positivesymptoms", "pk": 757, "fields": {"symptom": 10, "customer": 22, "date": "2022-05-14", "positive": false}}, {"model": "Customer.positivesymptoms", "pk": 758, "fields": {"symptom": 9, "customer": 22, "date": "2022-05-14", "positive": false}}, {"model": "Customer.positivesymptoms", "pk": 759, "fields": {"symptom": 8, "customer": 22, "date": "2022-05-14", "positive": false}}, {"model": "Customer.positivesymptoms", "pk": 760, "fields": {"symptom": 7, "customer": 22, "date": "2022-05-14", "positive": false}}, {"model": "Customer.positivesymptoms", "pk": 761, "fields": {"symptom": 6, "customer": 22, "date": "2022-05-14", "positive": false}}, {"model": "Customer.positivesymptoms", "pk": 762, "fields": {"symptom": 5, "customer": 22, "date": "2022-05-14", "positive": false}}, {"model": "Customer.positivesymptoms", "pk": 763, "fields": {"symptom": 2, "customer": 22, "date": "2022-05-14", "positive": false}}, {"model": "Customer.positivesymptoms", "pk": 764, "fields": {"symptom": 1, "customer": 22, "date": "2022-05-14", "positive": false}}, {"model": "Customer.positivesymptoms", "pk": 765, "fields": {"symptom": 52, "customer": 22, "date": "2022-05-16", "positive": true}}, {"model": "Customer.positivesymptoms", "pk": 766, "fields": {"symptom": 42, "customer": 22, "date": "2022-05-16", "positive": true}}, {"model": "Customer.positivesymptoms", "pk": 767, "fields": {"symptom": 20, "customer": 22, "date": "2022-05-19", "positive": true}}, {"model": "Customer.positivesymptoms", "pk": 768, "fields": {"symptom": 50, "customer": 22, "date": "2022-05-19", "positive": true}}, {"model": "Customer.positivesymptoms", "pk": 769, "fields": {"symptom": 24, "customer": 22, "date": "2022-05-19", "positive": true}}, {"model": "Customer.positivesymptoms", "pk": 770, "fields": {"symptom": 36, "customer": 22, "date": "2022-05-23", "positive": true}}, {"model": "Customer.positivesymptoms", "pk": 771, "fields": {"symptom": 33, "customer": 22, "date": "2022-05-23", "positive": true}}, {"model": "Customer.positivesymptoms", "pk": 772, "fields": {"symptom": 4, "customer": 22, "date": "2022-05-25", "positive": false}}, {"model": "Customer.positivesymptoms", "pk": 773, "fields": {"symptom": 15, "customer": 22, "date": "2022-05-25", "positive": false}}, {"model": "Customer.positivesymptoms", "pk": 774, "fields": {"symptom": 18, "customer": 22, "date": "2022-05-25", "positive": true}}, {"model": "Customer.positivesymptoms", "pk": 775, "fields": {"symptom": 19, "customer": 22, "date": "2022-05-25", "positive": false}}, {"model": "Customer.positivesymptoms", "pk": 776, "fields": {"symptom": 20, "customer": 22, "date": "2022-05-25", "positive": false}}, {"model": "Customer.positivesymptoms", "pk": 777, "fields": {"symptom": 21, "customer": 22, "date": "2022-05-25", "positive": true}}, {"model": "Customer.positivesymptoms", "pk": 778, "fields": {"symptom": 26, "customer": 22, "date": "2022-05-25", "positive": false}}, {"model": "Customer.positivesymptoms", "pk": 779, "fields": {"symptom": 37, "customer": 22, "date": "2022-05-25", "positive": false}}, {"model": "Customer.positivesymptoms", "pk": 780, "fields": {"symptom": 43, "customer": 22, "date": "2022-05-25", "positive": true}}, {"model": "Customer.positivesymptoms", "pk": 781, "fields": {"symptom": 47, "customer": 22, "date": "2022-05-25", "positive": false}}, {"model": "Customer.positivesymptoms", "pk": 782, "fields": {"symptom": 48, "customer": 22, "date": "2022-05-25", "positive": false}}, {"model": "Customer.positivesymptoms", "pk": 783, "fields": {"symptom": 49, "customer": 22, "date": "2022-05-25", "positive": false}}, {"model": "Customer.positivesymptoms", "pk": 784, "fields": {"symptom": 50, "customer": 22, "date": "2022-05-25", "positive": true}}, {"model": "Customer.positivesymptoms", "pk": 785, "fields": {"symptom": 51, "customer": 22, "date": "2022-05-25", "positive": false}}, {"model": "Customer.positivesymptoms", "pk": 786, "fields": {"symptom": 53, "customer": 22, "date": "2022-05-25", "positive": false}}, {"model": "Customer.positivesymptoms", "pk": 787, "fields": {"symptom": 56, "customer": 22, "date": "2022-05-25", "positive": false}}, {"model": "Customer.positivesymptoms", "pk": 788, "fields": {"symptom": 57, "customer": 22, "date": "2022-05-25", "positive": false}}, {"model": "Customer.positivesymptoms", "pk": 789, "fields": {"symptom": 62, "customer": 22, "date": "2022-05-25", "positive": false}}, {"model": "Customer.positivesymptoms", "pk": 790, "fields": {"symptom": 61, "customer": 22, "date": "2022-05-25", "positive": true}}, {"model": "Customer.positivesymptoms", "pk": 791, "fields": {"symptom": 60, "customer": 22, "date": "2022-05-25", "positive": false}}, {"model": "Customer.positivesymptoms", "pk": 792, "fields": {"symptom": 59, "customer": 22, "date": "2022-05-25", "positive": false}}, {"model": "Customer.positivesymptoms", "pk": 793, "fields": {"symptom": 58, "customer": 22, "date": "2022-05-25", "positive": false}}, {"model": "Customer.positivesymptoms", "pk": 794, "fields": {"symptom": 55, "customer": 22, "date": "2022-05-25", "positive": false}}, {"model": "Customer.positivesymptoms", "pk": 795, "fields": {"symptom": 54, "customer": 22, "date": "2022-05-25", "positive": true}}, {"model": "Customer.positivesymptoms", "pk": 796, "fields": {"symptom": 52, "customer": 22, "date": "2022-05-25", "positive": false}}, {"model": "Customer.positivesymptoms", "pk": 797, "fields": {"symptom": 46, "customer": 22, "date": "2022-05-25", "positive": false}}, {"model": "Customer.positivesymptoms", "pk": 798, "fields": {"symptom": 45, "customer": 22, "date": "2022-05-25", "positive": false}}, {"model": "Customer.positivesymptoms", "pk": 799, "fields": {"symptom": 44, "customer": 22, "date": "2022-05-25", "positive": false}}, {"model": "Customer.positivesymptoms", "pk": 800, "fields": {"symptom": 42, "customer": 22, "date": "2022-05-25", "positive": false}}, {"model": "Customer.positivesymptoms", "pk": 801, "fields": {"symptom": 41, "customer": 22, "date": "2022-05-25", "positive": false}}, {"model": "Customer.positivesymptoms", "pk": 802, "fields": {"symptom": 40, "customer": 22, "date": "2022-05-25", "positive": false}}, {"model": "Customer.positivesymptoms", "pk": 803, "fields": {"symptom": 39, "customer": 22, "date": "2022-05-25", "positive": false}}, {"model": "Customer.positivesymptoms", "pk": 804, "fields": {"symptom": 38, "customer": 22, "date": "2022-05-25", "positive": false}}, {"model": "Customer.positivesymptoms", "pk": 805, "fields": {"symptom": 36, "customer": 22, "date": "2022-05-25", "positive": false}}, {"model": "Customer.positivesymptoms", "pk": 806, "fields": {"symptom": 35, "customer": 22, "date": "2022-05-25", "positive": false}}, {"model": "Customer.positivesymptoms", "pk": 807, "fields": {"symptom": 34, "customer": 22, "date": "2022-05-25", "positive": false}}, {"model": "Customer.positivesymptoms", "pk": 808, "fields": {"symptom": 33, "customer": 22, "date": "2022-05-25", "positive": true}}, {"model": "Customer.positivesymptoms", "pk": 809, "fields": {"symptom": 32, "customer": 22, "date": "2022-05-25", "positive": false}}, {"model": "Customer.positivesymptoms", "pk": 810, "fields": {"symptom": 31, "customer": 22, "date": "2022-05-25", "positive": false}}, {"model": "Customer.positivesymptoms", "pk": 811, "fields": {"symptom": 30, "customer": 22, "date": "2022-05-25", "positive": false}}, {"model": "Customer.positivesymptoms", "pk": 812, "fields": {"symptom": 29, "customer": 22, "date": "2022-05-25", "positive": false}}, {"model": "Customer.positivesymptoms", "pk": 813, "fields": {"symptom": 28, "customer": 22, "date": "2022-05-25", "positive": false}}, {"model": "Customer.positivesymptoms", "pk": 814, "fields": {"symptom": 27, "customer": 22, "date": "2022-05-25", "positive": false}}, {"model": "Customer.positivesymptoms", "pk": 815, "fields": {"symptom": 25, "customer": 22, "date": "2022-05-25", "positive": false}}, {"model": "Customer.positivesymptoms", "pk": 816, "fields": {"symptom": 24, "customer": 22, "date": "2022-05-25", "positive": false}}, {"model": "Customer.positivesymptoms", "pk": 817, "fields": {"symptom": 23, "customer": 22, "date": "2022-05-25", "positive": false}}, {"model": "Customer.positivesymptoms", "pk": 818, "fields": {"symptom": 22, "customer": 22, "date": "2022-05-25", "positive": true}}, {"model": "Customer.positivesymptoms", "pk": 819, "fields": {"symptom": 17, "customer": 22, "date": "2022-05-25", "positive": false}}, {"model": "Customer.positivesymptoms", "pk": 820, "fields": {"symptom": 16, "customer": 22, "date": "2022-05-25", "positive": false}}, {"model": "Customer.positivesymptoms", "pk": 821, "fields": {"symptom": 14, "customer": 22, "date": "2022-05-25", "positive": false}}, {"model": "Customer.positivesymptoms", "pk": 822, "fields": {"symptom": 13, "customer": 22, "date": "2022-05-25", "positive": false}}, {"model": "Customer.positivesymptoms", "pk": 823, "fields": {"symptom": 12, "customer": 22, "date": "2022-05-25", "positive": false}}, {"model": "Customer.positivesymptoms", "pk": 824, "fields": {"symptom": 11, "customer": 22, "date": "2022-05-25", "positive": false}}, {"model": "Customer.positivesymptoms", "pk": 825, "fields": {"symptom": 10, "customer": 22, "date": "2022-05-25", "positive": false}}, {"model": "Customer.positivesymptoms", "pk": 826, "fields": {"symptom": 9, "customer": 22, "date": "2022-05-25", "positive": false}}, {"model": "Customer.positivesymptoms", "pk": 827, "fields": {"symptom": 8, "customer": 22, "date": "2022-05-25", "positive": false}}, {"model": "Customer.positivesymptoms", "pk": 828, "fields": {"symptom": 7, "customer": 22, "date": "2022-05-25", "positive": false}}, {"model": "Customer.positivesymptoms", "pk": 829, "fields": {"symptom": 6, "customer": 22, "date": "2022-05-25", "positive": false}}, {"model": "Customer.positivesymptoms", "pk": 830, "fields": {"symptom": 5, "customer": 22, "date": "2022-05-25", "positive": false}}, {"model": "Customer.positivesymptoms", "pk": 831, "fields": {"symptom": 2, "customer": 22, "date": "2022-05-25", "positive": false}}, {"model": "Customer.positivesymptoms", "pk": 832, "fields": {"symptom": 1, "customer": 22, "date": "2022-05-25", "positive": false}}, {"model": "Customer.positivesymptoms", "pk": 833, "fields": {"symptom": 50, "customer": 22, "date": "2022-05-26", "positive": true}}, {"model": "Customer.positivesymptoms", "pk": 834, "fields": {"symptom": 23, "customer": 22, "date": "2022-05-26", "positive": true}}, {"model": "Customer.positivesymptoms", "pk": 835, "fields": {"symptom": 30, "customer": 22, "date": "2022-05-28", "positive": false}}, {"model": "Customer.positivesymptoms", "pk": 836, "fields": {"symptom": 46, "customer": 22, "date": "2022-05-28", "positive": true}}, {"model": "Customer.positivesymptoms", "pk": 903, "fields": {"symptom": 33, "customer": 22, "date": "2022-05-28", "positive": true}}, {"model": "Customer.positivesymptoms", "pk": 904, "fields": {"symptom": 4, "customer": 22, "date": "2022-05-28", "positive": true}}, {"model": "Customer.positivesymptoms", "pk": 905, "fields": {"symptom": 15, "customer": 22, "date": "2022-05-28", "positive": true}}, {"model": "Customer.positivesymptoms", "pk": 906, "fields": {"symptom": 18, "customer": 22, "date": "2022-05-28", "positive": true}}, {"model": "Customer.positivesymptoms", "pk": 907, "fields": {"symptom": 19, "customer": 22, "date": "2022-05-28", "positive": true}}, {"model": "Customer.positivesymptoms", "pk": 908, "fields": {"symptom": 20, "customer": 22, "date": "2022-05-28", "positive": true}}, {"model": "Customer.positivesymptoms", "pk": 909, "fields": {"symptom": 21, "customer": 22, "date": "2022-05-28", "positive": true}}, {"model": "Customer.positivesymptoms", "pk": 910, "fields": {"symptom": 26, "customer": 22, "date": "2022-05-28", "positive": true}}, {"model": "Customer.positivesymptoms", "pk": 911, "fields": {"symptom": 37, "customer": 22, "date": "2022-05-28", "positive": true}}, {"model": "Customer.positivesymptoms", "pk": 912, "fields": {"symptom": 43, "customer": 22, "date": "2022-05-28", "positive": true}}, {"model": "Customer.positivesymptoms", "pk": 913, "fields": {"symptom": 47, "customer": 22, "date": "2022-05-28", "positive": true}}, {"model": "Customer.positivesymptoms", "pk": 914, "fields": {"symptom": 48, "customer": 22, "date": "2022-05-28", "positive": true}}, {"model": "Customer.positivesymptoms", "pk": 915, "fields": {"symptom": 49, "customer": 22, "date": "2022-05-28", "positive": true}}, {"model": "Customer.positivesymptoms", "pk": 916, "fields": {"symptom": 50, "customer": 22, "date": "2022-05-28", "positive": false}}, {"model": "Customer.positivesymptoms", "pk": 917, "fields": {"symptom": 51, "customer": 22, "date": "2022-05-28", "positive": true}}, {"model": "Customer.positivesymptoms", "pk": 918, "fields": {"symptom": 53, "customer": 22, "date": "2022-05-28", "positive": true}}, {"model": "Customer.positivesymptoms", "pk": 919, "fields": {"symptom": 56, "customer": 22, "date": "2022-05-28", "positive": false}}, {"model": "Customer.positivesymptoms", "pk": 920, "fields": {"symptom": 57, "customer": 22, "date": "2022-05-28", "positive": true}}, {"model": "Customer.positivesymptoms", "pk": 921, "fields": {"symptom": 62, "customer": 22, "date": "2022-05-28", "positive": true}}, {"model": "Customer.positivesymptoms", "pk": 922, "fields": {"symptom": 61, "customer": 22, "date": "2022-05-28", "positive": true}}, {"model": "Customer.positivesymptoms", "pk": 923, "fields": {"symptom": 60, "customer": 22, "date": "2022-05-28", "positive": true}}, {"model": "Customer.positivesymptoms", "pk": 924, "fields": {"symptom": 59, "customer": 22, "date": "2022-05-28", "positive": true}}, {"model": "Customer.positivesymptoms", "pk": 925, "fields": {"symptom": 58, "customer": 22, "date": "2022-05-28", "positive": true}}, {"model": "Customer.positivesymptoms", "pk": 926, "fields": {"symptom": 55, "customer": 22, "date": "2022-05-28", "positive": true}}, {"model": "Customer.positivesymptoms", "pk": 927, "fields": {"symptom": 54, "customer": 22, "date": "2022-05-28", "positive": true}}, {"model": "Customer.positivesymptoms", "pk": 928, "fields": {"symptom": 52, "customer": 22, "date": "2022-05-28", "positive": true}}, {"model": "Customer.positivesymptoms", "pk": 929, "fields": {"symptom": 45, "customer": 22, "date": "2022-05-28", "positive": true}}, {"model": "Customer.positivesymptoms", "pk": 930, "fields": {"symptom": 44, "customer": 22, "date": "2022-05-28", "positive": true}}, {"model": "Customer.positivesymptoms", "pk": 931, "fields": {"symptom": 42, "customer": 22, "date": "2022-05-28", "positive": true}}, {"model": "Customer.positivesymptoms", "pk": 932, "fields": {"symptom": 41, "customer": 22, "date": "2022-05-28", "positive": true}}, {"model": "Customer.positivesymptoms", "pk": 933, "fields": {"symptom": 40, "customer": 22, "date": "2022-05-28", "positive": true}}, {"model": "Customer.positivesymptoms", "pk": 934, "fields": {"symptom": 39, "customer": 22, "date": "2022-05-28", "positive": true}}, {"model": "Customer.positivesymptoms", "pk": 935, "fields": {"symptom": 38, "customer": 22, "date": "2022-05-28", "positive": true}}, {"model": "Customer.positivesymptoms", "pk": 936, "fields": {"symptom": 36, "customer": 22, "date": "2022-05-28", "positive": true}}, {"model": "Customer.positivesymptoms", "pk": 937, "fields": {"symptom": 35, "customer": 22, "date": "2022-05-28", "positive": true}}, {"model": "Customer.positivesymptoms", "pk": 938, "fields": {"symptom": 34, "customer": 22, "date": "2022-05-28", "positive": true}}, {"model": "Customer.positivesymptoms", "pk": 939, "fields": {"symptom": 32, "customer": 22, "date": "2022-05-28", "positive": true}}, {"model": "Customer.positivesymptoms", "pk": 940, "fields": {"symptom": 31, "customer": 22, "date": "2022-05-28", "positive": true}}, {"model": "Customer.positivesymptoms", "pk": 941, "fields": {"symptom": 29, "customer": 22, "date": "2022-05-28", "positive": true}}, {"model": "Customer.positivesymptoms", "pk": 942, "fields": {"symptom": 28, "customer": 22, "date": "2022-05-28", "positive": true}}, {"model": "Customer.positivesymptoms", "pk": 943, "fields": {"symptom": 27, "customer": 22, "date": "2022-05-28", "positive": true}}, {"model": "Customer.positivesymptoms", "pk": 944, "fields": {"symptom": 25, "customer": 22, "date": "2022-05-28", "positive": true}}, {"model": "Customer.positivesymptoms", "pk": 945, "fields": {"symptom": 24, "customer": 22, "date": "2022-05-28", "positive": true}}, {"model": "Customer.positivesymptoms", "pk": 946, "fields": {"symptom": 23, "customer": 22, "date": "2022-05-28", "positive": true}}, {"model": "Customer.positivesymptoms", "pk": 947, "fields": {"symptom": 22, "customer": 22, "date": "2022-05-28", "positive": true}}, {"model": "Customer.positivesymptoms", "pk": 948, "fields": {"symptom": 17, "customer": 22, "date": "2022-05-28", "positive": true}}, {"model": "Customer.positivesymptoms", "pk": 949, "fields": {"symptom": 16, "customer": 22, "date": "2022-05-28", "positive": true}}, {"model": "Customer.positivesymptoms", "pk": 950, "fields": {"symptom": 14, "customer": 22, "date": "2022-05-28", "positive": true}}, {"model": "Customer.positivesymptoms", "pk": 951, "fields": {"symptom": 13, "customer": 22, "date": "2022-05-28", "positive": true}}, {"model": "Customer.positivesymptoms", "pk": 952, "fields": {"symptom": 12, "customer": 22, "date": "2022-05-28", "positive": true}}, {"model": "Customer.positivesymptoms", "pk": 953, "fields": {"symptom": 11, "customer": 22, "date": "2022-05-28", "positive": true}}, {"model": "Customer.positivesymptoms", "pk": 954, "fields": {"symptom": 10, "customer": 22, "date": "2022-05-28", "positive": true}}, {"model": "Customer.positivesymptoms", "pk": 955, "fields": {"symptom": 9, "customer": 22, "date": "2022-05-28", "positive": true}}, {"model": "Customer.positivesymptoms", "pk": 956, "fields": {"symptom": 8, "customer": 22, "date": "2022-05-28", "positive": true}}, {"model": "Customer.positivesymptoms", "pk": 957, "fields": {"symptom": 7, "customer": 22, "date": "2022-05-28", "positive": true}}, {"model": "Customer.positivesymptoms", "pk": 958, "fields": {"symptom": 6, "customer": 22, "date": "2022-05-28", "positive": true}}, {"model": "Customer.positivesymptoms", "pk": 959, "fields": {"symptom": 5, "customer": 22, "date": "2022-05-28", "positive": true}}, {"model": "Customer.positivesymptoms", "pk": 960, "fields": {"symptom": 2, "customer": 22, "date": "2022-05-28", "positive": true}}, {"model": "Customer.positivesymptoms", "pk": 961, "fields": {"symptom": 1, "customer": 22, "date": "2022-05-28", "positive": true}}, {"model": "Customer.positivesymptoms", "pk": 962, "fields": {"symptom": 4, "customer": 22, "date": "2022-05-30", "positive": true}}, {"model": "Customer.positivesymptoms", "pk": 963, "fields": {"symptom": 15, "customer": 22, "date": "2022-05-30", "positive": true}}, {"model": "Customer.positivesymptoms", "pk": 964, "fields": {"symptom": 18, "customer": 22, "date": "2022-05-30", "positive": true}}, {"model": "Customer.positivesymptoms", "pk": 965, "fields": {"symptom": 19, "customer": 22, "date": "2022-05-30", "positive": true}}, {"model": "Customer.positivesymptoms", "pk": 966, "fields": {"symptom": 20, "customer": 22, "date": "2022-05-30", "positive": true}}, {"model": "Customer.positivesymptoms", "pk": 967, "fields": {"symptom": 21, "customer": 22, "date": "2022-05-30", "positive": true}}, {"model": "Customer.positivesymptoms", "pk": 968, "fields": {"symptom": 26, "customer": 22, "date": "2022-05-30", "positive": true}}, {"model": "Customer.positivesymptoms", "pk": 969, "fields": {"symptom": 37, "customer": 22, "date": "2022-05-30", "positive": true}}, {"model": "Customer.positivesymptoms", "pk": 970, "fields": {"symptom": 43, "customer": 22, "date": "2022-05-30", "positive": true}}, {"model": "Customer.positivesymptoms", "pk": 971, "fields": {"symptom": 47, "customer": 22, "date": "2022-05-30", "positive": true}}, {"model": "Customer.positivesymptoms", "pk": 972, "fields": {"symptom": 48, "customer": 22, "date": "2022-05-30", "positive": true}}, {"model": "Customer.positivesymptoms", "pk": 973, "fields": {"symptom": 49, "customer": 22, "date": "2022-05-30", "positive": true}}, {"model": "Customer.positivesymptoms", "pk": 974, "fields": {"symptom": 50, "customer": 22, "date": "2022-05-30", "positive": true}}, {"model": "Customer.positivesymptoms", "pk": 975, "fields": {"symptom": 51, "customer": 22, "date": "2022-05-30", "positive": true}}, {"model": "Customer.positivesymptoms", "pk": 976, "fields": {"symptom": 53, "customer": 22, "date": "2022-05-30", "positive": true}}, {"model": "Customer.positivesymptoms", "pk": 977, "fields": {"symptom": 56, "customer": 22, "date": "2022-05-30", "positive": true}}, {"model": "Customer.positivesymptoms", "pk": 978, "fields": {"symptom": 57, "customer": 22, "date": "2022-05-30", "positive": true}}, {"model": "Customer.positivesymptoms", "pk": 979, "fields": {"symptom": 62, "customer": 22, "date": "2022-05-30", "positive": true}}, {"model": "Customer.positivesymptoms", "pk": 980, "fields": {"symptom": 61, "customer": 22, "date": "2022-05-30", "positive": true}}, {"model": "Customer.positivesymptoms", "pk": 981, "fields": {"symptom": 60, "customer": 22, "date": "2022-05-30", "positive": true}}, {"model": "Customer.positivesymptoms", "pk": 982, "fields": {"symptom": 59, "customer": 22, "date": "2022-05-30", "positive": true}}, {"model": "Customer.positivesymptoms", "pk": 983, "fields": {"symptom": 58, "customer": 22, "date": "2022-05-30", "positive": true}}, {"model": "Customer.positivesymptoms", "pk": 984, "fields": {"symptom": 55, "customer": 22, "date": "2022-05-30", "positive": true}}, {"model": "Customer.positivesymptoms", "pk": 985, "fields": {"symptom": 54, "customer": 22, "date": "2022-05-30", "positive": true}}, {"model": "Customer.positivesymptoms", "pk": 986, "fields": {"symptom": 52, "customer": 22, "date": "2022-05-30", "positive": true}}, {"model": "Customer.positivesymptoms", "pk": 987, "fields": {"symptom": 46, "customer": 22, "date": "2022-05-30", "positive": true}}, {"model": "Customer.positivesymptoms", "pk": 988, "fields": {"symptom": 45, "customer": 22, "date": "2022-05-30", "positive": true}}, {"model": "Customer.positivesymptoms", "pk": 989, "fields": {"symptom": 44, "customer": 22, "date": "2022-05-30", "positive": true}}, {"model": "Customer.positivesymptoms", "pk": 990, "fields": {"symptom": 42, "customer": 22, "date": "2022-05-30", "positive": true}}, {"model": "Customer.positivesymptoms", "pk": 991, "fields": {"symptom": 41, "customer": 22, "date": "2022-05-30", "positive": true}}, {"model": "Customer.positivesymptoms", "pk": 992, "fields": {"symptom": 40, "customer": 22, "date": "2022-05-30", "positive": true}}, {"model": "Customer.positivesymptoms", "pk": 993, "fields": {"symptom": 39, "customer": 22, "date": "2022-05-30", "positive": true}}, {"model": "Customer.positivesymptoms", "pk": 994, "fields": {"symptom": 38, "customer": 22, "date": "2022-05-30", "positive": true}}, {"model": "Customer.positivesymptoms", "pk": 995, "fields": {"symptom": 36, "customer": 22, "date": "2022-05-30", "positive": true}}, {"model": "Customer.positivesymptoms", "pk": 996, "fields": {"symptom": 35, "customer": 22, "date": "2022-05-30", "positive": true}}, {"model": "Customer.positivesymptoms", "pk": 997, "fields": {"symptom": 34, "customer": 22, "date": "2022-05-30", "positive": true}}, {"model": "Customer.positivesymptoms", "pk": 998, "fields": {"symptom": 33, "customer": 22, "date": "2022-05-30", "positive": true}}, {"model": "Customer.positivesymptoms", "pk": 999, "fields": {"symptom": 32, "customer": 22, "date": "2022-05-30", "positive": true}}, {"model": "Customer.positivesymptoms", "pk": 1000, "fields": {"symptom": 31, "customer": 22, "date": "2022-05-30", "positive": true}}, {"model": "Customer.positivesymptoms", "pk": 1001, "fields": {"symptom": 30, "customer": 22, "date": "2022-05-30", "positive": true}}, {"model": "Customer.positivesymptoms", "pk": 1002, "fields": {"symptom": 29, "customer": 22, "date": "2022-05-30", "positive": true}}, {"model": "Customer.positivesymptoms", "pk": 1003, "fields": {"symptom": 28, "customer": 22, "date": "2022-05-30", "positive": true}}, {"model": "Customer.positivesymptoms", "pk": 1004, "fields": {"symptom": 27, "customer": 22, "date": "2022-05-30", "positive": true}}, {"model": "Customer.positivesymptoms", "pk": 1005, "fields": {"symptom": 25, "customer": 22, "date": "2022-05-30", "positive": true}}, {"model": "Customer.positivesymptoms", "pk": 1006, "fields": {"symptom": 24, "customer": 22, "date": "2022-05-30", "positive": true}}, {"model": "Customer.positivesymptoms", "pk": 1007, "fields": {"symptom": 23, "customer": 22, "date": "2022-05-30", "positive": true}}, {"model": "Customer.positivesymptoms", "pk": 1008, "fields": {"symptom": 22, "customer": 22, "date": "2022-05-30", "positive": true}}, {"model": "Customer.positivesymptoms", "pk": 1009, "fields": {"symptom": 17, "customer": 22, "date": "2022-05-30", "positive": true}}, {"model": "Customer.positivesymptoms", "pk": 1010, "fields": {"symptom": 16, "customer": 22, "date": "2022-05-30", "positive": true}}, {"model": "Customer.positivesymptoms", "pk": 1011, "fields": {"symptom": 14, "customer": 22, "date": "2022-05-30", "positive": true}}, {"model": "Customer.positivesymptoms", "pk": 1012, "fields": {"symptom": 13, "customer": 22, "date": "2022-05-30", "positive": true}}, {"model": "Customer.positivesymptoms", "pk": 1013, "fields": {"symptom": 12, "customer": 22, "date": "2022-05-30", "positive": true}}, {"model": "Customer.positivesymptoms", "pk": 1014, "fields": {"symptom": 11, "customer": 22, "date": "2022-05-30", "positive": true}}, {"model": "Customer.positivesymptoms", "pk": 1015, "fields": {"symptom": 10, "customer": 22, "date": "2022-05-30", "positive": true}}, {"model": "Customer.positivesymptoms", "pk": 1016, "fields": {"symptom": 9, "customer": 22, "date": "2022-05-30", "positive": true}}, {"model": "Customer.positivesymptoms", "pk": 1017, "fields": {"symptom": 8, "customer": 22, "date": "2022-05-30", "positive": true}}, {"model": "Customer.positivesymptoms", "pk": 1018, "fields": {"symptom": 7, "customer": 22, "date": "2022-05-30", "positive": true}}, {"model": "Customer.positivesymptoms", "pk": 1019, "fields": {"symptom": 6, "customer": 22, "date": "2022-05-30", "positive": true}}, {"model": "Customer.positivesymptoms", "pk": 1020, "fields": {"symptom": 5, "customer": 22, "date": "2022-05-30", "positive": true}}, {"model": "Customer.positivesymptoms", "pk": 1021, "fields": {"symptom": 2, "customer": 22, "date": "2022-05-30", "positive": true}}, {"model": "Customer.positivesymptoms", "pk": 1022, "fields": {"symptom": 1, "customer": 22, "date": "2022-05-30", "positive": true}}, {"model": "Customer.positivesymptoms", "pk": 1023, "fields": {"symptom": 33, "customer": 22, "date": "2022-05-31", "positive": true}}, {"model": "Customer.positivesymptoms", "pk": 1024, "fields": {"symptom": 9, "customer": 22, "date": "2022-05-31", "positive": true}}, {"model": "Customer.positivesymptoms", "pk": 1025, "fields": {"symptom": 4, "customer": 22, "date": "2022-06-03", "positive": false}}, {"model": "Customer.positivesymptoms", "pk": 1026, "fields": {"symptom": 15, "customer": 22, "date": "2022-06-03", "positive": false}}, {"model": "Customer.positivesymptoms", "pk": 1027, "fields": {"symptom": 18, "customer": 22, "date": "2022-06-03", "positive": false}}, {"model": "Customer.positivesymptoms", "pk": 1028, "fields": {"symptom": 19, "customer": 22, "date": "2022-06-03", "positive": false}}, {"model": "Customer.positivesymptoms", "pk": 1029, "fields": {"symptom": 20, "customer": 22, "date": "2022-06-03", "positive": false}}, {"model": "Customer.positivesymptoms", "pk": 1030, "fields": {"symptom": 21, "customer": 22, "date": "2022-06-03", "positive": false}}, {"model": "Customer.positivesymptoms", "pk": 1031, "fields": {"symptom": 26, "customer": 22, "date": "2022-06-03", "positive": false}}, {"model": "Customer.positivesymptoms", "pk": 1032, "fields": {"symptom": 37, "customer": 22, "date": "2022-06-03", "positive": false}}, {"model": "Customer.positivesymptoms", "pk": 1033, "fields": {"symptom": 43, "customer": 22, "date": "2022-06-03", "positive": false}}, {"model": "Customer.positivesymptoms", "pk": 1034, "fields": {"symptom": 47, "customer": 22, "date": "2022-06-03", "positive": true}}, {"model": "Customer.positivesymptoms", "pk": 1035, "fields": {"symptom": 48, "customer": 22, "date": "2022-06-03", "positive": false}}, {"model": "Customer.positivesymptoms", "pk": 1036, "fields": {"symptom": 49, "customer": 22, "date": "2022-06-03", "positive": false}}, {"model": "Customer.positivesymptoms", "pk": 1037, "fields": {"symptom": 50, "customer": 22, "date": "2022-06-03", "positive": true}}, {"model": "Customer.positivesymptoms", "pk": 1038, "fields": {"symptom": 51, "customer": 22, "date": "2022-06-03", "positive": false}}, {"model": "Customer.positivesymptoms", "pk": 1039, "fields": {"symptom": 53, "customer": 22, "date": "2022-06-03", "positive": false}}, {"model": "Customer.positivesymptoms", "pk": 1040, "fields": {"symptom": 56, "customer": 22, "date": "2022-06-03", "positive": false}}, {"model": "Customer.positivesymptoms", "pk": 1041, "fields": {"symptom": 57, "customer": 22, "date": "2022-06-03", "positive": false}}, {"model": "Customer.positivesymptoms", "pk": 1042, "fields": {"symptom": 62, "customer": 22, "date": "2022-06-03", "positive": false}}, {"model": "Customer.positivesymptoms", "pk": 1043, "fields": {"symptom": 61, "customer": 22, "date": "2022-06-03", "positive": false}}, {"model": "Customer.positivesymptoms", "pk": 1044, "fields": {"symptom": 60, "customer": 22, "date": "2022-06-03", "positive": false}}, {"model": "Customer.positivesymptoms", "pk": 1045, "fields": {"symptom": 59, "customer": 22, "date": "2022-06-03", "positive": false}}, {"model": "Customer.positivesymptoms", "pk": 1046, "fields": {"symptom": 58, "customer": 22, "date": "2022-06-03", "positive": false}}, {"model": "Customer.positivesymptoms", "pk": 1047, "fields": {"symptom": 55, "customer": 22, "date": "2022-06-03", "positive": false}}, {"model": "Customer.positivesymptoms", "pk": 1048, "fields": {"symptom": 54, "customer": 22, "date": "2022-06-03", "positive": false}}, {"model": "Customer.positivesymptoms", "pk": 1049, "fields": {"symptom": 52, "customer": 22, "date": "2022-06-03", "positive": false}}, {"model": "Customer.positivesymptoms", "pk": 1050, "fields": {"symptom": 46, "customer": 22, "date": "2022-06-03", "positive": false}}, {"model": "Customer.positivesymptoms", "pk": 1051, "fields": {"symptom": 45, "customer": 22, "date": "2022-06-03", "positive": false}}, {"model": "Customer.positivesymptoms", "pk": 1052, "fields": {"symptom": 44, "customer": 22, "date": "2022-06-03", "positive": false}}, {"model": "Customer.positivesymptoms", "pk": 1053, "fields": {"symptom": 42, "customer": 22, "date": "2022-06-03", "positive": false}}, {"model": "Customer.positivesymptoms", "pk": 1054, "fields": {"symptom": 41, "customer": 22, "date": "2022-06-03", "positive": false}}, {"model": "Customer.positivesymptoms", "pk": 1055, "fields": {"symptom": 40, "customer": 22, "date": "2022-06-03", "positive": false}}, {"model": "Customer.positivesymptoms", "pk": 1056, "fields": {"symptom": 39, "customer": 22, "date": "2022-06-03", "positive": false}}, {"model": "Customer.positivesymptoms", "pk": 1057, "fields": {"symptom": 38, "customer": 22, "date": "2022-06-03", "positive": false}}, {"model": "Customer.positivesymptoms", "pk": 1058, "fields": {"symptom": 36, "customer": 22, "date": "2022-06-03", "positive": false}}, {"model": "Customer.positivesymptoms", "pk": 1059, "fields": {"symptom": 35, "customer": 22, "date": "2022-06-03", "positive": false}}, {"model": "Customer.positivesymptoms", "pk": 1060, "fields": {"symptom": 34, "customer": 22, "date": "2022-06-03", "positive": false}}, {"model": "Customer.positivesymptoms", "pk": 1061, "fields": {"symptom": 33, "customer": 22, "date": "2022-06-03", "positive": false}}, {"model": "Customer.positivesymptoms", "pk": 1062, "fields": {"symptom": 32, "customer": 22, "date": "2022-06-03", "positive": false}}, {"model": "Customer.positivesymptoms", "pk": 1063, "fields": {"symptom": 31, "customer": 22, "date": "2022-06-03", "positive": false}}, {"model": "Customer.positivesymptoms", "pk": 1064, "fields": {"symptom": 30, "customer": 22, "date": "2022-06-03", "positive": false}}, {"model": "Customer.positivesymptoms", "pk": 1065, "fields": {"symptom": 29, "customer": 22, "date": "2022-06-03", "positive": false}}, {"model": "Customer.positivesymptoms", "pk": 1066, "fields": {"symptom": 28, "customer": 22, "date": "2022-06-03", "positive": false}}, {"model": "Customer.positivesymptoms", "pk": 1067, "fields": {"symptom": 27, "customer": 22, "date": "2022-06-03", "positive": false}}, {"model": "Customer.positivesymptoms", "pk": 1068, "fields": {"symptom": 25, "customer": 22, "date": "2022-06-03", "positive": false}}, {"model": "Customer.positivesymptoms", "pk": 1069, "fields": {"symptom": 24, "customer": 22, "date": "2022-06-03", "positive": false}}, {"model": "Customer.positivesymptoms", "pk": 1070, "fields": {"symptom": 23, "customer": 22, "date": "2022-06-03", "positive": false}}, {"model": "Customer.positivesymptoms", "pk": 1071, "fields": {"symptom": 22, "customer": 22, "date": "2022-06-03", "positive": false}}, {"model": "Customer.positivesymptoms", "pk": 1072, "fields": {"symptom": 17, "customer": 22, "date": "2022-06-03", "positive": false}}, {"model": "Customer.positivesymptoms", "pk": 1073, "fields": {"symptom": 16, "customer": 22, "date": "2022-06-03", "positive": false}}, {"model": "Customer.positivesymptoms", "pk": 1074, "fields": {"symptom": 14, "customer": 22, "date": "2022-06-03", "positive": false}}, {"model": "Customer.positivesymptoms", "pk": 1075, "fields": {"symptom": 13, "customer": 22, "date": "2022-06-03", "positive": false}}, {"model": "Customer.positivesymptoms", "pk": 1076, "fields": {"symptom": 12, "customer": 22, "date": "2022-06-03", "positive": false}}, {"model": "Customer.positivesymptoms", "pk": 1077, "fields": {"symptom": 11, "customer": 22, "date": "2022-06-03", "positive": false}}, {"model": "Customer.positivesymptoms", "pk": 1078, "fields": {"symptom": 10, "customer": 22, "date": "2022-06-03", "positive": false}}, {"model": "Customer.positivesymptoms", "pk": 1079, "fields": {"symptom": 9, "customer": 22, "date": "2022-06-03", "positive": false}}, {"model": "Customer.positivesymptoms", "pk": 1080, "fields": {"symptom": 8, "customer": 22, "date": "2022-06-03", "positive": false}}, {"model": "Customer.positivesymptoms", "pk": 1081, "fields": {"symptom": 7, "customer": 22, "date": "2022-06-03", "positive": false}}, {"model": "Customer.positivesymptoms", "pk": 1082, "fields": {"symptom": 6, "customer": 22, "date": "2022-06-03", "positive": false}}, {"model": "Customer.positivesymptoms", "pk": 1083, "fields": {"symptom": 5, "customer": 22, "date": "2022-06-03", "positive": false}}, {"model": "Customer.positivesymptoms", "pk": 1084, "fields": {"symptom": 2, "customer": 22, "date": "2022-06-03", "positive": false}}, {"model": "Customer.positivesymptoms", "pk": 1085, "fields": {"symptom": 1, "customer": 22, "date": "2022-06-03", "positive": false}}, {"model": "Customer.positivesymptoms", "pk": 1086, "fields": {"symptom": 18, "customer": 22, "date": "2022-06-06", "positive": true}}, {"model": "Customer.positivesymptoms", "pk": 1087, "fields": {"symptom": 36, "customer": 22, "date": "2022-06-07", "positive": true}}, {"model": "Customer.positivesymptoms", "pk": 1088, "fields": {"symptom": 41, "customer": 22, "date": "2022-06-07", "positive": true}}, {"model": "Customer.positivesymptoms", "pk": 1089, "fields": {"symptom": 4, "customer": 22, "date": "2022-06-08", "positive": true}}, {"model": "Customer.positivesymptoms", "pk": 1090, "fields": {"symptom": 15, "customer": 22, "date": "2022-06-08", "positive": true}}, {"model": "Customer.positivesymptoms", "pk": 1091, "fields": {"symptom": 18, "customer": 22, "date": "2022-06-08", "positive": true}}, {"model": "Customer.positivesymptoms", "pk": 1092, "fields": {"symptom": 19, "customer": 22, "date": "2022-06-08", "positive": true}}, {"model": "Customer.positivesymptoms", "pk": 1093, "fields": {"symptom": 20, "customer": 22, "date": "2022-06-08", "positive": true}}, {"model": "Customer.positivesymptoms", "pk": 1094, "fields": {"symptom": 21, "customer": 22, "date": "2022-06-08", "positive": true}}, {"model": "Customer.positivesymptoms", "pk": 1095, "fields": {"symptom": 26, "customer": 22, "date": "2022-06-08", "positive": true}}, {"model": "Customer.positivesymptoms", "pk": 1096, "fields": {"symptom": 37, "customer": 22, "date": "2022-06-08", "positive": true}}, {"model": "Customer.positivesymptoms", "pk": 1097, "fields": {"symptom": 43, "customer": 22, "date": "2022-06-08", "positive": true}}, {"model": "Customer.positivesymptoms", "pk": 1098, "fields": {"symptom": 47, "customer": 22, "date": "2022-06-08", "positive": true}}, {"model": "Customer.positivesymptoms", "pk": 1099, "fields": {"symptom": 48, "customer": 22, "date": "2022-06-08", "positive": true}}, {"model": "Customer.positivesymptoms", "pk": 1100, "fields": {"symptom": 49, "customer": 22, "date": "2022-06-08", "positive": true}}, {"model": "Customer.positivesymptoms", "pk": 1101, "fields": {"symptom": 50, "customer": 22, "date": "2022-06-08", "positive": true}}, {"model": "Customer.positivesymptoms", "pk": 1102, "fields": {"symptom": 51, "customer": 22, "date": "2022-06-08", "positive": true}}, {"model": "Customer.positivesymptoms", "pk": 1103, "fields": {"symptom": 53, "customer": 22, "date": "2022-06-08", "positive": true}}, {"model": "Customer.positivesymptoms", "pk": 1104, "fields": {"symptom": 56, "customer": 22, "date": "2022-06-08", "positive": true}}, {"model": "Customer.positivesymptoms", "pk": 1105, "fields": {"symptom": 57, "customer": 22, "date": "2022-06-08", "positive": true}}, {"model": "Customer.positivesymptoms", "pk": 1106, "fields": {"symptom": 62, "customer": 22, "date": "2022-06-08", "positive": true}}, {"model": "Customer.positivesymptoms", "pk": 1107, "fields": {"symptom": 61, "customer": 22, "date": "2022-06-08", "positive": true}}, {"model": "Customer.positivesymptoms", "pk": 1108, "fields": {"symptom": 60, "customer": 22, "date": "2022-06-08", "positive": true}}, {"model": "Customer.positivesymptoms", "pk": 1109, "fields": {"symptom": 59, "customer": 22, "date": "2022-06-08", "positive": true}}, {"model": "Customer.positivesymptoms", "pk": 1110, "fields": {"symptom": 58, "customer": 22, "date": "2022-06-08", "positive": true}}, {"model": "Customer.positivesymptoms", "pk": 1111, "fields": {"symptom": 55, "customer": 22, "date": "2022-06-08", "positive": true}}, {"model": "Customer.positivesymptoms", "pk": 1112, "fields": {"symptom": 54, "customer": 22, "date": "2022-06-08", "positive": true}}, {"model": "Customer.positivesymptoms", "pk": 1113, "fields": {"symptom": 52, "customer": 22, "date": "2022-06-08", "positive": true}}, {"model": "Customer.positivesymptoms", "pk": 1114, "fields": {"symptom": 46, "customer": 22, "date": "2022-06-08", "positive": true}}, {"model": "Customer.positivesymptoms", "pk": 1115, "fields": {"symptom": 45, "customer": 22, "date": "2022-06-08", "positive": true}}, {"model": "Customer.positivesymptoms", "pk": 1116, "fields": {"symptom": 44, "customer": 22, "date": "2022-06-08", "positive": true}}, {"model": "Customer.positivesymptoms", "pk": 1117, "fields": {"symptom": 42, "customer": 22, "date": "2022-06-08", "positive": true}}, {"model": "Customer.positivesymptoms", "pk": 1118, "fields": {"symptom": 41, "customer": 22, "date": "2022-06-08", "positive": true}}, {"model": "Customer.positivesymptoms", "pk": 1119, "fields": {"symptom": 40, "customer": 22, "date": "2022-06-08", "positive": true}}, {"model": "Customer.positivesymptoms", "pk": 1120, "fields": {"symptom": 39, "customer": 22, "date": "2022-06-08", "positive": true}}, {"model": "Customer.positivesymptoms", "pk": 1121, "fields": {"symptom": 38, "customer": 22, "date": "2022-06-08", "positive": true}}, {"model": "Customer.positivesymptoms", "pk": 1122, "fields": {"symptom": 36, "customer": 22, "date": "2022-06-08", "positive": true}}, {"model": "Customer.positivesymptoms", "pk": 1123, "fields": {"symptom": 35, "customer": 22, "date": "2022-06-08", "positive": true}}, {"model": "Customer.positivesymptoms", "pk": 1124, "fields": {"symptom": 34, "customer": 22, "date": "2022-06-08", "positive": true}}, {"model": "Customer.positivesymptoms", "pk": 1125, "fields": {"symptom": 33, "customer": 22, "date": "2022-06-08", "positive": true}}, {"model": "Customer.positivesymptoms", "pk": 1126, "fields": {"symptom": 32, "customer": 22, "date": "2022-06-08", "positive": true}}, {"model": "Customer.positivesymptoms", "pk": 1127, "fields": {"symptom": 31, "customer": 22, "date": "2022-06-08", "positive": true}}, {"model": "Customer.positivesymptoms", "pk": 1128, "fields": {"symptom": 30, "customer": 22, "date": "2022-06-08", "positive": true}}, {"model": "Customer.positivesymptoms", "pk": 1129, "fields": {"symptom": 29, "customer": 22, "date": "2022-06-08", "positive": true}}, {"model": "Customer.positivesymptoms", "pk": 1130, "fields": {"symptom": 28, "customer": 22, "date": "2022-06-08", "positive": true}}, {"model": "Customer.positivesymptoms", "pk": 1131, "fields": {"symptom": 27, "customer": 22, "date": "2022-06-08", "positive": true}}, {"model": "Customer.positivesymptoms", "pk": 1132, "fields": {"symptom": 25, "customer": 22, "date": "2022-06-08", "positive": true}}, {"model": "Customer.positivesymptoms", "pk": 1133, "fields": {"symptom": 24, "customer": 22, "date": "2022-06-08", "positive": true}}, {"model": "Customer.positivesymptoms", "pk": 1134, "fields": {"symptom": 23, "customer": 22, "date": "2022-06-08", "positive": true}}, {"model": "Customer.positivesymptoms", "pk": 1135, "fields": {"symptom": 22, "customer": 22, "date": "2022-06-08", "positive": true}}, {"model": "Customer.positivesymptoms", "pk": 1136, "fields": {"symptom": 17, "customer": 22, "date": "2022-06-08", "positive": true}}, {"model": "Customer.positivesymptoms", "pk": 1137, "fields": {"symptom": 16, "customer": 22, "date": "2022-06-08", "positive": true}}, {"model": "Customer.positivesymptoms", "pk": 1138, "fields": {"symptom": 14, "customer": 22, "date": "2022-06-08", "positive": true}}, {"model": "Customer.positivesymptoms", "pk": 1139, "fields": {"symptom": 13, "customer": 22, "date": "2022-06-08", "positive": true}}, {"model": "Customer.positivesymptoms", "pk": 1140, "fields": {"symptom": 12, "customer": 22, "date": "2022-06-08", "positive": true}}, {"model": "Customer.positivesymptoms", "pk": 1141, "fields": {"symptom": 11, "customer": 22, "date": "2022-06-08", "positive": true}}, {"model": "Customer.positivesymptoms", "pk": 1142, "fields": {"symptom": 10, "customer": 22, "date": "2022-06-08", "positive": true}}, {"model": "Customer.positivesymptoms", "pk": 1143, "fields": {"symptom": 9, "customer": 22, "date": "2022-06-08", "positive": true}}, {"model": "Customer.positivesymptoms", "pk": 1144, "fields": {"symptom": 8, "customer": 22, "date": "2022-06-08", "positive": true}}, {"model": "Customer.positivesymptoms", "pk": 1145, "fields": {"symptom": 7, "customer": 22, "date": "2022-06-08", "positive": true}}, {"model": "Customer.positivesymptoms", "pk": 1146, "fields": {"symptom": 6, "customer": 22, "date": "2022-06-08", "positive": true}}, {"model": "Customer.positivesymptoms", "pk": 1147, "fields": {"symptom": 5, "customer": 22, "date": "2022-06-08", "positive": true}}, {"model": "Customer.positivesymptoms", "pk": 1148, "fields": {"symptom": 2, "customer": 22, "date": "2022-06-08", "positive": true}}, {"model": "Customer.positivesymptoms", "pk": 1149, "fields": {"symptom": 1, "customer": 22, "date": "2022-06-08", "positive": true}}, {"model": "Customer.positivesymptoms", "pk": 1152, "fields": {"symptom": 50, "customer": 22, "date": "2022-06-10", "positive": true}}, {"model": "Customer.positivesymptoms", "pk": 1153, "fields": {"symptom": 51, "customer": 22, "date": "2022-06-10", "positive": true}}, {"model": "Customer.positivesymptoms", "pk": 1154, "fields": {"symptom": 56, "customer": 22, "date": "2022-06-10", "positive": true}}, {"model": "Customer.positivesymptoms", "pk": 1155, "fields": {"symptom": 41, "customer": 22, "date": "2022-06-10", "positive": true}}, {"model": "Customer.positivesymptoms", "pk": 1156, "fields": {"symptom": 22, "customer": 22, "date": "2022-06-10", "positive": true}}, {"model": "Customer.positivesymptoms", "pk": 1157, "fields": {"symptom": 26, "customer": 22, "date": "2022-06-10", "positive": true}}, {"model": "Customer.positivesymptoms", "pk": 1158, "fields": {"symptom": 37, "customer": 22, "date": "2022-06-10", "positive": true}}, {"model": "Customer.positivesymptoms", "pk": 1159, "fields": {"symptom": 49, "customer": 22, "date": "2022-06-10", "positive": true}}, {"model": "Customer.positivesymptoms", "pk": 1160, "fields": {"symptom": 57, "customer": 22, "date": "2022-06-10", "positive": true}}, {"model": "Customer.positivesymptoms", "pk": 1161, "fields": {"symptom": 61, "customer": 22, "date": "2022-06-10", "positive": true}}, {"model": "Customer.positivesymptoms", "pk": 1223, "fields": {"symptom": 4, "customer": 22, "date": "2022-06-12", "positive": true}}, {"model": "Customer.positivesymptoms", "pk": 1224, "fields": {"symptom": 15, "customer": 22, "date": "2022-06-12", "positive": true}}, {"model": "Customer.positivesymptoms", "pk": 1225, "fields": {"symptom": 18, "customer": 22, "date": "2022-06-12", "positive": true}}, {"model": "Customer.positivesymptoms", "pk": 1226, "fields": {"symptom": 19, "customer": 22, "date": "2022-06-12", "positive": true}}, {"model": "Customer.positivesymptoms", "pk": 1227, "fields": {"symptom": 20, "customer": 22, "date": "2022-06-12", "positive": true}}, {"model": "Customer.positivesymptoms", "pk": 1228, "fields": {"symptom": 21, "customer": 22, "date": "2022-06-12", "positive": true}}, {"model": "Customer.positivesymptoms", "pk": 1229, "fields": {"symptom": 26, "customer": 22, "date": "2022-06-12", "positive": true}}, {"model": "Customer.positivesymptoms", "pk": 1230, "fields": {"symptom": 37, "customer": 22, "date": "2022-06-12", "positive": true}}, {"model": "Customer.positivesymptoms", "pk": 1231, "fields": {"symptom": 43, "customer": 22, "date": "2022-06-12", "positive": true}}, {"model": "Customer.positivesymptoms", "pk": 1232, "fields": {"symptom": 47, "customer": 22, "date": "2022-06-12", "positive": true}}, {"model": "Customer.positivesymptoms", "pk": 1233, "fields": {"symptom": 48, "customer": 22, "date": "2022-06-12", "positive": true}}, {"model": "Customer.positivesymptoms", "pk": 1234, "fields": {"symptom": 49, "customer": 22, "date": "2022-06-12", "positive": true}}, {"model": "Customer.positivesymptoms", "pk": 1235, "fields": {"symptom": 50, "customer": 22, "date": "2022-06-12", "positive": true}}, {"model": "Customer.positivesymptoms", "pk": 1236, "fields": {"symptom": 51, "customer": 22, "date": "2022-06-12", "positive": true}}, {"model": "Customer.positivesymptoms", "pk": 1237, "fields": {"symptom": 53, "customer": 22, "date": "2022-06-12", "positive": true}}, {"model": "Customer.positivesymptoms", "pk": 1238, "fields": {"symptom": 56, "customer": 22, "date": "2022-06-12", "positive": true}}, {"model": "Customer.positivesymptoms", "pk": 1239, "fields": {"symptom": 57, "customer": 22, "date": "2022-06-12", "positive": true}}, {"model": "Customer.positivesymptoms", "pk": 1240, "fields": {"symptom": 62, "customer": 22, "date": "2022-06-12", "positive": true}}, {"model": "Customer.positivesymptoms", "pk": 1241, "fields": {"symptom": 61, "customer": 22, "date": "2022-06-12", "positive": true}}, {"model": "Customer.positivesymptoms", "pk": 1242, "fields": {"symptom": 60, "customer": 22, "date": "2022-06-12", "positive": true}}, {"model": "Customer.positivesymptoms", "pk": 1243, "fields": {"symptom": 59, "customer": 22, "date": "2022-06-12", "positive": true}}, {"model": "Customer.positivesymptoms", "pk": 1244, "fields": {"symptom": 58, "customer": 22, "date": "2022-06-12", "positive": true}}, {"model": "Customer.positivesymptoms", "pk": 1245, "fields": {"symptom": 55, "customer": 22, "date": "2022-06-12", "positive": true}}, {"model": "Customer.positivesymptoms", "pk": 1246, "fields": {"symptom": 54, "customer": 22, "date": "2022-06-12", "positive": true}}, {"model": "Customer.positivesymptoms", "pk": 1247, "fields": {"symptom": 52, "customer": 22, "date": "2022-06-12", "positive": true}}, {"model": "Customer.positivesymptoms", "pk": 1248, "fields": {"symptom": 46, "customer": 22, "date": "2022-06-12", "positive": true}}, {"model": "Customer.positivesymptoms", "pk": 1249, "fields": {"symptom": 45, "customer": 22, "date": "2022-06-12", "positive": true}}, {"model": "Customer.positivesymptoms", "pk": 1250, "fields": {"symptom": 44, "customer": 22, "date": "2022-06-12", "positive": true}}, {"model": "Customer.positivesymptoms", "pk": 1251, "fields": {"symptom": 42, "customer": 22, "date": "2022-06-12", "positive": true}}, {"model": "Customer.positivesymptoms", "pk": 1252, "fields": {"symptom": 41, "customer": 22, "date": "2022-06-12", "positive": true}}, {"model": "Customer.positivesymptoms", "pk": 1253, "fields": {"symptom": 40, "customer": 22, "date": "2022-06-12", "positive": true}}, {"model": "Customer.positivesymptoms", "pk": 1254, "fields": {"symptom": 39, "customer": 22, "date": "2022-06-12", "positive": true}}, {"model": "Customer.positivesymptoms", "pk": 1255, "fields": {"symptom": 38, "customer": 22, "date": "2022-06-12", "positive": true}}, {"model": "Customer.positivesymptoms", "pk": 1256, "fields": {"symptom": 36, "customer": 22, "date": "2022-06-12", "positive": true}}, {"model": "Customer.positivesymptoms", "pk": 1257, "fields": {"symptom": 35, "customer": 22, "date": "2022-06-12", "positive": true}}, {"model": "Customer.positivesymptoms", "pk": 1258, "fields": {"symptom": 34, "customer": 22, "date": "2022-06-12", "positive": true}}, {"model": "Customer.positivesymptoms", "pk": 1259, "fields": {"symptom": 33, "customer": 22, "date": "2022-06-12", "positive": true}}, {"model": "Customer.positivesymptoms", "pk": 1260, "fields": {"symptom": 32, "customer": 22, "date": "2022-06-12", "positive": true}}, {"model": "Customer.positivesymptoms", "pk": 1261, "fields": {"symptom": 31, "customer": 22, "date": "2022-06-12", "positive": true}}, {"model": "Customer.positivesymptoms", "pk": 1262, "fields": {"symptom": 30, "customer": 22, "date": "2022-06-12", "positive": true}}, {"model": "Customer.positivesymptoms", "pk": 1263, "fields": {"symptom": 29, "customer": 22, "date": "2022-06-12", "positive": true}}, {"model": "Customer.positivesymptoms", "pk": 1264, "fields": {"symptom": 28, "customer": 22, "date": "2022-06-12", "positive": true}}, {"model": "Customer.positivesymptoms", "pk": 1265, "fields": {"symptom": 27, "customer": 22, "date": "2022-06-12", "positive": true}}, {"model": "Customer.positivesymptoms", "pk": 1266, "fields": {"symptom": 25, "customer": 22, "date": "2022-06-12", "positive": true}}, {"model": "Customer.positivesymptoms", "pk": 1267, "fields": {"symptom": 24, "customer": 22, "date": "2022-06-12", "positive": true}}, {"model": "Customer.positivesymptoms", "pk": 1268, "fields": {"symptom": 23, "customer": 22, "date": "2022-06-12", "positive": true}}, {"model": "Customer.positivesymptoms", "pk": 1269, "fields": {"symptom": 22, "customer": 22, "date": "2022-06-12", "positive": true}}, {"model": "Customer.positivesymptoms", "pk": 1270, "fields": {"symptom": 17, "customer": 22, "date": "2022-06-12", "positive": true}}, {"model": "Customer.positivesymptoms", "pk": 1271, "fields": {"symptom": 16, "customer": 22, "date": "2022-06-12", "positive": true}}, {"model": "Customer.positivesymptoms", "pk": 1272, "fields": {"symptom": 14, "customer": 22, "date": "2022-06-12", "positive": true}}, {"model": "Customer.positivesymptoms", "pk": 1273, "fields": {"symptom": 13, "customer": 22, "date": "2022-06-12", "positive": true}}, {"model": "Customer.positivesymptoms", "pk": 1274, "fields": {"symptom": 12, "customer": 22, "date": "2022-06-12", "positive": true}}, {"model": "Customer.positivesymptoms", "pk": 1275, "fields": {"symptom": 11, "customer": 22, "date": "2022-06-12", "positive": true}}, {"model": "Customer.positivesymptoms", "pk": 1276, "fields": {"symptom": 10, "customer": 22, "date": "2022-06-12", "positive": true}}, {"model": "Customer.positivesymptoms", "pk": 1277, "fields": {"symptom": 9, "customer": 22, "date": "2022-06-12", "positive": true}}, {"model": "Customer.positivesymptoms", "pk": 1278, "fields": {"symptom": 8, "customer": 22, "date": "2022-06-12", "positive": false}}, {"model": "Customer.positivesymptoms", "pk": 1279, "fields": {"symptom": 7, "customer": 22, "date": "2022-06-12", "positive": true}}, {"model": "Customer.positivesymptoms", "pk": 1280, "fields": {"symptom": 6, "customer": 22, "date": "2022-06-12", "positive": true}}, {"model": "Customer.positivesymptoms", "pk": 1281, "fields": {"symptom": 5, "customer": 22, "date": "2022-06-12", "positive": true}}, {"model": "Customer.positivesymptoms", "pk": 1282, "fields": {"symptom": 2, "customer": 22, "date": "2022-06-12", "positive": true}}, {"model": "Customer.positivesymptoms", "pk": 1283, "fields": {"symptom": 1, "customer": 22, "date": "2022-06-12", "positive": true}}, {"model": "Customer.positivesymptoms", "pk": 1345, "fields": {"symptom": 4, "customer": 22, "date": "2022-06-11", "positive": false}}, {"model": "Customer.positivesymptoms", "pk": 1346, "fields": {"symptom": 15, "customer": 22, "date": "2022-06-11", "positive": false}}, {"model": "Customer.positivesymptoms", "pk": 1347, "fields": {"symptom": 18, "customer": 22, "date": "2022-06-11", "positive": false}}, {"model": "Customer.positivesymptoms", "pk": 1348, "fields": {"symptom": 19, "customer": 22, "date": "2022-06-11", "positive": false}}, {"model": "Customer.positivesymptoms", "pk": 1349, "fields": {"symptom": 20, "customer": 22, "date": "2022-06-11", "positive": false}}, {"model": "Customer.positivesymptoms", "pk": 1350, "fields": {"symptom": 21, "customer": 22, "date": "2022-06-11", "positive": false}}, {"model": "Customer.positivesymptoms", "pk": 1351, "fields": {"symptom": 26, "customer": 22, "date": "2022-06-11", "positive": false}}, {"model": "Customer.positivesymptoms", "pk": 1352, "fields": {"symptom": 37, "customer": 22, "date": "2022-06-11", "positive": false}}, {"model": "Customer.positivesymptoms", "pk": 1353, "fields": {"symptom": 43, "customer": 22, "date": "2022-06-11", "positive": false}}, {"model": "Customer.positivesymptoms", "pk": 1354, "fields": {"symptom": 47, "customer": 22, "date": "2022-06-11", "positive": false}}, {"model": "Customer.positivesymptoms", "pk": 1355, "fields": {"symptom": 48, "customer": 22, "date": "2022-06-11", "positive": false}}, {"model": "Customer.positivesymptoms", "pk": 1356, "fields": {"symptom": 49, "customer": 22, "date": "2022-06-11", "positive": false}}, {"model": "Customer.positivesymptoms", "pk": 1357, "fields": {"symptom": 50, "customer": 22, "date": "2022-06-11", "positive": false}}, {"model": "Customer.positivesymptoms", "pk": 1358, "fields": {"symptom": 51, "customer": 22, "date": "2022-06-11", "positive": true}}, {"model": "Customer.positivesymptoms", "pk": 1359, "fields": {"symptom": 53, "customer": 22, "date": "2022-06-11", "positive": false}}, {"model": "Customer.positivesymptoms", "pk": 1360, "fields": {"symptom": 56, "customer": 22, "date": "2022-06-11", "positive": false}}, {"model": "Customer.positivesymptoms", "pk": 1361, "fields": {"symptom": 57, "customer": 22, "date": "2022-06-11", "positive": false}}, {"model": "Customer.positivesymptoms", "pk": 1362, "fields": {"symptom": 62, "customer": 22, "date": "2022-06-11", "positive": false}}, {"model": "Customer.positivesymptoms", "pk": 1363, "fields": {"symptom": 61, "customer": 22, "date": "2022-06-11", "positive": false}}, {"model": "Customer.positivesymptoms", "pk": 1364, "fields": {"symptom": 60, "customer": 22, "date": "2022-06-11", "positive": false}}, {"model": "Customer.positivesymptoms", "pk": 1365, "fields": {"symptom": 59, "customer": 22, "date": "2022-06-11", "positive": false}}, {"model": "Customer.positivesymptoms", "pk": 1366, "fields": {"symptom": 58, "customer": 22, "date": "2022-06-11", "positive": false}}, {"model": "Customer.positivesymptoms", "pk": 1367, "fields": {"symptom": 55, "customer": 22, "date": "2022-06-11", "positive": false}}, {"model": "Customer.positivesymptoms", "pk": 1368, "fields": {"symptom": 54, "customer": 22, "date": "2022-06-11", "positive": false}}, {"model": "Customer.positivesymptoms", "pk": 1369, "fields": {"symptom": 52, "customer": 22, "date": "2022-06-11", "positive": false}}, {"model": "Customer.positivesymptoms", "pk": 1370, "fields": {"symptom": 46, "customer": 22, "date": "2022-06-11", "positive": false}}, {"model": "Customer.positivesymptoms", "pk": 1371, "fields": {"symptom": 45, "customer": 22, "date": "2022-06-11", "positive": false}}, {"model": "Customer.positivesymptoms", "pk": 1372, "fields": {"symptom": 44, "customer": 22, "date": "2022-06-11", "positive": false}}, {"model": "Customer.positivesymptoms", "pk": 1373, "fields": {"symptom": 42, "customer": 22, "date": "2022-06-11", "positive": false}}, {"model": "Customer.positivesymptoms", "pk": 1374, "fields": {"symptom": 41, "customer": 22, "date": "2022-06-11", "positive": false}}, {"model": "Customer.positivesymptoms", "pk": 1375, "fields": {"symptom": 40, "customer": 22, "date": "2022-06-11", "positive": false}}, {"model": "Customer.positivesymptoms", "pk": 1376, "fields": {"symptom": 39, "customer": 22, "date": "2022-06-11", "positive": false}}, {"model": "Customer.positivesymptoms", "pk": 1377, "fields": {"symptom": 38, "customer": 22, "date": "2022-06-11", "positive": false}}, {"model": "Customer.positivesymptoms", "pk": 1378, "fields": {"symptom": 36, "customer": 22, "date": "2022-06-11", "positive": true}}, {"model": "Customer.positivesymptoms", "pk": 1379, "fields": {"symptom": 35, "customer": 22, "date": "2022-06-11", "positive": false}}, {"model": "Customer.positivesymptoms", "pk": 1380, "fields": {"symptom": 34, "customer": 22, "date": "2022-06-11", "positive": false}}, {"model": "Customer.positivesymptoms", "pk": 1381, "fields": {"symptom": 33, "customer": 22, "date": "2022-06-11", "positive": false}}, {"model": "Customer.positivesymptoms", "pk": 1382, "fields": {"symptom": 32, "customer": 22, "date": "2022-06-11", "positive": false}}, {"model": "Customer.positivesymptoms", "pk": 1383, "fields": {"symptom": 31, "customer": 22, "date": "2022-06-11", "positive": false}}, {"model": "Customer.positivesymptoms", "pk": 1384, "fields": {"symptom": 30, "customer": 22, "date": "2022-06-11", "positive": false}}, {"model": "Customer.positivesymptoms", "pk": 1385, "fields": {"symptom": 29, "customer": 22, "date": "2022-06-11", "positive": false}}, {"model": "Customer.positivesymptoms", "pk": 1386, "fields": {"symptom": 28, "customer": 22, "date": "2022-06-11", "positive": false}}, {"model": "Customer.positivesymptoms", "pk": 1387, "fields": {"symptom": 27, "customer": 22, "date": "2022-06-11", "positive": false}}, {"model": "Customer.positivesymptoms", "pk": 1388, "fields": {"symptom": 25, "customer": 22, "date": "2022-06-11", "positive": false}}, {"model": "Customer.positivesymptoms", "pk": 1389, "fields": {"symptom": 24, "customer": 22, "date": "2022-06-11", "positive": false}}, {"model": "Customer.positivesymptoms", "pk": 1390, "fields": {"symptom": 23, "customer": 22, "date": "2022-06-11", "positive": false}}, {"model": "Customer.positivesymptoms", "pk": 1391, "fields": {"symptom": 22, "customer": 22, "date": "2022-06-11", "positive": false}}, {"model": "Customer.positivesymptoms", "pk": 1392, "fields": {"symptom": 17, "customer": 22, "date": "2022-06-11", "positive": false}}, {"model": "Customer.positivesymptoms", "pk": 1393, "fields": {"symptom": 16, "customer": 22, "date": "2022-06-11", "positive": false}}, {"model": "Customer.positivesymptoms", "pk": 1394, "fields": {"symptom": 14, "customer": 22, "date": "2022-06-11", "positive": false}}, {"model": "Customer.positivesymptoms", "pk": 1395, "fields": {"symptom": 13, "customer": 22, "date": "2022-06-11", "positive": true}}, {"model": "Customer.positivesymptoms", "pk": 1396, "fields": {"symptom": 12, "customer": 22, "date": "2022-06-11", "positive": false}}, {"model": "Customer.positivesymptoms", "pk": 1397, "fields": {"symptom": 11, "customer": 22, "date": "2022-06-11", "positive": false}}, {"model": "Customer.positivesymptoms", "pk": 1398, "fields": {"symptom": 10, "customer": 22, "date": "2022-06-11", "positive": false}}, {"model": "Customer.positivesymptoms", "pk": 1399, "fields": {"symptom": 9, "customer": 22, "date": "2022-06-11", "positive": false}}, {"model": "Customer.positivesymptoms", "pk": 1400, "fields": {"symptom": 8, "customer": 22, "date": "2022-06-11", "positive": true}}, {"model": "Customer.positivesymptoms", "pk": 1401, "fields": {"symptom": 7, "customer": 22, "date": "2022-06-11", "positive": false}}, {"model": "Customer.positivesymptoms", "pk": 1402, "fields": {"symptom": 6, "customer": 22, "date": "2022-06-11", "positive": false}}, {"model": "Customer.positivesymptoms", "pk": 1403, "fields": {"symptom": 5, "customer": 22, "date": "2022-06-11", "positive": false}}, {"model": "Customer.positivesymptoms", "pk": 1404, "fields": {"symptom": 2, "customer": 22, "date": "2022-06-11", "positive": false}}, {"model": "Customer.positivesymptoms", "pk": 1405, "fields": {"symptom": 1, "customer": 22, "date": "2022-06-11", "positive": false}}, {"model": "Customer.positivesymptoms", "pk": 1406, "fields": {"symptom": 41, "customer": 22, "date": "2022-06-13", "positive": true}}, {"model": "Customer.positivesymptoms", "pk": 1407, "fields": {"symptom": 8, "customer": 22, "date": "2022-06-13", "positive": true}}, {"model": "Customer.positivesymptoms", "pk": 1408, "fields": {"symptom": 22, "customer": 22, "date": "2022-06-13", "positive": true}}, {"model": "Customer.positivesymptoms", "pk": 1409, "fields": {"symptom": 31, "customer": 22, "date": "2022-06-13", "positive": true}}, {"model": "Customer.positivesymptoms", "pk": 1410, "fields": {"symptom": 58, "customer": 22, "date": "2022-06-13", "positive": true}}, {"model": "Customer.positivesymptoms", "pk": 1411, "fields": {"symptom": 52, "customer": 22, "date": "2022-06-13", "positive": true}}, {"model": "Customer.positivesymptoms", "pk": 1412, "fields": {"symptom": 4, "customer": 22, "date": "2022-06-14", "positive": false}}, {"model": "Customer.positivesymptoms", "pk": 1413, "fields": {"symptom": 15, "customer": 22, "date": "2022-06-14", "positive": false}}, {"model": "Customer.positivesymptoms", "pk": 1414, "fields": {"symptom": 18, "customer": 22, "date": "2022-06-14", "positive": false}}, {"model": "Customer.positivesymptoms", "pk": 1415, "fields": {"symptom": 19, "customer": 22, "date": "2022-06-14", "positive": false}}, {"model": "Customer.positivesymptoms", "pk": 1416, "fields": {"symptom": 20, "customer": 22, "date": "2022-06-14", "positive": false}}, {"model": "Customer.positivesymptoms", "pk": 1417, "fields": {"symptom": 21, "customer": 22, "date": "2022-06-14", "positive": false}}, {"model": "Customer.positivesymptoms", "pk": 1418, "fields": {"symptom": 26, "customer": 22, "date": "2022-06-14", "positive": false}}, {"model": "Customer.positivesymptoms", "pk": 1419, "fields": {"symptom": 37, "customer": 22, "date": "2022-06-14", "positive": false}}, {"model": "Customer.positivesymptoms", "pk": 1420, "fields": {"symptom": 43, "customer": 22, "date": "2022-06-14", "positive": false}}, {"model": "Customer.positivesymptoms", "pk": 1421, "fields": {"symptom": 47, "customer": 22, "date": "2022-06-14", "positive": false}}, {"model": "Customer.positivesymptoms", "pk": 1422, "fields": {"symptom": 48, "customer": 22, "date": "2022-06-14", "positive": false}}, {"model": "Customer.positivesymptoms", "pk": 1423, "fields": {"symptom": 49, "customer": 22, "date": "2022-06-14", "positive": false}}, {"model": "Customer.positivesymptoms", "pk": 1424, "fields": {"symptom": 50, "customer": 22, "date": "2022-06-14", "positive": false}}, {"model": "Customer.positivesymptoms", "pk": 1425, "fields": {"symptom": 51, "customer": 22, "date": "2022-06-14", "positive": false}}, {"model": "Customer.positivesymptoms", "pk": 1426, "fields": {"symptom": 53, "customer": 22, "date": "2022-06-14", "positive": false}}, {"model": "Customer.positivesymptoms", "pk": 1427, "fields": {"symptom": 56, "customer": 22, "date": "2022-06-14", "positive": false}}, {"model": "Customer.positivesymptoms", "pk": 1428, "fields": {"symptom": 57, "customer": 22, "date": "2022-06-14", "positive": false}}, {"model": "Customer.positivesymptoms", "pk": 1429, "fields": {"symptom": 62, "customer": 22, "date": "2022-06-14", "positive": false}}, {"model": "Customer.positivesymptoms", "pk": 1430, "fields": {"symptom": 61, "customer": 22, "date": "2022-06-14", "positive": false}}, {"model": "Customer.positivesymptoms", "pk": 1431, "fields": {"symptom": 60, "customer": 22, "date": "2022-06-14", "positive": false}}, {"model": "Customer.positivesymptoms", "pk": 1432, "fields": {"symptom": 59, "customer": 22, "date": "2022-06-14", "positive": false}}, {"model": "Customer.positivesymptoms", "pk": 1433, "fields": {"symptom": 58, "customer": 22, "date": "2022-06-14", "positive": false}}, {"model": "Customer.positivesymptoms", "pk": 1434, "fields": {"symptom": 55, "customer": 22, "date": "2022-06-14", "positive": false}}, {"model": "Customer.positivesymptoms", "pk": 1435, "fields": {"symptom": 54, "customer": 22, "date": "2022-06-14", "positive": false}}, {"model": "Customer.positivesymptoms", "pk": 1436, "fields": {"symptom": 52, "customer": 22, "date": "2022-06-14", "positive": false}}, {"model": "Customer.positivesymptoms", "pk": 1437, "fields": {"symptom": 46, "customer": 22, "date": "2022-06-14", "positive": false}}, {"model": "Customer.positivesymptoms", "pk": 1438, "fields": {"symptom": 45, "customer": 22, "date": "2022-06-14", "positive": false}}, {"model": "Customer.positivesymptoms", "pk": 1439, "fields": {"symptom": 44, "customer": 22, "date": "2022-06-14", "positive": false}}, {"model": "Customer.positivesymptoms", "pk": 1440, "fields": {"symptom": 42, "customer": 22, "date": "2022-06-14", "positive": false}}, {"model": "Customer.positivesymptoms", "pk": 1441, "fields": {"symptom": 41, "customer": 22, "date": "2022-06-14", "positive": false}}, {"model": "Customer.positivesymptoms", "pk": 1442, "fields": {"symptom": 40, "customer": 22, "date": "2022-06-14", "positive": false}}, {"model": "Customer.positivesymptoms", "pk": 1443, "fields": {"symptom": 39, "customer": 22, "date": "2022-06-14", "positive": false}}, {"model": "Customer.positivesymptoms", "pk": 1444, "fields": {"symptom": 38, "customer": 22, "date": "2022-06-14", "positive": false}}, {"model": "Customer.positivesymptoms", "pk": 1445, "fields": {"symptom": 36, "customer": 22, "date": "2022-06-14", "positive": false}}, {"model": "Customer.positivesymptoms", "pk": 1446, "fields": {"symptom": 35, "customer": 22, "date": "2022-06-14", "positive": false}}, {"model": "Customer.positivesymptoms", "pk": 1447, "fields": {"symptom": 34, "customer": 22, "date": "2022-06-14", "positive": false}}, {"model": "Customer.positivesymptoms", "pk": 1448, "fields": {"symptom": 33, "customer": 22, "date": "2022-06-14", "positive": false}}, {"model": "Customer.positivesymptoms", "pk": 1449, "fields": {"symptom": 32, "customer": 22, "date": "2022-06-14", "positive": false}}, {"model": "Customer.positivesymptoms", "pk": 1450, "fields": {"symptom": 31, "customer": 22, "date": "2022-06-14", "positive": false}}, {"model": "Customer.positivesymptoms", "pk": 1451, "fields": {"symptom": 30, "customer": 22, "date": "2022-06-14", "positive": false}}, {"model": "Customer.positivesymptoms", "pk": 1452, "fields": {"symptom": 29, "customer": 22, "date": "2022-06-14", "positive": false}}, {"model": "Customer.positivesymptoms", "pk": 1453, "fields": {"symptom": 28, "customer": 22, "date": "2022-06-14", "positive": false}}, {"model": "Customer.positivesymptoms", "pk": 1454, "fields": {"symptom": 27, "customer": 22, "date": "2022-06-14", "positive": false}}, {"model": "Customer.positivesymptoms", "pk": 1455, "fields": {"symptom": 25, "customer": 22, "date": "2022-06-14", "positive": false}}, {"model": "Customer.positivesymptoms", "pk": 1456, "fields": {"symptom": 24, "customer": 22, "date": "2022-06-14", "positive": false}}, {"model": "Customer.positivesymptoms", "pk": 1457, "fields": {"symptom": 23, "customer": 22, "date": "2022-06-14", "positive": false}}, {"model": "Customer.positivesymptoms", "pk": 1458, "fields": {"symptom": 22, "customer": 22, "date": "2022-06-14", "positive": false}}, {"model": "Customer.positivesymptoms", "pk": 1459, "fields": {"symptom": 17, "customer": 22, "date": "2022-06-14", "positive": false}}, {"model": "Customer.positivesymptoms", "pk": 1460, "fields": {"symptom": 16, "customer": 22, "date": "2022-06-14", "positive": false}}, {"model": "Customer.positivesymptoms", "pk": 1461, "fields": {"symptom": 14, "customer": 22, "date": "2022-06-14", "positive": false}}, {"model": "Customer.positivesymptoms", "pk": 1462, "fields": {"symptom": 13, "customer": 22, "date": "2022-06-14", "positive": false}}, {"model": "Customer.positivesymptoms", "pk": 1463, "fields": {"symptom": 12, "customer": 22, "date": "2022-06-14", "positive": false}}, {"model": "Customer.positivesymptoms", "pk": 1464, "fields": {"symptom": 11, "customer": 22, "date": "2022-06-14", "positive": false}}, {"model": "Customer.positivesymptoms", "pk": 1465, "fields": {"symptom": 10, "customer": 22, "date": "2022-06-14", "positive": false}}, {"model": "Customer.positivesymptoms", "pk": 1466, "fields": {"symptom": 9, "customer": 22, "date": "2022-06-14", "positive": false}}, {"model": "Customer.positivesymptoms", "pk": 1467, "fields": {"symptom": 8, "customer": 22, "date": "2022-06-14", "positive": false}}, {"model": "Customer.positivesymptoms", "pk": 1468, "fields": {"symptom": 7, "customer": 22, "date": "2022-06-14", "positive": false}}, {"model": "Customer.positivesymptoms", "pk": 1469, "fields": {"symptom": 6, "customer": 22, "date": "2022-06-14", "positive": false}}, {"model": "Customer.positivesymptoms", "pk": 1470, "fields": {"symptom": 5, "customer": 22, "date": "2022-06-14", "positive": false}}, {"model": "Customer.positivesymptoms", "pk": 1471, "fields": {"symptom": 2, "customer": 22, "date": "2022-06-14", "positive": false}}, {"model": "Customer.positivesymptoms", "pk": 1472, "fields": {"symptom": 1, "customer": 22, "date": "2022-06-14", "positive": false}}, {"model": "Customer.positivesymptoms", "pk": 1595, "fields": {"symptom": 56, "customer": 22, "date": "2022-06-15", "positive": false}}, {"model": "Customer.positivesymptoms", "pk": 1596, "fields": {"symptom": 36, "customer": 22, "date": "2022-06-15", "positive": false}}, {"model": "Customer.positivesymptoms", "pk": 1597, "fields": {"symptom": 33, "customer": 22, "date": "2022-06-15", "positive": false}}, {"model": "Customer.positivesymptoms", "pk": 1598, "fields": {"symptom": 30, "customer": 22, "date": "2022-06-15", "positive": false}}, {"model": "Customer.positivesymptoms", "pk": 1599, "fields": {"symptom": 41, "customer": 22, "date": "2022-06-15", "positive": false}}, {"model": "Customer.positivesymptoms", "pk": 1600, "fields": {"symptom": 51, "customer": 22, "date": "2022-06-15", "positive": false}}, {"model": "Customer.positivesymptoms", "pk": 1601, "fields": {"symptom": 28, "customer": 22, "date": "2022-06-15", "positive": false}}, {"model": "Customer.positivesymptoms", "pk": 1602, "fields": {"symptom": 9, "customer": 22, "date": "2022-06-15", "positive": false}}, {"model": "Customer.positivesymptoms", "pk": 1603, "fields": {"symptom": 50, "customer": 22, "date": "2022-06-15", "positive": false}}, {"model": "Customer.positivesymptoms", "pk": 1604, "fields": {"symptom": 20, "customer": 22, "date": "2022-06-15", "positive": false}}, {"model": "Customer.positivesymptoms", "pk": 1605, "fields": {"symptom": 43, "customer": 22, "date": "2022-06-15", "positive": false}}, {"model": "Customer.positivesymptoms", "pk": 1606, "fields": {"symptom": 48, "customer": 22, "date": "2022-06-15", "positive": false}}, {"model": "Customer.positivesymptoms", "pk": 1607, "fields": {"symptom": 52, "customer": 22, "date": "2022-06-15", "positive": false}}, {"model": "Customer.positivesymptoms", "pk": 1608, "fields": {"symptom": 42, "customer": 22, "date": "2022-06-15", "positive": false}}, {"model": "Customer.positivesymptoms", "pk": 1609, "fields": {"symptom": 31, "customer": 22, "date": "2022-06-15", "positive": false}}, {"model": "Customer.positivesymptoms", "pk": 1610, "fields": {"symptom": 21, "customer": 22, "date": "2022-06-15", "positive": false}}, {"model": "Customer.positivesymptoms", "pk": 1611, "fields": {"symptom": 53, "customer": 22, "date": "2022-06-15", "positive": false}}, {"model": "Customer.positivesymptoms", "pk": 1612, "fields": {"symptom": 46, "customer": 22, "date": "2022-06-15", "positive": false}}, {"model": "Customer.positivesymptoms", "pk": 1613, "fields": {"symptom": 24, "customer": 22, "date": "2022-06-15", "positive": false}}, {"model": "Customer.positivesymptoms", "pk": 1614, "fields": {"symptom": 23, "customer": 22, "date": "2022-06-15", "positive": false}}, {"model": "Customer.positivesymptoms", "pk": 1615, "fields": {"symptom": 13, "customer": 22, "date": "2022-06-15", "positive": false}}, {"model": "Customer.positivesymptoms", "pk": 1616, "fields": {"symptom": 8, "customer": 22, "date": "2022-06-15", "positive": false}}, {"model": "Customer.positivesymptoms", "pk": 1617, "fields": {"symptom": 5, "customer": 22, "date": "2022-06-15", "positive": false}}, {"model": "Customer.positivesymptoms", "pk": 1618, "fields": {"symptom": 2, "customer": 22, "date": "2022-06-15", "positive": false}}, {"model": "Customer.positivesymptoms", "pk": 1619, "fields": {"symptom": 1, "customer": 22, "date": "2022-06-15", "positive": false}}, {"model": "Customer.positivesymptoms", "pk": 1620, "fields": {"symptom": 47, "customer": 22, "date": "2022-06-15", "positive": false}}, {"model": "Customer.positivesymptoms", "pk": 1621, "fields": {"symptom": 19, "customer": 22, "date": "2022-06-15", "positive": false}}, {"model": "Customer.positivesymptoms", "pk": 1622, "fields": {"symptom": 60, "customer": 22, "date": "2022-06-15", "positive": false}}, {"model": "Customer.positivesymptoms", "pk": 1623, "fields": {"symptom": 59, "customer": 22, "date": "2022-06-15", "positive": false}}, {"model": "Customer.positivesymptoms", "pk": 1624, "fields": {"symptom": 58, "customer": 22, "date": "2022-06-15", "positive": false}}, {"model": "Customer.positivesymptoms", "pk": 1625, "fields": {"symptom": 45, "customer": 22, "date": "2022-06-15", "positive": false}}, {"model": "Customer.positivesymptoms", "pk": 1626, "fields": {"symptom": 38, "customer": 22, "date": "2022-06-15", "positive": false}}, {"model": "Customer.positivesymptoms", "pk": 1627, "fields": {"symptom": 34, "customer": 22, "date": "2022-06-15", "positive": false}}, {"model": "Customer.positivesymptoms", "pk": 1628, "fields": {"symptom": 27, "customer": 22, "date": "2022-06-15", "positive": false}}, {"model": "Customer.positivesymptoms", "pk": 1629, "fields": {"symptom": 17, "customer": 22, "date": "2022-06-15", "positive": false}}, {"model": "Customer.positivesymptoms", "pk": 1630, "fields": {"symptom": 15, "customer": 22, "date": "2022-06-15", "positive": false}}, {"model": "Customer.positivesymptoms", "pk": 1631, "fields": {"symptom": 22, "customer": 22, "date": "2022-06-15", "positive": false}}, {"model": "Customer.positivesymptoms", "pk": 1632, "fields": {"symptom": 4, "customer": 22, "date": "2022-06-15", "positive": false}}, {"model": "Customer.positivesymptoms", "pk": 1633, "fields": {"symptom": 18, "customer": 22, "date": "2022-06-15", "positive": false}}, {"model": "Customer.positivesymptoms", "pk": 1634, "fields": {"symptom": 26, "customer": 22, "date": "2022-06-15", "positive": false}}, {"model": "Customer.positivesymptoms", "pk": 1635, "fields": {"symptom": 37, "customer": 22, "date": "2022-06-15", "positive": false}}, {"model": "Customer.positivesymptoms", "pk": 1636, "fields": {"symptom": 49, "customer": 22, "date": "2022-06-15", "positive": false}}, {"model": "Customer.positivesymptoms", "pk": 1637, "fields": {"symptom": 57, "customer": 22, "date": "2022-06-15", "positive": false}}, {"model": "Customer.positivesymptoms", "pk": 1638, "fields": {"symptom": 62, "customer": 22, "date": "2022-06-15", "positive": false}}, {"model": "Customer.positivesymptoms", "pk": 1639, "fields": {"symptom": 4, "customer": 22, "date": "2022-06-16", "positive": false}}, {"model": "Customer.positivesymptoms", "pk": 1640, "fields": {"symptom": 15, "customer": 22, "date": "2022-06-16", "positive": false}}, {"model": "Customer.positivesymptoms", "pk": 1641, "fields": {"symptom": 18, "customer": 22, "date": "2022-06-16", "positive": false}}, {"model": "Customer.positivesymptoms", "pk": 1642, "fields": {"symptom": 19, "customer": 22, "date": "2022-06-16", "positive": false}}, {"model": "Customer.positivesymptoms", "pk": 1643, "fields": {"symptom": 20, "customer": 22, "date": "2022-06-16", "positive": false}}, {"model": "Customer.positivesymptoms", "pk": 1644, "fields": {"symptom": 21, "customer": 22, "date": "2022-06-16", "positive": false}}, {"model": "Customer.positivesymptoms", "pk": 1645, "fields": {"symptom": 26, "customer": 22, "date": "2022-06-16", "positive": false}}, {"model": "Customer.positivesymptoms", "pk": 1646, "fields": {"symptom": 37, "customer": 22, "date": "2022-06-16", "positive": false}}, {"model": "Customer.positivesymptoms", "pk": 1647, "fields": {"symptom": 43, "customer": 22, "date": "2022-06-16", "positive": false}}, {"model": "Customer.positivesymptoms", "pk": 1648, "fields": {"symptom": 47, "customer": 22, "date": "2022-06-16", "positive": false}}, {"model": "Customer.positivesymptoms", "pk": 1649, "fields": {"symptom": 48, "customer": 22, "date": "2022-06-16", "positive": false}}, {"model": "Customer.positivesymptoms", "pk": 1650, "fields": {"symptom": 49, "customer": 22, "date": "2022-06-16", "positive": false}}, {"model": "Customer.positivesymptoms", "pk": 1651, "fields": {"symptom": 50, "customer": 22, "date": "2022-06-16", "positive": false}}, {"model": "Customer.positivesymptoms", "pk": 1652, "fields": {"symptom": 51, "customer": 22, "date": "2022-06-16", "positive": false}}, {"model": "Customer.positivesymptoms", "pk": 1653, "fields": {"symptom": 53, "customer": 22, "date": "2022-06-16", "positive": false}}, {"model": "Customer.positivesymptoms", "pk": 1654, "fields": {"symptom": 56, "customer": 22, "date": "2022-06-16", "positive": false}}, {"model": "Customer.positivesymptoms", "pk": 1655, "fields": {"symptom": 57, "customer": 22, "date": "2022-06-16", "positive": false}}, {"model": "Customer.positivesymptoms", "pk": 1656, "fields": {"symptom": 62, "customer": 22, "date": "2022-06-16", "positive": false}}, {"model": "Customer.positivesymptoms", "pk": 1657, "fields": {"symptom": 61, "customer": 22, "date": "2022-06-16", "positive": false}}, {"model": "Customer.positivesymptoms", "pk": 1658, "fields": {"symptom": 60, "customer": 22, "date": "2022-06-16", "positive": false}}, {"model": "Customer.positivesymptoms", "pk": 1659, "fields": {"symptom": 59, "customer": 22, "date": "2022-06-16", "positive": false}}, {"model": "Customer.positivesymptoms", "pk": 1660, "fields": {"symptom": 58, "customer": 22, "date": "2022-06-16", "positive": false}}, {"model": "Customer.positivesymptoms", "pk": 1661, "fields": {"symptom": 55, "customer": 22, "date": "2022-06-16", "positive": false}}, {"model": "Customer.positivesymptoms", "pk": 1662, "fields": {"symptom": 54, "customer": 22, "date": "2022-06-16", "positive": false}}, {"model": "Customer.positivesymptoms", "pk": 1663, "fields": {"symptom": 52, "customer": 22, "date": "2022-06-16", "positive": false}}, {"model": "Customer.positivesymptoms", "pk": 1664, "fields": {"symptom": 46, "customer": 22, "date": "2022-06-16", "positive": false}}, {"model": "Customer.positivesymptoms", "pk": 1665, "fields": {"symptom": 45, "customer": 22, "date": "2022-06-16", "positive": false}}, {"model": "Customer.positivesymptoms", "pk": 1666, "fields": {"symptom": 44, "customer": 22, "date": "2022-06-16", "positive": false}}, {"model": "Customer.positivesymptoms", "pk": 1667, "fields": {"symptom": 42, "customer": 22, "date": "2022-06-16", "positive": false}}, {"model": "Customer.positivesymptoms", "pk": 1668, "fields": {"symptom": 41, "customer": 22, "date": "2022-06-16", "positive": false}}, {"model": "Customer.positivesymptoms", "pk": 1669, "fields": {"symptom": 40, "customer": 22, "date": "2022-06-16", "positive": false}}, {"model": "Customer.positivesymptoms", "pk": 1670, "fields": {"symptom": 39, "customer": 22, "date": "2022-06-16", "positive": false}}, {"model": "Customer.positivesymptoms", "pk": 1671, "fields": {"symptom": 38, "customer": 22, "date": "2022-06-16", "positive": false}}, {"model": "Customer.positivesymptoms", "pk": 1672, "fields": {"symptom": 36, "customer": 22, "date": "2022-06-16", "positive": true}}, {"model": "Customer.positivesymptoms", "pk": 1673, "fields": {"symptom": 35, "customer": 22, "date": "2022-06-16", "positive": false}}, {"model": "Customer.positivesymptoms", "pk": 1674, "fields": {"symptom": 34, "customer": 22, "date": "2022-06-16", "positive": false}}, {"model": "Customer.positivesymptoms", "pk": 1675, "fields": {"symptom": 33, "customer": 22, "date": "2022-06-16", "positive": false}}, {"model": "Customer.positivesymptoms", "pk": 1676, "fields": {"symptom": 32, "customer": 22, "date": "2022-06-16", "positive": false}}, {"model": "Customer.positivesymptoms", "pk": 1677, "fields": {"symptom": 31, "customer": 22, "date": "2022-06-16", "positive": false}}, {"model": "Customer.positivesymptoms", "pk": 1678, "fields": {"symptom": 30, "customer": 22, "date": "2022-06-16", "positive": false}}, {"model": "Customer.positivesymptoms", "pk": 1679, "fields": {"symptom": 29, "customer": 22, "date": "2022-06-16", "positive": false}}, {"model": "Customer.positivesymptoms", "pk": 1680, "fields": {"symptom": 28, "customer": 22, "date": "2022-06-16", "positive": false}}, {"model": "Customer.positivesymptoms", "pk": 1681, "fields": {"symptom": 27, "customer": 22, "date": "2022-06-16", "positive": false}}, {"model": "Customer.positivesymptoms", "pk": 1682, "fields": {"symptom": 25, "customer": 22, "date": "2022-06-16", "positive": false}}, {"model": "Customer.positivesymptoms", "pk": 1683, "fields": {"symptom": 24, "customer": 22, "date": "2022-06-16", "positive": false}}, {"model": "Customer.positivesymptoms", "pk": 1684, "fields": {"symptom": 23, "customer": 22, "date": "2022-06-16", "positive": false}}, {"model": "Customer.positivesymptoms", "pk": 1685, "fields": {"symptom": 22, "customer": 22, "date": "2022-06-16", "positive": false}}, {"model": "Customer.positivesymptoms", "pk": 1686, "fields": {"symptom": 17, "customer": 22, "date": "2022-06-16", "positive": false}}, {"model": "Customer.positivesymptoms", "pk": 1687, "fields": {"symptom": 16, "customer": 22, "date": "2022-06-16", "positive": false}}, {"model": "Customer.positivesymptoms", "pk": 1688, "fields": {"symptom": 14, "customer": 22, "date": "2022-06-16", "positive": false}}, {"model": "Customer.positivesymptoms", "pk": 1689, "fields": {"symptom": 13, "customer": 22, "date": "2022-06-16", "positive": false}}, {"model": "Customer.positivesymptoms", "pk": 1690, "fields": {"symptom": 12, "customer": 22, "date": "2022-06-16", "positive": false}}, {"model": "Customer.positivesymptoms", "pk": 1691, "fields": {"symptom": 11, "customer": 22, "date": "2022-06-16", "positive": false}}, {"model": "Customer.positivesymptoms", "pk": 1692, "fields": {"symptom": 10, "customer": 22, "date": "2022-06-16", "positive": false}}, {"model": "Customer.positivesymptoms", "pk": 1693, "fields": {"symptom": 9, "customer": 22, "date": "2022-06-16", "positive": false}}, {"model": "Customer.positivesymptoms", "pk": 1694, "fields": {"symptom": 8, "customer": 22, "date": "2022-06-16", "positive": false}}, {"model": "Customer.positivesymptoms", "pk": 1695, "fields": {"symptom": 7, "customer": 22, "date": "2022-06-16", "positive": false}}, {"model": "Customer.positivesymptoms", "pk": 1696, "fields": {"symptom": 6, "customer": 22, "date": "2022-06-16", "positive": false}}, {"model": "Customer.positivesymptoms", "pk": 1697, "fields": {"symptom": 5, "customer": 22, "date": "2022-06-16", "positive": false}}, {"model": "Customer.positivesymptoms", "pk": 1698, "fields": {"symptom": 2, "customer": 22, "date": "2022-06-16", "positive": false}}, {"model": "Customer.positivesymptoms", "pk": 1699, "fields": {"symptom": 1, "customer": 22, "date": "2022-06-16", "positive": false}}, {"model": "Customer.positivesymptoms", "pk": 1700, "fields": {"symptom": 61, "customer": 22, "date": "2022-06-15", "positive": false}}, {"model": "Customer.positivesymptoms", "pk": 1701, "fields": {"symptom": 55, "customer": 22, "date": "2022-06-15", "positive": false}}, {"model": "Customer.positivesymptoms", "pk": 1702, "fields": {"symptom": 54, "customer": 22, "date": "2022-06-15", "positive": false}}, {"model": "Customer.positivesymptoms", "pk": 1703, "fields": {"symptom": 44, "customer": 22, "date": "2022-06-15", "positive": false}}, {"model": "Customer.positivesymptoms", "pk": 1704, "fields": {"symptom": 40, "customer": 22, "date": "2022-06-15", "positive": false}}, {"model": "Customer.positivesymptoms", "pk": 1705, "fields": {"symptom": 39, "customer": 22, "date": "2022-06-15", "positive": false}}, {"model": "Customer.positivesymptoms", "pk": 1706, "fields": {"symptom": 35, "customer": 22, "date": "2022-06-15", "positive": false}}, {"model": "Customer.positivesymptoms", "pk": 1707, "fields": {"symptom": 32, "customer": 22, "date": "2022-06-15", "positive": false}}, {"model": "Customer.positivesymptoms", "pk": 1708, "fields": {"symptom": 29, "customer": 22, "date": "2022-06-15", "positive": false}}, {"model": "Customer.positivesymptoms", "pk": 1709, "fields": {"symptom": 25, "customer": 22, "date": "2022-06-15", "positive": false}}, {"model": "Customer.positivesymptoms", "pk": 1710, "fields": {"symptom": 16, "customer": 22, "date": "2022-06-15", "positive": true}}, {"model": "Customer.positivesymptoms", "pk": 1711, "fields": {"symptom": 14, "customer": 22, "date": "2022-06-15", "positive": true}}, {"model": "Customer.positivesymptoms", "pk": 1712, "fields": {"symptom": 12, "customer": 22, "date": "2022-06-15", "positive": false}}, {"model": "Customer.positivesymptoms", "pk": 1713, "fields": {"symptom": 11, "customer": 22, "date": "2022-06-15", "positive": false}}, {"model": "Customer.positivesymptoms", "pk": 1714, "fields": {"symptom": 10, "customer": 22, "date": "2022-06-15", "positive": false}}, {"model": "Customer.positivesymptoms", "pk": 1715, "fields": {"symptom": 7, "customer": 22, "date": "2022-06-15", "positive": false}}, {"model": "Customer.positivesymptoms", "pk": 1716, "fields": {"symptom": 6, "customer": 22, "date": "2022-06-15", "positive": false}}, {"model": "Customer.positivesymptoms", "pk": 2450, "fields": {"symptom": 4, "customer": 22, "date": "2022-06-18", "positive": false}}, {"model": "Customer.positivesymptoms", "pk": 2451, "fields": {"symptom": 15, "customer": 22, "date": "2022-06-18", "positive": false}}, {"model": "Customer.positivesymptoms", "pk": 2452, "fields": {"symptom": 18, "customer": 22, "date": "2022-06-18", "positive": false}}, {"model": "Customer.positivesymptoms", "pk": 2453, "fields": {"symptom": 19, "customer": 22, "date": "2022-06-18", "positive": false}}, {"model": "Customer.positivesymptoms", "pk": 2454, "fields": {"symptom": 20, "customer": 22, "date": "2022-06-18", "positive": false}}, {"model": "Customer.positivesymptoms", "pk": 2455, "fields": {"symptom": 21, "customer": 22, "date": "2022-06-18", "positive": false}}, {"model": "Customer.positivesymptoms", "pk": 2456, "fields": {"symptom": 26, "customer": 22, "date": "2022-06-18", "positive": false}}, {"model": "Customer.positivesymptoms", "pk": 2457, "fields": {"symptom": 37, "customer": 22, "date": "2022-06-18", "positive": false}}, {"model": "Customer.positivesymptoms", "pk": 2458, "fields": {"symptom": 43, "customer": 22, "date": "2022-06-18", "positive": false}}, {"model": "Customer.positivesymptoms", "pk": 2459, "fields": {"symptom": 47, "customer": 22, "date": "2022-06-18", "positive": false}}, {"model": "Customer.positivesymptoms", "pk": 2460, "fields": {"symptom": 48, "customer": 22, "date": "2022-06-18", "positive": false}}, {"model": "Customer.positivesymptoms", "pk": 2461, "fields": {"symptom": 49, "customer": 22, "date": "2022-06-18", "positive": false}}, {"model": "Customer.positivesymptoms", "pk": 2462, "fields": {"symptom": 50, "customer": 22, "date": "2022-06-18", "positive": false}}, {"model": "Customer.positivesymptoms", "pk": 2463, "fields": {"symptom": 51, "customer": 22, "date": "2022-06-18", "positive": false}}, {"model": "Customer.positivesymptoms", "pk": 2464, "fields": {"symptom": 53, "customer": 22, "date": "2022-06-18", "positive": false}}, {"model": "Customer.positivesymptoms", "pk": 2465, "fields": {"symptom": 56, "customer": 22, "date": "2022-06-18", "positive": false}}, {"model": "Customer.positivesymptoms", "pk": 2466, "fields": {"symptom": 57, "customer": 22, "date": "2022-06-18", "positive": false}}, {"model": "Customer.positivesymptoms", "pk": 2467, "fields": {"symptom": 62, "customer": 22, "date": "2022-06-18", "positive": false}}, {"model": "Customer.positivesymptoms", "pk": 2468, "fields": {"symptom": 61, "customer": 22, "date": "2022-06-18", "positive": false}}, {"model": "Customer.positivesymptoms", "pk": 2469, "fields": {"symptom": 60, "customer": 22, "date": "2022-06-18", "positive": false}}, {"model": "Customer.positivesymptoms", "pk": 2470, "fields": {"symptom": 59, "customer": 22, "date": "2022-06-18", "positive": false}}, {"model": "Customer.positivesymptoms", "pk": 2471, "fields": {"symptom": 58, "customer": 22, "date": "2022-06-18", "positive": false}}, {"model": "Customer.positivesymptoms", "pk": 2472, "fields": {"symptom": 55, "customer": 22, "date": "2022-06-18", "positive": false}}, {"model": "Customer.positivesymptoms", "pk": 2473, "fields": {"symptom": 54, "customer": 22, "date": "2022-06-18", "positive": false}}, {"model": "Customer.positivesymptoms", "pk": 2474, "fields": {"symptom": 52, "customer": 22, "date": "2022-06-18", "positive": false}}, {"model": "Customer.positivesymptoms", "pk": 2475, "fields": {"symptom": 46, "customer": 22, "date": "2022-06-18", "positive": false}}, {"model": "Customer.positivesymptoms", "pk": 2476, "fields": {"symptom": 45, "customer": 22, "date": "2022-06-18", "positive": false}}, {"model": "Customer.positivesymptoms", "pk": 2477, "fields": {"symptom": 44, "customer": 22, "date": "2022-06-18", "positive": false}}, {"model": "Customer.positivesymptoms", "pk": 2478, "fields": {"symptom": 42, "customer": 22, "date": "2022-06-18", "positive": false}}, {"model": "Customer.positivesymptoms", "pk": 2479, "fields": {"symptom": 41, "customer": 22, "date": "2022-06-18", "positive": false}}, {"model": "Customer.positivesymptoms", "pk": 2480, "fields": {"symptom": 40, "customer": 22, "date": "2022-06-18", "positive": true}}, {"model": "Customer.positivesymptoms", "pk": 2481, "fields": {"symptom": 39, "customer": 22, "date": "2022-06-18", "positive": false}}, {"model": "Customer.positivesymptoms", "pk": 2482, "fields": {"symptom": 38, "customer": 22, "date": "2022-06-18", "positive": false}}, {"model": "Customer.positivesymptoms", "pk": 2483, "fields": {"symptom": 36, "customer": 22, "date": "2022-06-18", "positive": false}}, {"model": "Customer.positivesymptoms", "pk": 2484, "fields": {"symptom": 35, "customer": 22, "date": "2022-06-18", "positive": false}}, {"model": "Customer.positivesymptoms", "pk": 2485, "fields": {"symptom": 34, "customer": 22, "date": "2022-06-18", "positive": false}}, {"model": "Customer.positivesymptoms", "pk": 2486, "fields": {"symptom": 33, "customer": 22, "date": "2022-06-18", "positive": false}}, {"model": "Customer.positivesymptoms", "pk": 2487, "fields": {"symptom": 32, "customer": 22, "date": "2022-06-18", "positive": false}}, {"model": "Customer.positivesymptoms", "pk": 2488, "fields": {"symptom": 31, "customer": 22, "date": "2022-06-18", "positive": false}}, {"model": "Customer.positivesymptoms", "pk": 2489, "fields": {"symptom": 30, "customer": 22, "date": "2022-06-18", "positive": false}}, {"model": "Customer.positivesymptoms", "pk": 2490, "fields": {"symptom": 29, "customer": 22, "date": "2022-06-18", "positive": false}}, {"model": "Customer.positivesymptoms", "pk": 2491, "fields": {"symptom": 28, "customer": 22, "date": "2022-06-18", "positive": false}}, {"model": "Customer.positivesymptoms", "pk": 2492, "fields": {"symptom": 27, "customer": 22, "date": "2022-06-18", "positive": false}}, {"model": "Customer.positivesymptoms", "pk": 2493, "fields": {"symptom": 25, "customer": 22, "date": "2022-06-18", "positive": false}}, {"model": "Customer.positivesymptoms", "pk": 2494, "fields": {"symptom": 24, "customer": 22, "date": "2022-06-18", "positive": false}}, {"model": "Customer.positivesymptoms", "pk": 2495, "fields": {"symptom": 23, "customer": 22, "date": "2022-06-18", "positive": false}}, {"model": "Customer.positivesymptoms", "pk": 2496, "fields": {"symptom": 22, "customer": 22, "date": "2022-06-18", "positive": false}}, {"model": "Customer.positivesymptoms", "pk": 2497, "fields": {"symptom": 17, "customer": 22, "date": "2022-06-18", "positive": false}}, {"model": "Customer.positivesymptoms", "pk": 2498, "fields": {"symptom": 16, "customer": 22, "date": "2022-06-18", "positive": true}}, {"model": "Customer.positivesymptoms", "pk": 2499, "fields": {"symptom": 14, "customer": 22, "date": "2022-06-18", "positive": false}}, {"model": "Customer.positivesymptoms", "pk": 2500, "fields": {"symptom": 13, "customer": 22, "date": "2022-06-18", "positive": false}}, {"model": "Customer.positivesymptoms", "pk": 2501, "fields": {"symptom": 12, "customer": 22, "date": "2022-06-18", "positive": false}}, {"model": "Customer.positivesymptoms", "pk": 2502, "fields": {"symptom": 11, "customer": 22, "date": "2022-06-18", "positive": false}}, {"model": "Customer.positivesymptoms", "pk": 2503, "fields": {"symptom": 10, "customer": 22, "date": "2022-06-18", "positive": false}}, {"model": "Customer.positivesymptoms", "pk": 2504, "fields": {"symptom": 9, "customer": 22, "date": "2022-06-18", "positive": false}}, {"model": "Customer.positivesymptoms", "pk": 2505, "fields": {"symptom": 8, "customer": 22, "date": "2022-06-18", "positive": false}}, {"model": "Customer.positivesymptoms", "pk": 2506, "fields": {"symptom": 7, "customer": 22, "date": "2022-06-18", "positive": false}}, {"model": "Customer.positivesymptoms", "pk": 2507, "fields": {"symptom": 6, "customer": 22, "date": "2022-06-18", "positive": false}}, {"model": "Customer.positivesymptoms", "pk": 2508, "fields": {"symptom": 5, "customer": 22, "date": "2022-06-18", "positive": false}}, {"model": "Customer.positivesymptoms", "pk": 2509, "fields": {"symptom": 2, "customer": 22, "date": "2022-06-18", "positive": false}}, {"model": "Customer.positivesymptoms", "pk": 2510, "fields": {"symptom": 1, "customer": 22, "date": "2022-06-18", "positive": false}}, {"model": "Customer.positivesymptoms", "pk": 2511, "fields": {"symptom": 4, "customer": 22, "date": "2022-06-17", "positive": false}}, {"model": "Customer.positivesymptoms", "pk": 2512, "fields": {"symptom": 15, "customer": 22, "date": "2022-06-17", "positive": false}}, {"model": "Customer.positivesymptoms", "pk": 2513, "fields": {"symptom": 18, "customer": 22, "date": "2022-06-17", "positive": false}}, {"model": "Customer.positivesymptoms", "pk": 2514, "fields": {"symptom": 19, "customer": 22, "date": "2022-06-17", "positive": false}}, {"model": "Customer.positivesymptoms", "pk": 2515, "fields": {"symptom": 20, "customer": 22, "date": "2022-06-17", "positive": false}}, {"model": "Customer.positivesymptoms", "pk": 2516, "fields": {"symptom": 21, "customer": 22, "date": "2022-06-17", "positive": false}}, {"model": "Customer.positivesymptoms", "pk": 2517, "fields": {"symptom": 26, "customer": 22, "date": "2022-06-17", "positive": false}}, {"model": "Customer.positivesymptoms", "pk": 2518, "fields": {"symptom": 37, "customer": 22, "date": "2022-06-17", "positive": false}}, {"model": "Customer.positivesymptoms", "pk": 2519, "fields": {"symptom": 43, "customer": 22, "date": "2022-06-17", "positive": false}}, {"model": "Customer.positivesymptoms", "pk": 2520, "fields": {"symptom": 47, "customer": 22, "date": "2022-06-17", "positive": false}}, {"model": "Customer.positivesymptoms", "pk": 2521, "fields": {"symptom": 48, "customer": 22, "date": "2022-06-17", "positive": false}}, {"model": "Customer.positivesymptoms", "pk": 2522, "fields": {"symptom": 49, "customer": 22, "date": "2022-06-17", "positive": false}}, {"model": "Customer.positivesymptoms", "pk": 2523, "fields": {"symptom": 50, "customer": 22, "date": "2022-06-17", "positive": false}}, {"model": "Customer.positivesymptoms", "pk": 2524, "fields": {"symptom": 51, "customer": 22, "date": "2022-06-17", "positive": false}}, {"model": "Customer.positivesymptoms", "pk": 2525, "fields": {"symptom": 53, "customer": 22, "date": "2022-06-17", "positive": false}}, {"model": "Customer.positivesymptoms", "pk": 2526, "fields": {"symptom": 56, "customer": 22, "date": "2022-06-17", "positive": false}}, {"model": "Customer.positivesymptoms", "pk": 2527, "fields": {"symptom": 57, "customer": 22, "date": "2022-06-17", "positive": false}}, {"model": "Customer.positivesymptoms", "pk": 2528, "fields": {"symptom": 62, "customer": 22, "date": "2022-06-17", "positive": false}}, {"model": "Customer.positivesymptoms", "pk": 2529, "fields": {"symptom": 61, "customer": 22, "date": "2022-06-17", "positive": false}}, {"model": "Customer.positivesymptoms", "pk": 2530, "fields": {"symptom": 60, "customer": 22, "date": "2022-06-17", "positive": false}}, {"model": "Customer.positivesymptoms", "pk": 2531, "fields": {"symptom": 59, "customer": 22, "date": "2022-06-17", "positive": false}}, {"model": "Customer.positivesymptoms", "pk": 2532, "fields": {"symptom": 58, "customer": 22, "date": "2022-06-17", "positive": false}}, {"model": "Customer.positivesymptoms", "pk": 2533, "fields": {"symptom": 55, "customer": 22, "date": "2022-06-17", "positive": false}}, {"model": "Customer.positivesymptoms", "pk": 2534, "fields": {"symptom": 54, "customer": 22, "date": "2022-06-17", "positive": false}}, {"model": "Customer.positivesymptoms", "pk": 2535, "fields": {"symptom": 52, "customer": 22, "date": "2022-06-17", "positive": false}}, {"model": "Customer.positivesymptoms", "pk": 2536, "fields": {"symptom": 46, "customer": 22, "date": "2022-06-17", "positive": false}}, {"model": "Customer.positivesymptoms", "pk": 2537, "fields": {"symptom": 45, "customer": 22, "date": "2022-06-17", "positive": false}}, {"model": "Customer.positivesymptoms", "pk": 2538, "fields": {"symptom": 44, "customer": 22, "date": "2022-06-17", "positive": false}}, {"model": "Customer.positivesymptoms", "pk": 2539, "fields": {"symptom": 42, "customer": 22, "date": "2022-06-17", "positive": false}}, {"model": "Customer.positivesymptoms", "pk": 2540, "fields": {"symptom": 41, "customer": 22, "date": "2022-06-17", "positive": false}}, {"model": "Customer.positivesymptoms", "pk": 2541, "fields": {"symptom": 40, "customer": 22, "date": "2022-06-17", "positive": true}}, {"model": "Customer.positivesymptoms", "pk": 2542, "fields": {"symptom": 39, "customer": 22, "date": "2022-06-17", "positive": false}}, {"model": "Customer.positivesymptoms", "pk": 2543, "fields": {"symptom": 38, "customer": 22, "date": "2022-06-17", "positive": false}}, {"model": "Customer.positivesymptoms", "pk": 2544, "fields": {"symptom": 36, "customer": 22, "date": "2022-06-17", "positive": false}}, {"model": "Customer.positivesymptoms", "pk": 2545, "fields": {"symptom": 35, "customer": 22, "date": "2022-06-17", "positive": false}}, {"model": "Customer.positivesymptoms", "pk": 2546, "fields": {"symptom": 34, "customer": 22, "date": "2022-06-17", "positive": false}}, {"model": "Customer.positivesymptoms", "pk": 2547, "fields": {"symptom": 33, "customer": 22, "date": "2022-06-17", "positive": false}}, {"model": "Customer.positivesymptoms", "pk": 2548, "fields": {"symptom": 32, "customer": 22, "date": "2022-06-17", "positive": false}}, {"model": "Customer.positivesymptoms", "pk": 2549, "fields": {"symptom": 31, "customer": 22, "date": "2022-06-17", "positive": false}}, {"model": "Customer.positivesymptoms", "pk": 2550, "fields": {"symptom": 30, "customer": 22, "date": "2022-06-17", "positive": false}}, {"model": "Customer.positivesymptoms", "pk": 2551, "fields": {"symptom": 29, "customer": 22, "date": "2022-06-17", "positive": false}}, {"model": "Customer.positivesymptoms", "pk": 2552, "fields": {"symptom": 28, "customer": 22, "date": "2022-06-17", "positive": false}}, {"model": "Customer.positivesymptoms", "pk": 2553, "fields": {"symptom": 27, "customer": 22, "date": "2022-06-17", "positive": false}}, {"model": "Customer.positivesymptoms", "pk": 2554, "fields": {"symptom": 25, "customer": 22, "date": "2022-06-17", "positive": false}}, {"model": "Customer.positivesymptoms", "pk": 2555, "fields": {"symptom": 24, "customer": 22, "date": "2022-06-17", "positive": false}}, {"model": "Customer.positivesymptoms", "pk": 2556, "fields": {"symptom": 23, "customer": 22, "date": "2022-06-17", "positive": false}}, {"model": "Customer.positivesymptoms", "pk": 2557, "fields": {"symptom": 22, "customer": 22, "date": "2022-06-17", "positive": false}}, {"model": "Customer.positivesymptoms", "pk": 2558, "fields": {"symptom": 17, "customer": 22, "date": "2022-06-17", "positive": false}}, {"model": "Customer.positivesymptoms", "pk": 2559, "fields": {"symptom": 16, "customer": 22, "date": "2022-06-17", "positive": false}}, {"model": "Customer.positivesymptoms", "pk": 2560, "fields": {"symptom": 14, "customer": 22, "date": "2022-06-17", "positive": false}}, {"model": "Customer.positivesymptoms", "pk": 2561, "fields": {"symptom": 13, "customer": 22, "date": "2022-06-17", "positive": false}}, {"model": "Customer.positivesymptoms", "pk": 2562, "fields": {"symptom": 12, "customer": 22, "date": "2022-06-17", "positive": false}}, {"model": "Customer.positivesymptoms", "pk": 2563, "fields": {"symptom": 11, "customer": 22, "date": "2022-06-17", "positive": false}}, {"model": "Customer.positivesymptoms", "pk": 2564, "fields": {"symptom": 10, "customer": 22, "date": "2022-06-17", "positive": false}}, {"model": "Customer.positivesymptoms", "pk": 2565, "fields": {"symptom": 9, "customer": 22, "date": "2022-06-17", "positive": false}}, {"model": "Customer.positivesymptoms", "pk": 2566, "fields": {"symptom": 8, "customer": 22, "date": "2022-06-17", "positive": false}}, {"model": "Customer.positivesymptoms", "pk": 2567, "fields": {"symptom": 7, "customer": 22, "date": "2022-06-17", "positive": false}}, {"model": "Customer.positivesymptoms", "pk": 2568, "fields": {"symptom": 6, "customer": 22, "date": "2022-06-17", "positive": false}}, {"model": "Customer.positivesymptoms", "pk": 2569, "fields": {"symptom": 5, "customer": 22, "date": "2022-06-17", "positive": false}}, {"model": "Customer.positivesymptoms", "pk": 2570, "fields": {"symptom": 2, "customer": 22, "date": "2022-06-17", "positive": false}}, {"model": "Customer.positivesymptoms", "pk": 2571, "fields": {"symptom": 1, "customer": 22, "date": "2022-06-17", "positive": false}}, {"model": "Customer.positivesymptoms", "pk": 2575, "fields": {"symptom": 4, "customer": 22, "date": "2022-06-19", "positive": false}}, {"model": "Customer.positivesymptoms", "pk": 2576, "fields": {"symptom": 15, "customer": 22, "date": "2022-06-19", "positive": false}}, {"model": "Customer.positivesymptoms", "pk": 2577, "fields": {"symptom": 18, "customer": 22, "date": "2022-06-19", "positive": false}}, {"model": "Customer.positivesymptoms", "pk": 2578, "fields": {"symptom": 19, "customer": 22, "date": "2022-06-19", "positive": false}}, {"model": "Customer.positivesymptoms", "pk": 2579, "fields": {"symptom": 20, "customer": 22, "date": "2022-06-19", "positive": false}}, {"model": "Customer.positivesymptoms", "pk": 2580, "fields": {"symptom": 21, "customer": 22, "date": "2022-06-19", "positive": false}}, {"model": "Customer.positivesymptoms", "pk": 2581, "fields": {"symptom": 26, "customer": 22, "date": "2022-06-19", "positive": false}}, {"model": "Customer.positivesymptoms", "pk": 2582, "fields": {"symptom": 37, "customer": 22, "date": "2022-06-19", "positive": false}}, {"model": "Customer.positivesymptoms", "pk": 2583, "fields": {"symptom": 43, "customer": 22, "date": "2022-06-19", "positive": false}}, {"model": "Customer.positivesymptoms", "pk": 2584, "fields": {"symptom": 47, "customer": 22, "date": "2022-06-19", "positive": false}}, {"model": "Customer.positivesymptoms", "pk": 2585, "fields": {"symptom": 48, "customer": 22, "date": "2022-06-19", "positive": false}}, {"model": "Customer.positivesymptoms", "pk": 2586, "fields": {"symptom": 49, "customer": 22, "date": "2022-06-19", "positive": false}}, {"model": "Customer.positivesymptoms", "pk": 2587, "fields": {"symptom": 50, "customer": 22, "date": "2022-06-19", "positive": false}}, {"model": "Customer.positivesymptoms", "pk": 2588, "fields": {"symptom": 51, "customer": 22, "date": "2022-06-19", "positive": false}}, {"model": "Customer.positivesymptoms", "pk": 2589, "fields": {"symptom": 53, "customer": 22, "date": "2022-06-19", "positive": false}}, {"model": "Customer.positivesymptoms", "pk": 2590, "fields": {"symptom": 56, "customer": 22, "date": "2022-06-19", "positive": false}}, {"model": "Customer.positivesymptoms", "pk": 2591, "fields": {"symptom": 57, "customer": 22, "date": "2022-06-19", "positive": false}}, {"model": "Customer.positivesymptoms", "pk": 2592, "fields": {"symptom": 62, "customer": 22, "date": "2022-06-19", "positive": false}}, {"model": "Customer.positivesymptoms", "pk": 2593, "fields": {"symptom": 61, "customer": 22, "date": "2022-06-19", "positive": false}}, {"model": "Customer.positivesymptoms", "pk": 2594, "fields": {"symptom": 60, "customer": 22, "date": "2022-06-19", "positive": false}}, {"model": "Customer.positivesymptoms", "pk": 2595, "fields": {"symptom": 59, "customer": 22, "date": "2022-06-19", "positive": false}}, {"model": "Customer.positivesymptoms", "pk": 2596, "fields": {"symptom": 58, "customer": 22, "date": "2022-06-19", "positive": false}}, {"model": "Customer.positivesymptoms", "pk": 2597, "fields": {"symptom": 55, "customer": 22, "date": "2022-06-19", "positive": false}}, {"model": "Customer.positivesymptoms", "pk": 2598, "fields": {"symptom": 54, "customer": 22, "date": "2022-06-19", "positive": false}}, {"model": "Customer.positivesymptoms", "pk": 2599, "fields": {"symptom": 52, "customer": 22, "date": "2022-06-19", "positive": false}}, {"model": "Customer.positivesymptoms", "pk": 2600, "fields": {"symptom": 46, "customer": 22, "date": "2022-06-19", "positive": false}}, {"model": "Customer.positivesymptoms", "pk": 2601, "fields": {"symptom": 45, "customer": 22, "date": "2022-06-19", "positive": false}}, {"model": "Customer.positivesymptoms", "pk": 2602, "fields": {"symptom": 44, "customer": 22, "date": "2022-06-19", "positive": false}}, {"model": "Customer.positivesymptoms", "pk": 2603, "fields": {"symptom": 42, "customer": 22, "date": "2022-06-19", "positive": false}}, {"model": "Customer.positivesymptoms", "pk": 2604, "fields": {"symptom": 41, "customer": 22, "date": "2022-06-19", "positive": false}}, {"model": "Customer.positivesymptoms", "pk": 2605, "fields": {"symptom": 40, "customer": 22, "date": "2022-06-19", "positive": false}}, {"model": "Customer.positivesymptoms", "pk": 2606, "fields": {"symptom": 39, "customer": 22, "date": "2022-06-19", "positive": false}}, {"model": "Customer.positivesymptoms", "pk": 2607, "fields": {"symptom": 38, "customer": 22, "date": "2022-06-19", "positive": false}}, {"model": "Customer.positivesymptoms", "pk": 2608, "fields": {"symptom": 36, "customer": 22, "date": "2022-06-19", "positive": false}}, {"model": "Customer.positivesymptoms", "pk": 2609, "fields": {"symptom": 35, "customer": 22, "date": "2022-06-19", "positive": false}}, {"model": "Customer.positivesymptoms", "pk": 2610, "fields": {"symptom": 34, "customer": 22, "date": "2022-06-19", "positive": false}}, {"model": "Customer.positivesymptoms", "pk": 2611, "fields": {"symptom": 33, "customer": 22, "date": "2022-06-19", "positive": false}}, {"model": "Customer.positivesymptoms", "pk": 2612, "fields": {"symptom": 32, "customer": 22, "date": "2022-06-19", "positive": false}}, {"model": "Customer.positivesymptoms", "pk": 2613, "fields": {"symptom": 31, "customer": 22, "date": "2022-06-19", "positive": false}}, {"model": "Customer.positivesymptoms", "pk": 2614, "fields": {"symptom": 30, "customer": 22, "date": "2022-06-19", "positive": false}}, {"model": "Customer.positivesymptoms", "pk": 2615, "fields": {"symptom": 29, "customer": 22, "date": "2022-06-19", "positive": false}}, {"model": "Customer.positivesymptoms", "pk": 2616, "fields": {"symptom": 28, "customer": 22, "date": "2022-06-19", "positive": false}}, {"model": "Customer.positivesymptoms", "pk": 2617, "fields": {"symptom": 27, "customer": 22, "date": "2022-06-19", "positive": false}}, {"model": "Customer.positivesymptoms", "pk": 2618, "fields": {"symptom": 25, "customer": 22, "date": "2022-06-19", "positive": false}}, {"model": "Customer.positivesymptoms", "pk": 2619, "fields": {"symptom": 24, "customer": 22, "date": "2022-06-19", "positive": false}}, {"model": "Customer.positivesymptoms", "pk": 2620, "fields": {"symptom": 23, "customer": 22, "date": "2022-06-19", "positive": false}}, {"model": "Customer.positivesymptoms", "pk": 2621, "fields": {"symptom": 22, "customer": 22, "date": "2022-06-19", "positive": false}}, {"model": "Customer.positivesymptoms", "pk": 2622, "fields": {"symptom": 17, "customer": 22, "date": "2022-06-19", "positive": false}}, {"model": "Customer.positivesymptoms", "pk": 2623, "fields": {"symptom": 16, "customer": 22, "date": "2022-06-19", "positive": true}}, {"model": "Customer.positivesymptoms", "pk": 2624, "fields": {"symptom": 14, "customer": 22, "date": "2022-06-19", "positive": false}}, {"model": "Customer.positivesymptoms", "pk": 2625, "fields": {"symptom": 13, "customer": 22, "date": "2022-06-19", "positive": false}}, {"model": "Customer.positivesymptoms", "pk": 2626, "fields": {"symptom": 12, "customer": 22, "date": "2022-06-19", "positive": false}}, {"model": "Customer.positivesymptoms", "pk": 2627, "fields": {"symptom": 11, "customer": 22, "date": "2022-06-19", "positive": false}}, {"model": "Customer.positivesymptoms", "pk": 2628, "fields": {"symptom": 10, "customer": 22, "date": "2022-06-19", "positive": false}}, {"model": "Customer.positivesymptoms", "pk": 2629, "fields": {"symptom": 9, "customer": 22, "date": "2022-06-19", "positive": false}}, {"model": "Customer.positivesymptoms", "pk": 2630, "fields": {"symptom": 8, "customer": 22, "date": "2022-06-19", "positive": false}}, {"model": "Customer.positivesymptoms", "pk": 2631, "fields": {"symptom": 7, "customer": 22, "date": "2022-06-19", "positive": false}}, {"model": "Customer.positivesymptoms", "pk": 2632, "fields": {"symptom": 6, "customer": 22, "date": "2022-06-19", "positive": false}}, {"model": "Customer.positivesymptoms", "pk": 2633, "fields": {"symptom": 5, "customer": 22, "date": "2022-06-19", "positive": false}}, {"model": "Customer.positivesymptoms", "pk": 2634, "fields": {"symptom": 2, "customer": 22, "date": "2022-06-19", "positive": false}}, {"model": "Customer.positivesymptoms", "pk": 2635, "fields": {"symptom": 1, "customer": 22, "date": "2022-06-19", "positive": false}}, {"model": "Customer.positivesymptoms", "pk": 2884, "fields": {"symptom": 4, "customer": 22, "date": "2022-06-20", "positive": false}}, {"model": "Customer.positivesymptoms", "pk": 2885, "fields": {"symptom": 15, "customer": 22, "date": "2022-06-20", "positive": false}}, {"model": "Customer.positivesymptoms", "pk": 2886, "fields": {"symptom": 18, "customer": 22, "date": "2022-06-20", "positive": false}}, {"model": "Customer.positivesymptoms", "pk": 2887, "fields": {"symptom": 19, "customer": 22, "date": "2022-06-20", "positive": false}}, {"model": "Customer.positivesymptoms", "pk": 2888, "fields": {"symptom": 20, "customer": 22, "date": "2022-06-20", "positive": false}}, {"model": "Customer.positivesymptoms", "pk": 2889, "fields": {"symptom": 21, "customer": 22, "date": "2022-06-20", "positive": false}}, {"model": "Customer.positivesymptoms", "pk": 2890, "fields": {"symptom": 26, "customer": 22, "date": "2022-06-20", "positive": false}}, {"model": "Customer.positivesymptoms", "pk": 2891, "fields": {"symptom": 37, "customer": 22, "date": "2022-06-20", "positive": false}}, {"model": "Customer.positivesymptoms", "pk": 2892, "fields": {"symptom": 43, "customer": 22, "date": "2022-06-20", "positive": false}}, {"model": "Customer.positivesymptoms", "pk": 2893, "fields": {"symptom": 47, "customer": 22, "date": "2022-06-20", "positive": false}}, {"model": "Customer.positivesymptoms", "pk": 2894, "fields": {"symptom": 48, "customer": 22, "date": "2022-06-20", "positive": false}}, {"model": "Customer.positivesymptoms", "pk": 2895, "fields": {"symptom": 49, "customer": 22, "date": "2022-06-20", "positive": false}}, {"model": "Customer.positivesymptoms", "pk": 2896, "fields": {"symptom": 50, "customer": 22, "date": "2022-06-20", "positive": false}}, {"model": "Customer.positivesymptoms", "pk": 2897, "fields": {"symptom": 51, "customer": 22, "date": "2022-06-20", "positive": false}}, {"model": "Customer.positivesymptoms", "pk": 2898, "fields": {"symptom": 53, "customer": 22, "date": "2022-06-20", "positive": false}}, {"model": "Customer.positivesymptoms", "pk": 2899, "fields": {"symptom": 56, "customer": 22, "date": "2022-06-20", "positive": false}}, {"model": "Customer.positivesymptoms", "pk": 2900, "fields": {"symptom": 57, "customer": 22, "date": "2022-06-20", "positive": false}}, {"model": "Customer.positivesymptoms", "pk": 2901, "fields": {"symptom": 62, "customer": 22, "date": "2022-06-20", "positive": false}}, {"model": "Customer.positivesymptoms", "pk": 2902, "fields": {"symptom": 61, "customer": 22, "date": "2022-06-20", "positive": false}}, {"model": "Customer.positivesymptoms", "pk": 2903, "fields": {"symptom": 60, "customer": 22, "date": "2022-06-20", "positive": false}}, {"model": "Customer.positivesymptoms", "pk": 2904, "fields": {"symptom": 59, "customer": 22, "date": "2022-06-20", "positive": false}}, {"model": "Customer.positivesymptoms", "pk": 2905, "fields": {"symptom": 58, "customer": 22, "date": "2022-06-20", "positive": false}}, {"model": "Customer.positivesymptoms", "pk": 2906, "fields": {"symptom": 55, "customer": 22, "date": "2022-06-20", "positive": false}}, {"model": "Customer.positivesymptoms", "pk": 2907, "fields": {"symptom": 54, "customer": 22, "date": "2022-06-20", "positive": false}}, {"model": "Customer.positivesymptoms", "pk": 2908, "fields": {"symptom": 52, "customer": 22, "date": "2022-06-20", "positive": false}}, {"model": "Customer.positivesymptoms", "pk": 2909, "fields": {"symptom": 46, "customer": 22, "date": "2022-06-20", "positive": false}}, {"model": "Customer.positivesymptoms", "pk": 2910, "fields": {"symptom": 45, "customer": 22, "date": "2022-06-20", "positive": false}}, {"model": "Customer.positivesymptoms", "pk": 2911, "fields": {"symptom": 44, "customer": 22, "date": "2022-06-20", "positive": false}}, {"model": "Customer.positivesymptoms", "pk": 2912, "fields": {"symptom": 42, "customer": 22, "date": "2022-06-20", "positive": false}}, {"model": "Customer.positivesymptoms", "pk": 2913, "fields": {"symptom": 41, "customer": 22, "date": "2022-06-20", "positive": false}}, {"model": "Customer.positivesymptoms", "pk": 2914, "fields": {"symptom": 40, "customer": 22, "date": "2022-06-20", "positive": false}}, {"model": "Customer.positivesymptoms", "pk": 2915, "fields": {"symptom": 39, "customer": 22, "date": "2022-06-20", "positive": false}}, {"model": "Customer.positivesymptoms", "pk": 2916, "fields": {"symptom": 38, "customer": 22, "date": "2022-06-20", "positive": false}}, {"model": "Customer.positivesymptoms", "pk": 2917, "fields": {"symptom": 36, "customer": 22, "date": "2022-06-20", "positive": false}}, {"model": "Customer.positivesymptoms", "pk": 2918, "fields": {"symptom": 35, "customer": 22, "date": "2022-06-20", "positive": false}}, {"model": "Customer.positivesymptoms", "pk": 2919, "fields": {"symptom": 34, "customer": 22, "date": "2022-06-20", "positive": false}}, {"model": "Customer.positivesymptoms", "pk": 2920, "fields": {"symptom": 33, "customer": 22, "date": "2022-06-20", "positive": false}}, {"model": "Customer.positivesymptoms", "pk": 2921, "fields": {"symptom": 32, "customer": 22, "date": "2022-06-20", "positive": false}}, {"model": "Customer.positivesymptoms", "pk": 2922, "fields": {"symptom": 31, "customer": 22, "date": "2022-06-20", "positive": false}}, {"model": "Customer.positivesymptoms", "pk": 2923, "fields": {"symptom": 30, "customer": 22, "date": "2022-06-20", "positive": false}}, {"model": "Customer.positivesymptoms", "pk": 2924, "fields": {"symptom": 29, "customer": 22, "date": "2022-06-20", "positive": false}}, {"model": "Customer.positivesymptoms", "pk": 2925, "fields": {"symptom": 28, "customer": 22, "date": "2022-06-20", "positive": false}}, {"model": "Customer.positivesymptoms", "pk": 2926, "fields": {"symptom": 27, "customer": 22, "date": "2022-06-20", "positive": false}}, {"model": "Customer.positivesymptoms", "pk": 2927, "fields": {"symptom": 25, "customer": 22, "date": "2022-06-20", "positive": false}}, {"model": "Customer.positivesymptoms", "pk": 2928, "fields": {"symptom": 24, "customer": 22, "date": "2022-06-20", "positive": false}}, {"model": "Customer.positivesymptoms", "pk": 2929, "fields": {"symptom": 23, "customer": 22, "date": "2022-06-20", "positive": false}}, {"model": "Customer.positivesymptoms", "pk": 2930, "fields": {"symptom": 22, "customer": 22, "date": "2022-06-20", "positive": false}}, {"model": "Customer.positivesymptoms", "pk": 2931, "fields": {"symptom": 17, "customer": 22, "date": "2022-06-20", "positive": false}}, {"model": "Customer.positivesymptoms", "pk": 2932, "fields": {"symptom": 16, "customer": 22, "date": "2022-06-20", "positive": true}}, {"model": "Customer.positivesymptoms", "pk": 2933, "fields": {"symptom": 14, "customer": 22, "date": "2022-06-20", "positive": false}}, {"model": "Customer.positivesymptoms", "pk": 2934, "fields": {"symptom": 13, "customer": 22, "date": "2022-06-20", "positive": false}}, {"model": "Customer.positivesymptoms", "pk": 2935, "fields": {"symptom": 12, "customer": 22, "date": "2022-06-20", "positive": false}}, {"model": "Customer.positivesymptoms", "pk": 2936, "fields": {"symptom": 11, "customer": 22, "date": "2022-06-20", "positive": false}}, {"model": "Customer.positivesymptoms", "pk": 2937, "fields": {"symptom": 10, "customer": 22, "date": "2022-06-20", "positive": false}}, {"model": "Customer.positivesymptoms", "pk": 2938, "fields": {"symptom": 9, "customer": 22, "date": "2022-06-20", "positive": false}}, {"model": "Customer.positivesymptoms", "pk": 2939, "fields": {"symptom": 8, "customer": 22, "date": "2022-06-20", "positive": false}}, {"model": "Customer.positivesymptoms", "pk": 2940, "fields": {"symptom": 7, "customer": 22, "date": "2022-06-20", "positive": false}}, {"model": "Customer.positivesymptoms", "pk": 2941, "fields": {"symptom": 6, "customer": 22, "date": "2022-06-20", "positive": false}}, {"model": "Customer.positivesymptoms", "pk": 2942, "fields": {"symptom": 5, "customer": 22, "date": "2022-06-20", "positive": false}}, {"model": "Customer.positivesymptoms", "pk": 2943, "fields": {"symptom": 2, "customer": 22, "date": "2022-06-20", "positive": false}}, {"model": "Customer.positivesymptoms", "pk": 2944, "fields": {"symptom": 1, "customer": 22, "date": "2022-06-20", "positive": false}}, {"model": "Customer.positivesymptoms", "pk": 2987, "fields": {"symptom": 50, "customer": 22, "date": "2022-06-22", "positive": true}}, {"model": "Customer.positivesymptoms", "pk": 2988, "fields": {"symptom": 51, "customer": 22, "date": "2022-06-22", "positive": true}}, {"model": "Customer.positivesymptoms", "pk": 2989, "fields": {"symptom": 56, "customer": 22, "date": "2022-06-22", "positive": true}}, {"model": "Customer.positivesymptoms", "pk": 2990, "fields": {"symptom": 41, "customer": 22, "date": "2022-06-22", "positive": true}}, {"model": "Customer.positivesymptoms", "pk": 2991, "fields": {"symptom": 52, "customer": 22, "date": "2022-06-22", "positive": true}}, {"model": "Customer.positivesymptoms", "pk": 2992, "fields": {"symptom": 13, "customer": 22, "date": "2022-06-22", "positive": true}}, {"model": "Customer.positivesymptoms", "pk": 2993, "fields": {"symptom": 59, "customer": 22, "date": "2022-06-22", "positive": true}}, {"model": "Customer.positivesymptoms", "pk": 2994, "fields": {"symptom": 58, "customer": 22, "date": "2022-06-22", "positive": true}}, {"model": "Customer.positivesymptoms", "pk": 2995, "fields": {"symptom": 4, "customer": 22, "date": "2022-06-24", "positive": false}}, {"model": "Customer.positivesymptoms", "pk": 2996, "fields": {"symptom": 15, "customer": 22, "date": "2022-06-24", "positive": false}}, {"model": "Customer.positivesymptoms", "pk": 2997, "fields": {"symptom": 18, "customer": 22, "date": "2022-06-24", "positive": false}}, {"model": "Customer.positivesymptoms", "pk": 2998, "fields": {"symptom": 19, "customer": 22, "date": "2022-06-24", "positive": false}}, {"model": "Customer.positivesymptoms", "pk": 2999, "fields": {"symptom": 20, "customer": 22, "date": "2022-06-24", "positive": false}}, {"model": "Customer.positivesymptoms", "pk": 3000, "fields": {"symptom": 21, "customer": 22, "date": "2022-06-24", "positive": false}}, {"model": "Customer.positivesymptoms", "pk": 3001, "fields": {"symptom": 26, "customer": 22, "date": "2022-06-24", "positive": false}}, {"model": "Customer.positivesymptoms", "pk": 3002, "fields": {"symptom": 37, "customer": 22, "date": "2022-06-24", "positive": false}}, {"model": "Customer.positivesymptoms", "pk": 3003, "fields": {"symptom": 43, "customer": 22, "date": "2022-06-24", "positive": false}}, {"model": "Customer.positivesymptoms", "pk": 3004, "fields": {"symptom": 47, "customer": 22, "date": "2022-06-24", "positive": false}}, {"model": "Customer.positivesymptoms", "pk": 3005, "fields": {"symptom": 48, "customer": 22, "date": "2022-06-24", "positive": false}}, {"model": "Customer.positivesymptoms", "pk": 3006, "fields": {"symptom": 49, "customer": 22, "date": "2022-06-24", "positive": false}}, {"model": "Customer.positivesymptoms", "pk": 3007, "fields": {"symptom": 50, "customer": 22, "date": "2022-06-24", "positive": true}}, {"model": "Customer.positivesymptoms", "pk": 3008, "fields": {"symptom": 51, "customer": 22, "date": "2022-06-24", "positive": false}}, {"model": "Customer.positivesymptoms", "pk": 3009, "fields": {"symptom": 53, "customer": 22, "date": "2022-06-24", "positive": true}}, {"model": "Customer.positivesymptoms", "pk": 3010, "fields": {"symptom": 56, "customer": 22, "date": "2022-06-24", "positive": false}}, {"model": "Customer.positivesymptoms", "pk": 3011, "fields": {"symptom": 57, "customer": 22, "date": "2022-06-24", "positive": false}}, {"model": "Customer.positivesymptoms", "pk": 3012, "fields": {"symptom": 62, "customer": 22, "date": "2022-06-24", "positive": false}}, {"model": "Customer.positivesymptoms", "pk": 3013, "fields": {"symptom": 61, "customer": 22, "date": "2022-06-24", "positive": false}}, {"model": "Customer.positivesymptoms", "pk": 3014, "fields": {"symptom": 60, "customer": 22, "date": "2022-06-24", "positive": false}}, {"model": "Customer.positivesymptoms", "pk": 3015, "fields": {"symptom": 59, "customer": 22, "date": "2022-06-24", "positive": false}}, {"model": "Customer.positivesymptoms", "pk": 3016, "fields": {"symptom": 58, "customer": 22, "date": "2022-06-24", "positive": false}}, {"model": "Customer.positivesymptoms", "pk": 3017, "fields": {"symptom": 55, "customer": 22, "date": "2022-06-24", "positive": false}}, {"model": "Customer.positivesymptoms", "pk": 3018, "fields": {"symptom": 54, "customer": 22, "date": "2022-06-24", "positive": false}}, {"model": "Customer.positivesymptoms", "pk": 3019, "fields": {"symptom": 52, "customer": 22, "date": "2022-06-24", "positive": false}}, {"model": "Customer.positivesymptoms", "pk": 3020, "fields": {"symptom": 46, "customer": 22, "date": "2022-06-24", "positive": false}}, {"model": "Customer.positivesymptoms", "pk": 3021, "fields": {"symptom": 45, "customer": 22, "date": "2022-06-24", "positive": false}}, {"model": "Customer.positivesymptoms", "pk": 3022, "fields": {"symptom": 44, "customer": 22, "date": "2022-06-24", "positive": false}}, {"model": "Customer.positivesymptoms", "pk": 3023, "fields": {"symptom": 42, "customer": 22, "date": "2022-06-24", "positive": false}}, {"model": "Customer.positivesymptoms", "pk": 3024, "fields": {"symptom": 41, "customer": 22, "date": "2022-06-24", "positive": false}}, {"model": "Customer.positivesymptoms", "pk": 3025, "fields": {"symptom": 40, "customer": 22, "date": "2022-06-24", "positive": false}}, {"model": "Customer.positivesymptoms", "pk": 3026, "fields": {"symptom": 39, "customer": 22, "date": "2022-06-24", "positive": false}}, {"model": "Customer.positivesymptoms", "pk": 3027, "fields": {"symptom": 38, "customer": 22, "date": "2022-06-24", "positive": false}}, {"model": "Customer.positivesymptoms", "pk": 3028, "fields": {"symptom": 36, "customer": 22, "date": "2022-06-24", "positive": true}}, {"model": "Customer.positivesymptoms", "pk": 3029, "fields": {"symptom": 35, "customer": 22, "date": "2022-06-24", "positive": false}}, {"model": "Customer.positivesymptoms", "pk": 3030, "fields": {"symptom": 34, "customer": 22, "date": "2022-06-24", "positive": false}}, {"model": "Customer.positivesymptoms", "pk": 3031, "fields": {"symptom": 33, "customer": 22, "date": "2022-06-24", "positive": true}}, {"model": "Customer.positivesymptoms", "pk": 3032, "fields": {"symptom": 32, "customer": 22, "date": "2022-06-24", "positive": false}}, {"model": "Customer.positivesymptoms", "pk": 3033, "fields": {"symptom": 31, "customer": 22, "date": "2022-06-24", "positive": false}}, {"model": "Customer.positivesymptoms", "pk": 3034, "fields": {"symptom": 30, "customer": 22, "date": "2022-06-24", "positive": false}}, {"model": "Customer.positivesymptoms", "pk": 3035, "fields": {"symptom": 29, "customer": 22, "date": "2022-06-24", "positive": false}}, {"model": "Customer.positivesymptoms", "pk": 3036, "fields": {"symptom": 28, "customer": 22, "date": "2022-06-24", "positive": false}}, {"model": "Customer.positivesymptoms", "pk": 3037, "fields": {"symptom": 27, "customer": 22, "date": "2022-06-24", "positive": false}}, {"model": "Customer.positivesymptoms", "pk": 3038, "fields": {"symptom": 25, "customer": 22, "date": "2022-06-24", "positive": false}}, {"model": "Customer.positivesymptoms", "pk": 3039, "fields": {"symptom": 24, "customer": 22, "date": "2022-06-24", "positive": false}}, {"model": "Customer.positivesymptoms", "pk": 3040, "fields": {"symptom": 23, "customer": 22, "date": "2022-06-24", "positive": false}}, {"model": "Customer.positivesymptoms", "pk": 3041, "fields": {"symptom": 22, "customer": 22, "date": "2022-06-24", "positive": false}}, {"model": "Customer.positivesymptoms", "pk": 3042, "fields": {"symptom": 17, "customer": 22, "date": "2022-06-24", "positive": true}}, {"model": "Customer.positivesymptoms", "pk": 3043, "fields": {"symptom": 16, "customer": 22, "date": "2022-06-24", "positive": true}}, {"model": "Customer.positivesymptoms", "pk": 3044, "fields": {"symptom": 14, "customer": 22, "date": "2022-06-24", "positive": false}}, {"model": "Customer.positivesymptoms", "pk": 3045, "fields": {"symptom": 13, "customer": 22, "date": "2022-06-24", "positive": false}}, {"model": "Customer.positivesymptoms", "pk": 3046, "fields": {"symptom": 12, "customer": 22, "date": "2022-06-24", "positive": false}}, {"model": "Customer.positivesymptoms", "pk": 3047, "fields": {"symptom": 11, "customer": 22, "date": "2022-06-24", "positive": false}}, {"model": "Customer.positivesymptoms", "pk": 3048, "fields": {"symptom": 10, "customer": 22, "date": "2022-06-24", "positive": false}}, {"model": "Customer.positivesymptoms", "pk": 3049, "fields": {"symptom": 9, "customer": 22, "date": "2022-06-24", "positive": true}}, {"model": "Customer.positivesymptoms", "pk": 3050, "fields": {"symptom": 8, "customer": 22, "date": "2022-06-24", "positive": false}}, {"model": "Customer.positivesymptoms", "pk": 3051, "fields": {"symptom": 7, "customer": 22, "date": "2022-06-24", "positive": false}}, {"model": "Customer.positivesymptoms", "pk": 3052, "fields": {"symptom": 6, "customer": 22, "date": "2022-06-24", "positive": false}}, {"model": "Customer.positivesymptoms", "pk": 3053, "fields": {"symptom": 5, "customer": 22, "date": "2022-06-24", "positive": false}}, {"model": "Customer.positivesymptoms", "pk": 3054, "fields": {"symptom": 2, "customer": 22, "date": "2022-06-24", "positive": false}}, {"model": "Customer.positivesymptoms", "pk": 3055, "fields": {"symptom": 1, "customer": 22, "date": "2022-06-24", "positive": true}}, {"model": "Customer.positivesymptoms", "pk": 3064, "fields": {"symptom": 17, "customer": 22, "date": "2022-06-25", "positive": true}}, {"model": "Customer.positivesymptoms", "pk": 3065, "fields": {"symptom": 25, "customer": 22, "date": "2022-06-25", "positive": true}}, {"model": "Customer.positivesymptoms", "pk": 3066, "fields": {"symptom": 41, "customer": 22, "date": "2022-07-04", "positive": true}}, {"model": "Customer.positivesymptoms", "pk": 3067, "fields": {"symptom": 56, "customer": 22, "date": "2022-07-04", "positive": true}}, {"model": "Customer.positivesymptoms", "pk": 3068, "fields": {"symptom": 51, "customer": 22, "date": "2022-07-05", "positive": true}}, {"model": "Customer.positivesymptoms", "pk": 3130, "fields": {"symptom": 36, "customer": 22, "date": "2022-07-07", "positive": true}}, {"model": "Customer.positivesymptoms", "pk": 3410, "fields": {"symptom": 4, "customer": 22, "date": "2022-07-14", "positive": true}}, {"model": "Customer.positivesymptoms", "pk": 3411, "fields": {"symptom": 21, "customer": 22, "date": "2022-07-14", "positive": false}}, {"model": "Customer.positivesymptoms", "pk": 3412, "fields": {"symptom": 21, "customer": 22, "date": "2022-07-15", "positive": false}}, {"model": "Customer.positivesymptoms", "pk": 3413, "fields": {"symptom": 50, "customer": 22, "date": "2022-07-15", "positive": true}}, {"model": "Customer.positivesymptoms", "pk": 3475, "fields": {"symptom": 20, "customer": 22, "date": "2022-07-15", "positive": false}}, {"model": "Customer.positivesymptoms", "pk": 3476, "fields": {"symptom": 43, "customer": 22, "date": "2022-07-15", "positive": false}}, {"model": "Customer.positivesymptoms", "pk": 3477, "fields": {"symptom": 51, "customer": 22, "date": "2022-07-15", "positive": false}}, {"model": "Customer.positivesymptoms", "pk": 3478, "fields": {"symptom": 48, "customer": 22, "date": "2022-07-15", "positive": true}}, {"model": "Customer.positivesymptoms", "pk": 3479, "fields": {"symptom": 18, "customer": 22, "date": "2022-07-15", "positive": false}}, {"model": "Customer.positivesymptoms", "pk": 3480, "fields": {"symptom": 22, "customer": 22, "date": "2022-07-15", "positive": false}}, {"model": "Customer.positivesymptoms", "pk": 3481, "fields": {"symptom": 50, "customer": 22, "date": "2022-07-16", "positive": true}}, {"model": "Customer.positivesymptoms", "pk": 3482, "fields": {"symptom": 55, "customer": 22, "date": "2022-07-16", "positive": true}}, {"model": "Customer.positivesymptoms", "pk": 3483, "fields": {"symptom": 37, "customer": 22, "date": "2022-07-16", "positive": true}}, {"model": "Customer.positivesymptoms", "pk": 3484, "fields": {"symptom": 39, "customer": 22, "date": "2022-07-16", "positive": true}}, {"model": "Customer.positivesymptoms", "pk": 3608, "fields": {"symptom": 50, "customer": 22, "date": "2022-07-18", "positive": true}}, {"model": "Customer.positivesymptoms", "pk": 3609, "fields": {"symptom": 56, "customer": 22, "date": "2022-07-18", "positive": true}}, {"model": "Customer.positivesymptoms", "pk": 3610, "fields": {"symptom": 43, "customer": 22, "date": "2022-07-18", "positive": true}}, {"model": "Customer.positivesymptoms", "pk": 3611, "fields": {"symptom": 50, "customer": 22, "date": "2022-07-19", "positive": true}}, {"model": "Customer.positivesymptoms", "pk": 3612, "fields": {"symptom": 51, "customer": 22, "date": "2022-07-19", "positive": true}}, {"model": "Customer.positivesymptoms", "pk": 3613, "fields": {"symptom": 56, "customer": 22, "date": "2022-07-19", "positive": true}}, {"model": "Customer.positivesymptoms", "pk": 3614, "fields": {"symptom": 51, "customer": 22, "date": "2022-07-18", "positive": true}}, {"model": "Customer.positivesymptoms", "pk": 3615, "fields": {"symptom": 50, "customer": 22, "date": "2022-07-21", "positive": true}}, {"model": "Customer.positivesymptoms", "pk": 3616, "fields": {"symptom": 51, "customer": 22, "date": "2022-07-21", "positive": true}}, {"model": "Customer.positivesymptoms", "pk": 3617, "fields": {"symptom": 56, "customer": 22, "date": "2022-07-21", "positive": true}}, {"model": "Customer.positivesymptoms", "pk": 3618, "fields": {"symptom": 52, "customer": 22, "date": "2022-07-21", "positive": true}}, {"model": "Customer.positivesymptoms", "pk": 3619, "fields": {"symptom": 48, "customer": 22, "date": "2022-07-18", "positive": true}}, {"model": "Customer.positivesymptoms", "pk": 3620, "fields": {"symptom": 20, "customer": 22, "date": "2022-07-18", "positive": true}}, {"model": "Customer.positivesymptoms", "pk": 3621, "fields": {"symptom": 36, "customer": 22, "date": "2022-07-18", "positive": false}}, {"model": "Customer.positivesymptoms", "pk": 3622, "fields": {"symptom": 37, "customer": 22, "date": "2022-07-18", "positive": false}}, {"model": "Customer.positivesymptoms", "pk": 3623, "fields": {"symptom": 21, "customer": 22, "date": "2022-07-19", "positive": true}}, {"model": "Customer.positivesymptoms", "pk": 3624, "fields": {"symptom": 15, "customer": 22, "date": "2022-07-19", "positive": false}}, {"model": "Customer.positivesymptoms", "pk": 3625, "fields": {"symptom": 62, "customer": 22, "date": "2022-07-19", "positive": true}}, {"model": "Customer.positivesymptoms", "pk": 3626, "fields": {"symptom": 20, "customer": 22, "date": "2022-07-19", "positive": false}}, {"model": "Customer.positivesymptoms", "pk": 3627, "fields": {"symptom": 41, "customer": 22, "date": "2022-07-19", "positive": true}}, {"model": "Customer.positivesymptoms", "pk": 3628, "fields": {"symptom": 31, "customer": 22, "date": "2022-07-19", "positive": true}}, {"model": "Customer.positivesymptoms", "pk": 3690, "fields": {"symptom": 50, "customer": 22, "date": "2022-07-20", "positive": true}}, {"model": "Customer.positivesymptoms", "pk": 3691, "fields": {"symptom": 51, "customer": 22, "date": "2022-07-20", "positive": true}}, {"model": "Customer.positivesymptoms", "pk": 3692, "fields": {"symptom": 56, "customer": 22, "date": "2022-07-20", "positive": true}}, {"model": "Customer.positivesymptoms", "pk": 3693, "fields": {"symptom": 20, "customer": 22, "date": "2022-07-20", "positive": true}}, {"model": "Customer.positivesymptoms", "pk": 3694, "fields": {"symptom": 21, "customer": 22, "date": "2022-07-20", "positive": true}}, {"model": "Customer.positivesymptoms", "pk": 3770, "fields": {"symptom": 41, "customer": 22, "date": "2022-07-21", "positive": true}}, {"model": "Customer.positivesymptoms", "pk": 3771, "fields": {"symptom": 4, "customer": 22, "date": "2022-07-21", "positive": true}}, {"model": "Customer.positivesymptoms", "pk": 3772, "fields": {"symptom": 15, "customer": 22, "date": "2022-07-21", "positive": false}}, {"model": "Customer.positivesymptoms", "pk": 3773, "fields": {"symptom": 18, "customer": 22, "date": "2022-07-21", "positive": false}}, {"model": "Customer.positivesymptoms", "pk": 3774, "fields": {"symptom": 19, "customer": 22, "date": "2022-07-21", "positive": false}}, {"model": "Customer.positivesymptoms", "pk": 3775, "fields": {"symptom": 20, "customer": 22, "date": "2022-07-21", "positive": true}}, {"model": "Customer.positivesymptoms", "pk": 3776, "fields": {"symptom": 21, "customer": 22, "date": "2022-07-21", "positive": false}}, {"model": "Customer.positivesymptoms", "pk": 3777, "fields": {"symptom": 26, "customer": 22, "date": "2022-07-21", "positive": false}}, {"model": "Customer.positivesymptoms", "pk": 3778, "fields": {"symptom": 37, "customer": 22, "date": "2022-07-21", "positive": false}}, {"model": "Customer.positivesymptoms", "pk": 3779, "fields": {"symptom": 43, "customer": 22, "date": "2022-07-21", "positive": false}}, {"model": "Customer.positivesymptoms", "pk": 3780, "fields": {"symptom": 47, "customer": 22, "date": "2022-07-21", "positive": false}}, {"model": "Customer.positivesymptoms", "pk": 3781, "fields": {"symptom": 48, "customer": 22, "date": "2022-07-21", "positive": false}}, {"model": "Customer.positivesymptoms", "pk": 3782, "fields": {"symptom": 49, "customer": 22, "date": "2022-07-21", "positive": false}}, {"model": "Customer.positivesymptoms", "pk": 3783, "fields": {"symptom": 53, "customer": 22, "date": "2022-07-21", "positive": false}}, {"model": "Customer.positivesymptoms", "pk": 3784, "fields": {"symptom": 57, "customer": 22, "date": "2022-07-21", "positive": false}}, {"model": "Customer.positivesymptoms", "pk": 3785, "fields": {"symptom": 62, "customer": 22, "date": "2022-07-21", "positive": false}}, {"model": "Customer.positivesymptoms", "pk": 3786, "fields": {"symptom": 61, "customer": 22, "date": "2022-07-21", "positive": false}}, {"model": "Customer.positivesymptoms", "pk": 3787, "fields": {"symptom": 60, "customer": 22, "date": "2022-07-21", "positive": false}}, {"model": "Customer.positivesymptoms", "pk": 3788, "fields": {"symptom": 59, "customer": 22, "date": "2022-07-21", "positive": false}}, {"model": "Customer.positivesymptoms", "pk": 3789, "fields": {"symptom": 58, "customer": 22, "date": "2022-07-21", "positive": false}}, {"model": "Customer.positivesymptoms", "pk": 3790, "fields": {"symptom": 55, "customer": 22, "date": "2022-07-21", "positive": false}}, {"model": "Customer.positivesymptoms", "pk": 3791, "fields": {"symptom": 54, "customer": 22, "date": "2022-07-21", "positive": false}}, {"model": "Customer.positivesymptoms", "pk": 3792, "fields": {"symptom": 42, "customer": 22, "date": "2022-07-21", "positive": true}}, {"model": "Customer.positivesymptoms", "pk": 3793, "fields": {"symptom": 4, "customer": 22, "date": "2022-07-22", "positive": false}}, {"model": "Customer.positivesymptoms", "pk": 3794, "fields": {"symptom": 15, "customer": 22, "date": "2022-07-22", "positive": false}}, {"model": "Customer.positivesymptoms", "pk": 3795, "fields": {"symptom": 18, "customer": 22, "date": "2022-07-22", "positive": false}}, {"model": "Customer.positivesymptoms", "pk": 3796, "fields": {"symptom": 19, "customer": 22, "date": "2022-07-22", "positive": false}}, {"model": "Customer.positivesymptoms", "pk": 3797, "fields": {"symptom": 20, "customer": 22, "date": "2022-07-22", "positive": false}}, {"model": "Customer.positivesymptoms", "pk": 3798, "fields": {"symptom": 21, "customer": 22, "date": "2022-07-22", "positive": false}}, {"model": "Customer.positivesymptoms", "pk": 3799, "fields": {"symptom": 26, "customer": 22, "date": "2022-07-22", "positive": false}}, {"model": "Customer.positivesymptoms", "pk": 3800, "fields": {"symptom": 37, "customer": 22, "date": "2022-07-22", "positive": false}}, {"model": "Customer.positivesymptoms", "pk": 3801, "fields": {"symptom": 43, "customer": 22, "date": "2022-07-22", "positive": false}}, {"model": "Customer.positivesymptoms", "pk": 3802, "fields": {"symptom": 47, "customer": 22, "date": "2022-07-22", "positive": false}}, {"model": "Customer.positivesymptoms", "pk": 3803, "fields": {"symptom": 48, "customer": 22, "date": "2022-07-22", "positive": false}}, {"model": "Customer.positivesymptoms", "pk": 3804, "fields": {"symptom": 49, "customer": 22, "date": "2022-07-22", "positive": false}}, {"model": "Customer.positivesymptoms", "pk": 3805, "fields": {"symptom": 50, "customer": 22, "date": "2022-07-22", "positive": false}}, {"model": "Customer.positivesymptoms", "pk": 3806, "fields": {"symptom": 51, "customer": 22, "date": "2022-07-22", "positive": false}}, {"model": "Customer.positivesymptoms", "pk": 3807, "fields": {"symptom": 53, "customer": 22, "date": "2022-07-22", "positive": false}}, {"model": "Customer.positivesymptoms", "pk": 3808, "fields": {"symptom": 56, "customer": 22, "date": "2022-07-22", "positive": false}}, {"model": "Customer.positivesymptoms", "pk": 3809, "fields": {"symptom": 57, "customer": 22, "date": "2022-07-22", "positive": false}}, {"model": "Customer.positivesymptoms", "pk": 3810, "fields": {"symptom": 62, "customer": 22, "date": "2022-07-22", "positive": false}}, {"model": "Customer.positivesymptoms", "pk": 3811, "fields": {"symptom": 61, "customer": 22, "date": "2022-07-22", "positive": false}}, {"model": "Customer.positivesymptoms", "pk": 3812, "fields": {"symptom": 60, "customer": 22, "date": "2022-07-22", "positive": false}}, {"model": "Customer.positivesymptoms", "pk": 3813, "fields": {"symptom": 59, "customer": 22, "date": "2022-07-22", "positive": false}}, {"model": "Customer.positivesymptoms", "pk": 3814, "fields": {"symptom": 58, "customer": 22, "date": "2022-07-22", "positive": false}}, {"model": "Customer.positivesymptoms", "pk": 3815, "fields": {"symptom": 55, "customer": 22, "date": "2022-07-22", "positive": false}}, {"model": "Customer.positivesymptoms", "pk": 3816, "fields": {"symptom": 54, "customer": 22, "date": "2022-07-22", "positive": false}}, {"model": "Customer.positivesymptoms", "pk": 3817, "fields": {"symptom": 52, "customer": 22, "date": "2022-07-22", "positive": false}}, {"model": "Customer.positivesymptoms", "pk": 3818, "fields": {"symptom": 46, "customer": 22, "date": "2022-07-22", "positive": false}}, {"model": "Customer.positivesymptoms", "pk": 3819, "fields": {"symptom": 45, "customer": 22, "date": "2022-07-22", "positive": false}}, {"model": "Customer.positivesymptoms", "pk": 3820, "fields": {"symptom": 44, "customer": 22, "date": "2022-07-22", "positive": false}}, {"model": "Customer.positivesymptoms", "pk": 3821, "fields": {"symptom": 42, "customer": 22, "date": "2022-07-22", "positive": false}}, {"model": "Customer.positivesymptoms", "pk": 3822, "fields": {"symptom": 41, "customer": 22, "date": "2022-07-22", "positive": false}}, {"model": "Customer.positivesymptoms", "pk": 3823, "fields": {"symptom": 40, "customer": 22, "date": "2022-07-22", "positive": false}}, {"model": "Customer.positivesymptoms", "pk": 3824, "fields": {"symptom": 39, "customer": 22, "date": "2022-07-22", "positive": false}}, {"model": "Customer.positivesymptoms", "pk": 3825, "fields": {"symptom": 38, "customer": 22, "date": "2022-07-22", "positive": false}}, {"model": "Customer.positivesymptoms", "pk": 3826, "fields": {"symptom": 36, "customer": 22, "date": "2022-07-22", "positive": false}}, {"model": "Customer.positivesymptoms", "pk": 3827, "fields": {"symptom": 35, "customer": 22, "date": "2022-07-22", "positive": false}}, {"model": "Customer.positivesymptoms", "pk": 3828, "fields": {"symptom": 34, "customer": 22, "date": "2022-07-22", "positive": false}}, {"model": "Customer.positivesymptoms", "pk": 3829, "fields": {"symptom": 33, "customer": 22, "date": "2022-07-22", "positive": false}}, {"model": "Customer.positivesymptoms", "pk": 3830, "fields": {"symptom": 32, "customer": 22, "date": "2022-07-22", "positive": false}}, {"model": "Customer.positivesymptoms", "pk": 3831, "fields": {"symptom": 31, "customer": 22, "date": "2022-07-22", "positive": false}}, {"model": "Customer.positivesymptoms", "pk": 3832, "fields": {"symptom": 30, "customer": 22, "date": "2022-07-22", "positive": false}}, {"model": "Customer.positivesymptoms", "pk": 3833, "fields": {"symptom": 29, "customer": 22, "date": "2022-07-22", "positive": false}}, {"model": "Customer.positivesymptoms", "pk": 3834, "fields": {"symptom": 28, "customer": 22, "date": "2022-07-22", "positive": false}}, {"model": "Customer.positivesymptoms", "pk": 3835, "fields": {"symptom": 27, "customer": 22, "date": "2022-07-22", "positive": false}}, {"model": "Customer.positivesymptoms", "pk": 3836, "fields": {"symptom": 25, "customer": 22, "date": "2022-07-22", "positive": false}}, {"model": "Customer.positivesymptoms", "pk": 3837, "fields": {"symptom": 24, "customer": 22, "date": "2022-07-22", "positive": false}}, {"model": "Customer.positivesymptoms", "pk": 3838, "fields": {"symptom": 23, "customer": 22, "date": "2022-07-22", "positive": false}}, {"model": "Customer.positivesymptoms", "pk": 3839, "fields": {"symptom": 22, "customer": 22, "date": "2022-07-22", "positive": false}}, {"model": "Customer.positivesymptoms", "pk": 3840, "fields": {"symptom": 17, "customer": 22, "date": "2022-07-22", "positive": false}}, {"model": "Customer.positivesymptoms", "pk": 3841, "fields": {"symptom": 16, "customer": 22, "date": "2022-07-22", "positive": true}}, {"model": "Customer.positivesymptoms", "pk": 3842, "fields": {"symptom": 14, "customer": 22, "date": "2022-07-22", "positive": false}}, {"model": "Customer.positivesymptoms", "pk": 3843, "fields": {"symptom": 13, "customer": 22, "date": "2022-07-22", "positive": false}}, {"model": "Customer.positivesymptoms", "pk": 3844, "fields": {"symptom": 12, "customer": 22, "date": "2022-07-22", "positive": false}}, {"model": "Customer.positivesymptoms", "pk": 3845, "fields": {"symptom": 11, "customer": 22, "date": "2022-07-22", "positive": false}}, {"model": "Customer.positivesymptoms", "pk": 3846, "fields": {"symptom": 10, "customer": 22, "date": "2022-07-22", "positive": false}}, {"model": "Customer.positivesymptoms", "pk": 3847, "fields": {"symptom": 9, "customer": 22, "date": "2022-07-22", "positive": false}}, {"model": "Customer.positivesymptoms", "pk": 3848, "fields": {"symptom": 8, "customer": 22, "date": "2022-07-22", "positive": false}}, {"model": "Customer.positivesymptoms", "pk": 3849, "fields": {"symptom": 7, "customer": 22, "date": "2022-07-22", "positive": false}}, {"model": "Customer.positivesymptoms", "pk": 3850, "fields": {"symptom": 6, "customer": 22, "date": "2022-07-22", "positive": false}}, {"model": "Customer.positivesymptoms", "pk": 3851, "fields": {"symptom": 5, "customer": 22, "date": "2022-07-22", "positive": false}}, {"model": "Customer.positivesymptoms", "pk": 3852, "fields": {"symptom": 2, "customer": 22, "date": "2022-07-22", "positive": false}}, {"model": "Customer.positivesymptoms", "pk": 3853, "fields": {"symptom": 1, "customer": 22, "date": "2022-07-22", "positive": false}}, {"model": "Customer.positivesymptoms", "pk": 3854, "fields": {"symptom": 4, "customer": 22, "date": "2022-07-20", "positive": false}}, {"model": "Customer.positivesymptoms", "pk": 3855, "fields": {"symptom": 15, "customer": 22, "date": "2022-07-20", "positive": false}}, {"model": "Customer.positivesymptoms", "pk": 3856, "fields": {"symptom": 18, "customer": 22, "date": "2022-07-20", "positive": false}}, {"model": "Customer.positivesymptoms", "pk": 3857, "fields": {"symptom": 19, "customer": 22, "date": "2022-07-20", "positive": false}}, {"model": "Customer.positivesymptoms", "pk": 3858, "fields": {"symptom": 26, "customer": 22, "date": "2022-07-20", "positive": false}}, {"model": "Customer.positivesymptoms", "pk": 3859, "fields": {"symptom": 37, "customer": 22, "date": "2022-07-20", "positive": false}}, {"model": "Customer.positivesymptoms", "pk": 3860, "fields": {"symptom": 43, "customer": 22, "date": "2022-07-20", "positive": false}}, {"model": "Customer.positivesymptoms", "pk": 3861, "fields": {"symptom": 47, "customer": 22, "date": "2022-07-20", "positive": false}}, {"model": "Customer.positivesymptoms", "pk": 3862, "fields": {"symptom": 48, "customer": 22, "date": "2022-07-20", "positive": false}}, {"model": "Customer.positivesymptoms", "pk": 3863, "fields": {"symptom": 49, "customer": 22, "date": "2022-07-20", "positive": false}}, {"model": "Customer.positivesymptoms", "pk": 3864, "fields": {"symptom": 53, "customer": 22, "date": "2022-07-20", "positive": false}}, {"model": "Customer.positivesymptoms", "pk": 3865, "fields": {"symptom": 57, "customer": 22, "date": "2022-07-20", "positive": false}}, {"model": "Customer.positivesymptoms", "pk": 3866, "fields": {"symptom": 62, "customer": 22, "date": "2022-07-20", "positive": false}}, {"model": "Customer.positivesymptoms", "pk": 3867, "fields": {"symptom": 61, "customer": 22, "date": "2022-07-20", "positive": false}}, {"model": "Customer.positivesymptoms", "pk": 3868, "fields": {"symptom": 60, "customer": 22, "date": "2022-07-20", "positive": false}}, {"model": "Customer.positivesymptoms", "pk": 3869, "fields": {"symptom": 59, "customer": 22, "date": "2022-07-20", "positive": false}}, {"model": "Customer.positivesymptoms", "pk": 3870, "fields": {"symptom": 58, "customer": 22, "date": "2022-07-20", "positive": false}}, {"model": "Customer.positivesymptoms", "pk": 3871, "fields": {"symptom": 55, "customer": 22, "date": "2022-07-20", "positive": false}}, {"model": "Customer.positivesymptoms", "pk": 3872, "fields": {"symptom": 54, "customer": 22, "date": "2022-07-20", "positive": false}}, {"model": "Customer.positivesymptoms", "pk": 3873, "fields": {"symptom": 52, "customer": 22, "date": "2022-07-20", "positive": false}}, {"model": "Customer.positivesymptoms", "pk": 3874, "fields": {"symptom": 46, "customer": 22, "date": "2022-07-20", "positive": false}}, {"model": "Customer.positivesymptoms", "pk": 3875, "fields": {"symptom": 45, "customer": 22, "date": "2022-07-20", "positive": false}}, {"model": "Customer.positivesymptoms", "pk": 3876, "fields": {"symptom": 44, "customer": 22, "date": "2022-07-20", "positive": false}}, {"model": "Customer.positivesymptoms", "pk": 3877, "fields": {"symptom": 42, "customer": 22, "date": "2022-07-20", "positive": false}}, {"model": "Customer.positivesymptoms", "pk": 3878, "fields": {"symptom": 41, "customer": 22, "date": "2022-07-20", "positive": false}}, {"model": "Customer.positivesymptoms", "pk": 3879, "fields": {"symptom": 40, "customer": 22, "date": "2022-07-20", "positive": false}}, {"model": "Customer.positivesymptoms", "pk": 3880, "fields": {"symptom": 39, "customer": 22, "date": "2022-07-20", "positive": false}}, {"model": "Customer.positivesymptoms", "pk": 3881, "fields": {"symptom": 38, "customer": 22, "date": "2022-07-20", "positive": false}}, {"model": "Customer.positivesymptoms", "pk": 3882, "fields": {"symptom": 36, "customer": 22, "date": "2022-07-20", "positive": false}}, {"model": "Customer.positivesymptoms", "pk": 3883, "fields": {"symptom": 35, "customer": 22, "date": "2022-07-20", "positive": false}}, {"model": "Customer.positivesymptoms", "pk": 3884, "fields": {"symptom": 34, "customer": 22, "date": "2022-07-20", "positive": false}}, {"model": "Customer.positivesymptoms", "pk": 3885, "fields": {"symptom": 33, "customer": 22, "date": "2022-07-20", "positive": false}}, {"model": "Customer.positivesymptoms", "pk": 3886, "fields": {"symptom": 32, "customer": 22, "date": "2022-07-20", "positive": false}}, {"model": "Customer.positivesymptoms", "pk": 3887, "fields": {"symptom": 31, "customer": 22, "date": "2022-07-20", "positive": false}}, {"model": "Customer.positivesymptoms", "pk": 3888, "fields": {"symptom": 30, "customer": 22, "date": "2022-07-20", "positive": false}}, {"model": "Customer.positivesymptoms", "pk": 3889, "fields": {"symptom": 29, "customer": 22, "date": "2022-07-20", "positive": false}}, {"model": "Customer.positivesymptoms", "pk": 3890, "fields": {"symptom": 28, "customer": 22, "date": "2022-07-20", "positive": false}}, {"model": "Customer.positivesymptoms", "pk": 3891, "fields": {"symptom": 27, "customer": 22, "date": "2022-07-20", "positive": false}}, {"model": "Customer.positivesymptoms", "pk": 3892, "fields": {"symptom": 25, "customer": 22, "date": "2022-07-20", "positive": false}}, {"model": "Customer.positivesymptoms", "pk": 3893, "fields": {"symptom": 24, "customer": 22, "date": "2022-07-20", "positive": false}}, {"model": "Customer.positivesymptoms", "pk": 3894, "fields": {"symptom": 23, "customer": 22, "date": "2022-07-20", "positive": false}}, {"model": "Customer.positivesymptoms", "pk": 3895, "fields": {"symptom": 22, "customer": 22, "date": "2022-07-20", "positive": false}}, {"model": "Customer.positivesymptoms", "pk": 3896, "fields": {"symptom": 17, "customer": 22, "date": "2022-07-20", "positive": false}}, {"model": "Customer.positivesymptoms", "pk": 3897, "fields": {"symptom": 16, "customer": 22, "date": "2022-07-20", "positive": false}}, {"model": "Customer.positivesymptoms", "pk": 3898, "fields": {"symptom": 14, "customer": 22, "date": "2022-07-20", "positive": false}}, {"model": "Customer.positivesymptoms", "pk": 3899, "fields": {"symptom": 13, "customer": 22, "date": "2022-07-20", "positive": false}}, {"model": "Customer.positivesymptoms", "pk": 3900, "fields": {"symptom": 12, "customer": 22, "date": "2022-07-20", "positive": false}}, {"model": "Customer.positivesymptoms", "pk": 3901, "fields": {"symptom": 11, "customer": 22, "date": "2022-07-20", "positive": false}}, {"model": "Customer.positivesymptoms", "pk": 3902, "fields": {"symptom": 10, "customer": 22, "date": "2022-07-20", "positive": false}}, {"model": "Customer.positivesymptoms", "pk": 3903, "fields": {"symptom": 9, "customer": 22, "date": "2022-07-20", "positive": false}}, {"model": "Customer.positivesymptoms", "pk": 3904, "fields": {"symptom": 8, "customer": 22, "date": "2022-07-20", "positive": false}}, {"model": "Customer.positivesymptoms", "pk": 3905, "fields": {"symptom": 7, "customer": 22, "date": "2022-07-20", "positive": false}}, {"model": "Customer.positivesymptoms", "pk": 3906, "fields": {"symptom": 6, "customer": 22, "date": "2022-07-20", "positive": false}}, {"model": "Customer.positivesymptoms", "pk": 3907, "fields": {"symptom": 5, "customer": 22, "date": "2022-07-20", "positive": false}}, {"model": "Customer.positivesymptoms", "pk": 3908, "fields": {"symptom": 2, "customer": 22, "date": "2022-07-20", "positive": false}}, {"model": "Customer.positivesymptoms", "pk": 3909, "fields": {"symptom": 1, "customer": 22, "date": "2022-07-20", "positive": false}}, {"model": "Customer.positivesymptoms", "pk": 4276, "fields": {"symptom": 56, "customer": 22, "date": "2022-07-25", "positive": true}}, {"model": "Customer.positivesymptoms", "pk": 4277, "fields": {"symptom": 28, "customer": 22, "date": "2022-07-25", "positive": true}}, {"model": "Customer.positivesymptoms", "pk": 4278, "fields": {"symptom": 54, "customer": 22, "date": "2022-07-25", "positive": true}}, {"model": "Customer.positivesymptoms", "pk": 4279, "fields": {"symptom": 60, "customer": 22, "date": "2022-07-25", "positive": true}}, {"model": "Customer.positivesymptoms", "pk": 4285, "fields": {"symptom": 19, "customer": 22, "date": "2022-07-26", "positive": true}}, {"model": "Customer.positivesymptoms", "pk": 4308, "fields": {"symptom": 28, "customer": 22, "date": "2022-08-08", "positive": true}}, {"model": "Customer.positivesymptoms", "pk": 4309, "fields": {"symptom": 10, "customer": 22, "date": "2022-08-08", "positive": true}}, {"model": "Customer.positivesymptoms", "pk": 4311, "fields": {"symptom": 28, "customer": 22, "date": "2022-08-09", "positive": true}}, {"model": "Customer.positivesymptoms", "pk": 4312, "fields": {"symptom": 50, "customer": 22, "date": "2022-08-09", "positive": true}}, {"model": "Customer.positivesymptoms", "pk": 4313, "fields": {"symptom": 51, "customer": 22, "date": "2022-08-09", "positive": true}}, {"model": "Customer.positivesymptoms", "pk": 4314, "fields": {"symptom": 36, "customer": 22, "date": "2022-08-09", "positive": true}}, {"model": "Customer.positivesymptoms", "pk": 4315, "fields": {"symptom": 23, "customer": 22, "date": "2022-08-09", "positive": true}}, {"model": "Customer.positivesymptoms", "pk": 4316, "fields": {"symptom": 60, "customer": 22, "date": "2022-08-09", "positive": true}}, {"model": "Customer.positivesymptoms", "pk": 4317, "fields": {"symptom": 50, "customer": 22, "date": "2022-08-10", "positive": true}}, {"model": "Customer.positivesymptoms", "pk": 4318, "fields": {"symptom": 28, "customer": 22, "date": "2022-08-10", "positive": true}}, {"model": "Customer.positivesymptoms", "pk": 4319, "fields": {"symptom": 36, "customer": 22, "date": "2022-08-10", "positive": true}}, {"model": "Customer.positivesymptoms", "pk": 4320, "fields": {"symptom": 19, "customer": 22, "date": "2022-08-10", "positive": true}}, {"model": "Customer.positivesymptoms", "pk": 4321, "fields": {"symptom": 60, "customer": 22, "date": "2022-08-10", "positive": true}}, {"model": "Customer.positivesymptoms", "pk": 4322, "fields": {"symptom": 40, "customer": 22, "date": "2022-08-11", "positive": true}}, {"model": "Customer.positivesymptoms", "pk": 4323, "fields": {"symptom": 36, "customer": 22, "date": "2022-08-11", "positive": false}}, {"model": "Customer.positivesymptoms", "pk": 4324, "fields": {"symptom": 30, "customer": 22, "date": "2022-08-11", "positive": false}}, {"model": "Customer.positivesymptoms", "pk": 4325, "fields": {"symptom": 10, "customer": 22, "date": "2022-08-11", "positive": true}}, {"model": "Customer.positivesymptoms", "pk": 4326, "fields": {"symptom": 41, "customer": 22, "date": "2022-08-11", "positive": true}}, {"model": "Customer.positivesymptoms", "pk": 4327, "fields": {"symptom": 18, "customer": 22, "date": "2022-08-13", "positive": true}}, {"model": "Customer.positivesymptoms", "pk": 4328, "fields": {"symptom": 4, "customer": 22, "date": "2022-08-13", "positive": true}}, {"model": "Customer.positivesymptoms", "pk": 4329, "fields": {"symptom": 21, "customer": 22, "date": "2022-08-13", "positive": true}}, {"model": "Customer.positivesymptoms", "pk": 4330, "fields": {"symptom": 8, "customer": 22, "date": "2022-08-13", "positive": true}}, {"model": "Customer.positivesymptoms", "pk": 4331, "fields": {"symptom": 56, "customer": 22, "date": "2022-08-16", "positive": true}}, {"model": "Customer.positivesymptoms", "pk": 4332, "fields": {"symptom": 36, "customer": 22, "date": "2022-08-16", "positive": true}}, {"model": "Customer.positivesymptoms", "pk": 4333, "fields": {"symptom": 8, "customer": 22, "date": "2022-08-16", "positive": true}}, {"model": "Customer.positivesymptoms", "pk": 4334, "fields": {"symptom": 60, "customer": 22, "date": "2022-08-16", "positive": true}}, {"model": "Customer.positivesymptoms", "pk": 4335, "fields": {"symptom": 51, "customer": 22, "date": "2022-08-17", "positive": true}}, {"model": "Customer.positivesymptoms", "pk": 4336, "fields": {"symptom": 41, "customer": 22, "date": "2022-08-17", "positive": true}}, {"model": "Customer.positivesymptoms", "pk": 4337, "fields": {"symptom": 10, "customer": 22, "date": "2022-08-17", "positive": true}}, {"model": "Customer.positivesymptoms", "pk": 4338, "fields": {"symptom": 50, "customer": 22, "date": "2022-08-18", "positive": true}}, {"model": "Customer.positivesymptoms", "pk": 4339, "fields": {"symptom": 43, "customer": 22, "date": "2022-08-18", "positive": true}}, {"model": "Customer.positivesymptoms", "pk": 4340, "fields": {"symptom": 41, "customer": 22, "date": "2022-08-19", "positive": true}}, {"model": "Customer.positivesymptoms", "pk": 4341, "fields": {"symptom": 4, "customer": 22, "date": "2022-08-19", "positive": true}}, {"model": "Customer.positivesymptoms", "pk": 4342, "fields": {"symptom": 10, "customer": 22, "date": "2022-08-19", "positive": true}}, {"model": "Customer.positivesymptoms", "pk": 4345, "fields": {"symptom": 41, "customer": 22, "date": "2022-08-22", "positive": true}}, {"model": "Customer.positivesymptoms", "pk": 4346, "fields": {"symptom": 4, "customer": 22, "date": "2022-08-22", "positive": true}}, {"model": "Customer.positivesymptoms", "pk": 4347, "fields": {"symptom": 10, "customer": 22, "date": "2022-08-22", "positive": true}}, {"model": "Customer.positivesymptoms", "pk": 4348, "fields": {"symptom": 36, "customer": 22, "date": "2022-08-22", "positive": true}}, {"model": "Customer.positivesymptoms", "pk": 4349, "fields": {"symptom": 16, "customer": 22, "date": "2022-08-22", "positive": true}}, {"model": "Customer.positivesymptoms", "pk": 4350, "fields": {"symptom": 36, "customer": 22, "date": "2022-08-23", "positive": false}}, {"model": "Customer.positivesymptoms", "pk": 4351, "fields": {"symptom": 16, "customer": 22, "date": "2022-08-23", "positive": false}}, {"model": "Customer.positivesymptoms", "pk": 4352, "fields": {"symptom": 16, "customer": 22, "date": "2022-08-24", "positive": true}}, {"model": "Customer.positivesymptoms", "pk": 4358, "fields": {"symptom": 50, "customer": 22, "date": "2022-08-26", "positive": true}}, {"model": "Customer.positivesymptoms", "pk": 4359, "fields": {"symptom": 36, "customer": 22, "date": "2022-08-26", "positive": true}}, {"model": "Customer.positivesymptoms", "pk": 4360, "fields": {"symptom": 28, "customer": 22, "date": "2022-08-26", "positive": true}}, {"model": "Customer.positivesymptoms", "pk": 4361, "fields": {"symptom": 51, "customer": 22, "date": "2022-08-30", "positive": true}}, {"model": "Customer.positivesymptoms", "pk": 4362, "fields": {"symptom": 28, "customer": 22, "date": "2022-08-30", "positive": true}}, {"model": "Customer.positivesymptoms", "pk": 4363, "fields": {"symptom": 6, "customer": 22, "date": "2022-08-30", "positive": true}}, {"model": "Customer.positivesymptoms", "pk": 4364, "fields": {"symptom": 41, "customer": 22, "date": "2022-08-30", "positive": true}}, {"model": "Customer.positivesymptoms", "pk": 4365, "fields": {"symptom": 50, "customer": 22, "date": "2022-08-31", "positive": true}}, {"model": "Customer.positivesymptoms", "pk": 4366, "fields": {"symptom": 28, "customer": 22, "date": "2022-08-31", "positive": true}}, {"model": "Customer.positivesymptoms", "pk": 4367, "fields": {"symptom": 41, "customer": 22, "date": "2022-08-31", "positive": true}}, {"model": "Customer.positivesymptoms", "pk": 4368, "fields": {"symptom": 4, "customer": 22, "date": "2022-08-31", "positive": true}}, {"model": "Customer.positivesymptoms", "pk": 4369, "fields": {"symptom": 50, "customer": 22, "date": "2022-09-03", "positive": true}}, {"model": "Customer.positivesymptoms", "pk": 4370, "fields": {"symptom": 50, "customer": 22, "date": "2022-09-10", "positive": true}}, {"model": "Customer.positivesymptoms", "pk": 4371, "fields": {"symptom": 9, "customer": 22, "date": "2022-09-10", "positive": true}}, {"model": "Customer.positivesymptoms", "pk": 4372, "fields": {"symptom": 28, "customer": 22, "date": "2022-09-10", "positive": true}}, {"model": "Customer.positivesymptoms", "pk": 4373, "fields": {"symptom": 32, "customer": 22, "date": "2022-09-10", "positive": true}}, {"model": "Customer.positivesymptoms", "pk": 4374, "fields": {"symptom": 16, "customer": 22, "date": "2022-09-12", "positive": true}}, {"model": "Customer.positivesymptoms", "pk": 4375, "fields": {"symptom": 50, "customer": 22, "date": "2022-09-20", "positive": true}}, {"model": "Customer.positivesymptoms", "pk": 4376, "fields": {"symptom": 28, "customer": 22, "date": "2022-09-20", "positive": true}}, {"model": "Customer.positivesymptoms", "pk": 4377, "fields": {"symptom": 10, "customer": 22, "date": "2022-09-20", "positive": true}}, {"model": "Customer.positivesymptoms", "pk": 4378, "fields": {"symptom": 29, "customer": 22, "date": "2022-09-20", "positive": true}}, {"model": "Customer.positivesymptoms", "pk": 4379, "fields": {"symptom": 30, "customer": 22, "date": "2022-09-21", "positive": true}}, {"model": "Customer.positivesymptoms", "pk": 4380, "fields": {"symptom": 9, "customer": 22, "date": "2022-09-21", "positive": true}}, {"model": "Customer.positivesymptoms", "pk": 4381, "fields": {"symptom": 34, "customer": 22, "date": "2022-09-21", "positive": true}}, {"model": "Customer.positivesymptoms", "pk": 4382, "fields": {"symptom": 20, "customer": 22, "date": "2022-09-23", "positive": true}}, {"model": "Customer.positivesymptoms", "pk": 4383, "fields": {"symptom": 50, "customer": 22, "date": "2022-09-23", "positive": true}}, {"model": "Customer.positivesymptoms", "pk": 4384, "fields": {"symptom": 50, "customer": 22, "date": "2022-09-24", "positive": true}}, {"model": "Customer.positivesymptoms", "pk": 4385, "fields": {"symptom": 28, "customer": 22, "date": "2022-09-24", "positive": true}}, {"model": "Customer.positivesymptoms", "pk": 4386, "fields": {"symptom": 12, "customer": 22, "date": "2022-09-24", "positive": true}}, {"model": "Customer.positivesymptoms", "pk": 4387, "fields": {"symptom": 4, "customer": 22, "date": "2022-09-26", "positive": true}}, {"model": "Customer.positivesymptoms", "pk": 4388, "fields": {"symptom": 26, "customer": 22, "date": "2022-09-26", "positive": true}}, {"model": "Customer.positivesymptoms", "pk": 4389, "fields": {"symptom": 50, "customer": 22, "date": "2022-10-01", "positive": true}}, {"model": "Customer.positivesymptoms", "pk": 4390, "fields": {"symptom": 14, "customer": 22, "date": "2022-10-01", "positive": true}}, {"model": "Customer.positivesymptoms", "pk": 4391, "fields": {"symptom": 16, "customer": 22, "date": "2022-10-01", "positive": true}}, {"model": "Customer.positivesymptoms", "pk": 4392, "fields": {"symptom": 41, "customer": 22, "date": "2022-10-03", "positive": true}}, {"model": "Customer.positivesymptoms", "pk": 4393, "fields": {"symptom": 28, "customer": 22, "date": "2022-10-03", "positive": true}}, {"model": "Customer.positivesymptoms", "pk": 4394, "fields": {"symptom": 14, "customer": 22, "date": "2022-10-03", "positive": true}}, {"model": "Customer.positivesymptoms", "pk": 4395, "fields": {"symptom": 41, "customer": 22, "date": "2022-10-11", "positive": true}}, {"model": "Customer.positivesymptoms", "pk": 4396, "fields": {"symptom": 28, "customer": 22, "date": "2022-10-11", "positive": true}}, {"model": "Customer.positivesymptoms", "pk": 4397, "fields": {"symptom": 50, "customer": 22, "date": "2022-10-12", "positive": true}}, {"model": "Customer.positivesymptoms", "pk": 4398, "fields": {"symptom": 20, "customer": 22, "date": "2022-10-12", "positive": true}}, {"model": "Customer.positivesymptoms", "pk": 4399, "fields": {"symptom": 47, "customer": 22, "date": "2022-10-12", "positive": true}}, {"model": "Customer.positivesymptoms", "pk": 4400, "fields": {"symptom": 16, "customer": 22, "date": "2022-10-12", "positive": true}}, {"model": "Customer.positivesymptoms", "pk": 4401, "fields": {"symptom": 50, "customer": 22, "date": "2022-10-14", "positive": true}}, {"model": "Customer.positivesymptoms", "pk": 4402, "fields": {"symptom": 28, "customer": 22, "date": "2022-10-14", "positive": true}}, {"model": "Customer.positivesymptoms", "pk": 4403, "fields": {"symptom": 5, "customer": 22, "date": "2022-10-14", "positive": true}}, {"model": "Customer.positivesymptoms", "pk": 4404, "fields": {"symptom": 16, "customer": 22, "date": "2022-10-14", "positive": true}}, {"model": "Customer.positivesymptoms", "pk": 4405, "fields": {"symptom": 50, "customer": 22, "date": "2022-10-17", "positive": true}}, {"model": "Customer.positivesymptoms", "pk": 4406, "fields": {"symptom": 36, "customer": 22, "date": "2022-10-17", "positive": true}}, {"model": "Customer.positivesymptoms", "pk": 4407, "fields": {"symptom": 28, "customer": 22, "date": "2022-10-17", "positive": true}}, {"model": "Customer.positivesymptoms", "pk": 4408, "fields": {"symptom": 16, "customer": 22, "date": "2022-10-17", "positive": true}}, {"model": "Customer.positivesymptoms", "pk": 4409, "fields": {"symptom": 50, "customer": 22, "date": "2022-10-19", "positive": true}}, {"model": "Customer.positivesymptoms", "pk": 4410, "fields": {"symptom": 51, "customer": 22, "date": "2022-10-19", "positive": true}}, {"model": "Customer.positivesymptoms", "pk": 4411, "fields": {"symptom": 50, "customer": 22, "date": "2022-10-18", "positive": true}}, {"model": "Customer.positivesymptoms", "pk": 4412, "fields": {"symptom": 51, "customer": 22, "date": "2022-10-18", "positive": true}}, {"model": "Customer.positivesymptoms", "pk": 4413, "fields": {"symptom": 41, "customer": 22, "date": "2022-11-01", "positive": true}}, {"model": "Customer.positivesymptoms", "pk": 4414, "fields": {"symptom": 2, "customer": 22, "date": "2022-11-01", "positive": true}}, {"model": "Customer.positivesymptoms", "pk": 4415, "fields": {"symptom": 22, "customer": 22, "date": "2022-11-01", "positive": true}}, {"model": "Customer.positivesymptoms", "pk": 4416, "fields": {"symptom": 44, "customer": 22, "date": "2022-11-01", "positive": true}}, {"model": "Customer.positivesymptoms", "pk": 4417, "fields": {"symptom": 50, "customer": 22, "date": "2022-11-07", "positive": true}}, {"model": "Customer.positivesymptoms", "pk": 4418, "fields": {"symptom": 16, "customer": 22, "date": "2022-11-09", "positive": true}}, {"model": "Customer.positivesymptoms", "pk": 4419, "fields": {"symptom": 16, "customer": 22, "date": "2022-11-22", "positive": true}}, {"model": "Customer.positivesymptoms", "pk": 4420, "fields": {"symptom": 50, "customer": 22, "date": "2022-12-11", "positive": true}}, {"model": "Customer.positivesymptoms", "pk": 4421, "fields": {"symptom": 4, "customer": 22, "date": "2022-12-11", "positive": true}}, {"model": "Customer.positivesymptoms", "pk": 4422, "fields": {"symptom": 51, "customer": 22, "date": "2022-12-11", "positive": true}}, {"model": "Customer.positivesymptoms", "pk": 4423, "fields": {"symptom": 41, "customer": 22, "date": "2022-12-14", "positive": true}}, {"model": "Customer.positivesymptoms", "pk": 4424, "fields": {"symptom": 9, "customer": 22, "date": "2022-12-14", "positive": true}}, {"model": "Customer.positivesymptoms", "pk": 4425, "fields": {"symptom": 2, "customer": 22, "date": "2022-12-14", "positive": true}}, {"model": "Customer.positivesymptoms", "pk": 4426, "fields": {"symptom": 46, "customer": 22, "date": "2022-12-14", "positive": true}}, {"model": "Customer.positivesymptoms", "pk": 4427, "fields": {"symptom": 46, "customer": 22, "date": "2022-12-13", "positive": true}}, {"model": "Customer.positivesymptoms", "pk": 4428, "fields": {"symptom": 41, "customer": 22, "date": "2022-12-13", "positive": true}}, {"model": "Customer.positivesymptoms", "pk": 4429, "fields": {"symptom": 37, "customer": 22, "date": "2022-12-13", "positive": true}}, {"model": "Customer.positivesymptoms", "pk": 4430, "fields": {"symptom": 57, "customer": 22, "date": "2022-12-13", "positive": true}}, {"model": "Customer.positivesymptoms", "pk": 4431, "fields": {"symptom": 9, "customer": 22, "date": "2022-12-13", "positive": true}}, {"model": "Customer.positivesymptoms", "pk": 4432, "fields": {"symptom": 54, "customer": 22, "date": "2022-12-13", "positive": true}}, {"model": "Customer.positivesymptoms", "pk": 4433, "fields": {"symptom": 41, "customer": 22, "date": "2022-12-12", "positive": true}}, {"model": "Customer.positivesymptoms", "pk": 4434, "fields": {"symptom": 51, "customer": 22, "date": "2022-12-12", "positive": true}}, {"model": "Customer.positivesymptoms", "pk": 4435, "fields": {"symptom": 28, "customer": 22, "date": "2022-12-12", "positive": true}}, {"model": "Customer.positivesymptoms", "pk": 4436, "fields": {"symptom": 36, "customer": 22, "date": "2022-12-10", "positive": true}}, {"model": "Customer.positivesymptoms", "pk": 4437, "fields": {"symptom": 44, "customer": 22, "date": "2022-12-10", "positive": true}}, {"model": "Customer.positivesymptoms", "pk": 4438, "fields": {"symptom": 50, "customer": 22, "date": "2022-12-09", "positive": true}}, {"model": "Customer.positivesymptoms", "pk": 4439, "fields": {"symptom": 54, "customer": 22, "date": "2022-12-09", "positive": true}}, {"model": "Customer.positivesymptoms", "pk": 4440, "fields": {"symptom": 41, "customer": 22, "date": "2022-12-08", "positive": true}}, {"model": "Customer.positivesymptoms", "pk": 4441, "fields": {"symptom": 36, "customer": 22, "date": "2022-12-08", "positive": true}}, {"model": "Customer.positivesymptoms", "pk": 4442, "fields": {"symptom": 9, "customer": 22, "date": "2022-12-07", "positive": true}}, {"model": "Customer.positivesymptoms", "pk": 4443, "fields": {"symptom": 41, "customer": 22, "date": "2022-12-07", "positive": true}}, {"model": "Customer.positivesymptoms", "pk": 4444, "fields": {"symptom": 54, "customer": 22, "date": "2022-12-07", "positive": true}}, {"model": "Customer.positivesymptoms", "pk": 4445, "fields": {"symptom": 50, "customer": 22, "date": "2022-12-30", "positive": true}}, {"model": "Customer.positivesymptoms", "pk": 4446, "fields": {"symptom": 50, "customer": 22, "date": "2023-01-21", "positive": true}}, {"model": "Customer.positivesymptoms", "pk": 4447, "fields": {"symptom": 56, "customer": 22, "date": "2023-01-21", "positive": false}}, {"model": "Customer.positivesymptoms", "pk": 4448, "fields": {"symptom": 18, "customer": 22, "date": "2023-01-21", "positive": false}}, {"model": "Customer.positivesymptoms", "pk": 4449, "fields": {"symptom": 59, "customer": 22, "date": "2023-01-21", "positive": true}}, {"model": "Customer.positivesymptoms", "pk": 4450, "fields": {"symptom": 41, "customer": 22, "date": "2023-01-21", "positive": true}}, {"model": "Customer.positivesymptoms", "pk": 4451, "fields": {"symptom": 30, "customer": 22, "date": "2023-01-21", "positive": true}}, {"model": "Customer.positivesymptoms", "pk": 4452, "fields": {"symptom": 51, "customer": 22, "date": "2023-01-24", "positive": true}}, {"model": "Customer.positivesymptoms", "pk": 4453, "fields": {"symptom": 41, "customer": 22, "date": "2023-01-24", "positive": false}}, {"model": "Customer.positivesymptoms", "pk": 4454, "fields": {"symptom": 39, "customer": 22, "date": "2023-01-24", "positive": true}}, {"model": "Customer.positivesymptoms", "pk": 4455, "fields": {"symptom": 49, "customer": 22, "date": "2023-01-24", "positive": true}}, {"model": "Customer.positivesymptoms", "pk": 4456, "fields": {"symptom": 57, "customer": 22, "date": "2023-01-24", "positive": true}}, {"model": "Customer.positivesymptoms", "pk": 4457, "fields": {"symptom": 41, "customer": 22, "date": "2023-01-23", "positive": true}}, {"model": "Customer.positivesymptoms", "pk": 4458, "fields": {"symptom": 28, "customer": 22, "date": "2023-01-23", "positive": true}}, {"model": "Customer.positivesymptoms", "pk": 4459, "fields": {"symptom": 50, "customer": 22, "date": "2023-01-22", "positive": true}}, {"model": "Customer.positivesymptoms", "pk": 4460, "fields": {"symptom": 33, "customer": 22, "date": "2023-01-22", "positive": true}}, {"model": "Customer.positivesymptoms", "pk": 4461, "fields": {"symptom": 51, "customer": 22, "date": "2023-01-21", "positive": true}}, {"model": "Customer.positivesymptoms", "pk": 4462, "fields": {"symptom": 56, "customer": 22, "date": "2023-01-20", "positive": true}}, {"model": "Customer.positivesymptoms", "pk": 4463, "fields": {"symptom": 30, "customer": 22, "date": "2023-01-20", "positive": true}}, {"model": "Customer.positivesymptoms", "pk": 4464, "fields": {"symptom": 33, "customer": 22, "date": "2023-01-20", "positive": true}}, {"model": "Customer.positivesymptoms", "pk": 4465, "fields": {"symptom": 50, "customer": 22, "date": "2023-01-19", "positive": true}}, {"model": "Customer.positivesymptoms", "pk": 4466, "fields": {"symptom": 51, "customer": 22, "date": "2023-01-19", "positive": true}}, {"model": "Customer.positivesymptoms", "pk": 4467, "fields": {"symptom": 36, "customer": 22, "date": "2023-01-19", "positive": true}}, {"model": "Customer.positivesymptoms", "pk": 4468, "fields": {"symptom": 56, "customer": 22, "date": "2023-01-18", "positive": true}}, {"model": "Customer.positivesymptoms", "pk": 4469, "fields": {"symptom": 36, "customer": 22, "date": "2023-01-18", "positive": true}}, {"model": "Customer.positivesymptoms", "pk": 4470, "fields": {"symptom": 33, "customer": 22, "date": "2023-01-18", "positive": true}}, {"model": "Customer.positivesymptoms", "pk": 4471, "fields": {"symptom": 30, "customer": 22, "date": "2023-01-17", "positive": true}}, {"model": "Customer.positivesymptoms", "pk": 4472, "fields": {"symptom": 41, "customer": 22, "date": "2023-01-17", "positive": true}}, {"model": "Customer.positivesymptoms", "pk": 4473, "fields": {"symptom": 51, "customer": 22, "date": "2023-01-16", "positive": true}}, {"model": "Customer.positivesymptoms", "pk": 4474, "fields": {"symptom": 41, "customer": 22, "date": "2023-01-16", "positive": true}}, {"model": "Customer.positivesymptoms", "pk": 4475, "fields": {"symptom": 50, "customer": 22, "date": "2023-01-24", "positive": true}}, {"model": "Customer.positivesymptoms", "pk": 4476, "fields": {"symptom": 56, "customer": 22, "date": "2023-01-24", "positive": false}}, {"model": "Customer.positivesymptoms", "pk": 4477, "fields": {"symptom": 50, "customer": 22, "date": "2023-01-29", "positive": true}}, {"model": "Customer.positivesymptoms", "pk": 4478, "fields": {"symptom": 51, "customer": 22, "date": "2023-01-29", "positive": true}}, {"model": "Customer.positivesymptoms", "pk": 4479, "fields": {"symptom": 21, "customer": 22, "date": "2023-01-29", "positive": true}}, {"model": "Customer.positivesymptoms", "pk": 4480, "fields": {"symptom": 15, "customer": 22, "date": "2023-01-29", "positive": true}}, {"model": "Customer.positivesymptoms", "pk": 4481, "fields": {"symptom": 56, "customer": 22, "date": "2023-01-29", "positive": true}}, {"model": "Customer.positivesymptoms", "pk": 4482, "fields": {"symptom": 56, "customer": 22, "date": "2023-01-26", "positive": true}}, {"model": "Customer.positivesymptoms", "pk": 4483, "fields": {"symptom": 33, "customer": 22, "date": "2023-01-28", "positive": true}}, {"model": "Customer.positivesymptoms", "pk": 4484, "fields": {"symptom": 50, "customer": 22, "date": "2023-01-31", "positive": true}}, {"model": "Customer.positivesymptoms", "pk": 4485, "fields": {"symptom": 21, "customer": 22, "date": "2023-01-31", "positive": true}}, {"model": "Customer.positivesymptoms", "pk": 4486, "fields": {"symptom": 2, "customer": 22, "date": "2023-02-01", "positive": true}}, {"model": "Customer.positivesymptoms", "pk": 4487, "fields": {"symptom": 51, "customer": 22, "date": "2023-02-06", "positive": true}}, {"model": "Customer.positivesymptoms", "pk": 4488, "fields": {"symptom": 33, "customer": 22, "date": "2023-02-06", "positive": true}}, {"model": "Customer.positivesymptoms", "pk": 4489, "fields": {"symptom": 22, "customer": 22, "date": "2023-02-06", "positive": true}}, {"model": "Customer.positivesymptoms", "pk": 4490, "fields": {"symptom": 16, "customer": 22, "date": "2023-02-07", "positive": true}}, {"model": "Customer.positivesymptoms", "pk": 4491, "fields": {"symptom": 60, "customer": 22, "date": "2023-02-07", "positive": true}}, {"model": "Customer.positivesymptoms", "pk": 4492, "fields": {"symptom": 34, "customer": 22, "date": "2023-02-10", "positive": true}}, {"model": "Customer.positivesymptoms", "pk": 4493, "fields": {"symptom": 16, "customer": 22, "date": "2023-02-10", "positive": true}}, {"model": "Customer.positivesymptoms", "pk": 4494, "fields": {"symptom": 59, "customer": 22, "date": "2023-02-10", "positive": true}}, {"model": "Customer.positivesymptoms", "pk": 4495, "fields": {"symptom": 60, "customer": 145, "date": "2023-02-10", "positive": false}}, {"model": "Customer.positivesymptoms", "pk": 4496, "fields": {"symptom": 59, "customer": 145, "date": "2023-02-10", "positive": true}}, {"model": "Customer.positivesymptoms", "pk": 4497, "fields": {"symptom": 58, "customer": 145, "date": "2023-02-10", "positive": false}}, {"model": "Customer.positivesymptoms", "pk": 4498, "fields": {"symptom": 16, "customer": 22, "date": "2023-02-18", "positive": true}}, {"model": "Customer.positivesymptoms", "pk": 4499, "fields": {"symptom": 47, "customer": 22, "date": "2023-03-02", "positive": true}}, {"model": "Customer.positivesymptoms", "pk": 4500, "fields": {"symptom": 24, "customer": 22, "date": "2023-03-02", "positive": true}}, {"model": "Customer.positivesymptoms", "pk": 4501, "fields": {"symptom": 51, "customer": 22, "date": "2023-03-03", "positive": true}}, {"model": "Customer.positivesymptoms", "pk": 4502, "fields": {"symptom": 56, "customer": 22, "date": "2023-03-03", "positive": true}}, {"model": "Customer.positivesymptoms", "pk": 4503, "fields": {"symptom": 41, "customer": 22, "date": "2023-03-03", "positive": true}}, {"model": "Customer.positivesymptoms", "pk": 4504, "fields": {"symptom": 36, "customer": 22, "date": "2023-03-03", "positive": true}}, {"model": "Customer.positivesymptoms", "pk": 4505, "fields": {"symptom": 56, "customer": 22, "date": "2023-03-01", "positive": true}}, {"model": "Customer.positivesymptoms", "pk": 4506, "fields": {"symptom": 51, "customer": 22, "date": "2023-02-28", "positive": true}}, {"model": "Customer.positivesymptoms", "pk": 4507, "fields": {"symptom": 9, "customer": 22, "date": "2023-01-29", "positive": true}}, {"model": "Customer.positivesymptoms", "pk": 4508, "fields": {"symptom": 56, "customer": 22, "date": "2023-01-28", "positive": true}}, {"model": "Customer.positivesymptoms", "pk": 4509, "fields": {"symptom": 51, "customer": 22, "date": "2023-01-27", "positive": true}}, {"model": "Customer.positivesymptoms", "pk": 4510, "fields": {"symptom": 51, "customer": 22, "date": "2023-01-26", "positive": true}}, {"model": "Customer.positivesymptoms", "pk": 4511, "fields": {"symptom": 41, "customer": 22, "date": "2023-01-25", "positive": true}}, {"model": "Customer.positivesymptoms", "pk": 4512, "fields": {"symptom": 41, "customer": 22, "date": "2023-03-07", "positive": true}}, {"model": "Customer.positivesymptoms", "pk": 4513, "fields": {"symptom": 22, "customer": 22, "date": "2023-03-07", "positive": true}}, {"model": "Customer.positivesymptoms", "pk": 4514, "fields": {"symptom": 30, "customer": 22, "date": "2023-03-22", "positive": true}}, {"model": "Customer.positivesymptoms", "pk": 4515, "fields": {"symptom": 51, "customer": 22, "date": "2023-03-21", "positive": true}}, {"model": "Customer.positivesymptoms", "pk": 4516, "fields": {"symptom": 47, "customer": 22, "date": "2023-03-20", "positive": true}}, {"model": "Customer.positivesymptoms", "pk": 4517, "fields": {"symptom": 56, "customer": 22, "date": "2023-03-23", "positive": true}}, {"model": "Customer.positivesymptoms", "pk": 4518, "fields": {"symptom": 56, "customer": 22, "date": "2023-03-24", "positive": true}}, {"model": "Customer.positivesymptoms", "pk": 4519, "fields": {"symptom": 18, "customer": 22, "date": "2023-03-24", "positive": true}}, {"model": "Customer.positivesymptoms", "pk": 4520, "fields": {"symptom": 16, "customer": 148, "date": "2023-03-27", "positive": true}}, {"model": "Customer.positivesymptoms", "pk": 4521, "fields": {"symptom": 16, "customer": 148, "date": "2023-03-29", "positive": true}}, {"model": "Customer.positivesymptoms", "pk": 4522, "fields": {"symptom": 16, "customer": 148, "date": "2023-03-31", "positive": true}}, {"model": "Customer.positivesymptoms", "pk": 4523, "fields": {"symptom": 16, "customer": 148, "date": "2023-04-03", "positive": true}}, {"model": "Customer.positivesymptoms", "pk": 4524, "fields": {"symptom": 16, "customer": 148, "date": "2023-04-05", "positive": false}}, {"model": "Customer.positivesymptoms", "pk": 4525, "fields": {"symptom": 19, "customer": 148, "date": "2023-04-05", "positive": true}}, {"model": "Customer.positivesymptoms", "pk": 4526, "fields": {"symptom": 56, "customer": 148, "date": "2023-04-05", "positive": true}}, {"model": "Customer.positivesymptoms", "pk": 4527, "fields": {"symptom": 16, "customer": 148, "date": "2023-04-06", "positive": true}}, {"model": "Customer.positivesymptoms", "pk": 4528, "fields": {"symptom": 46, "customer": 148, "date": "2023-04-07", "positive": false}}, {"model": "Customer.positivesymptoms", "pk": 4529, "fields": {"symptom": 22, "customer": 148, "date": "2023-04-07", "positive": true}}, {"model": "Customer.positivesymptoms", "pk": 4530, "fields": {"symptom": 60, "customer": 148, "date": "2023-04-08", "positive": true}}, {"model": "Customer.positivesymptoms", "pk": 4531, "fields": {"symptom": 41, "customer": 148, "date": "2023-04-08", "positive": true}}, {"model": "Customer.positivesymptoms", "pk": 4532, "fields": {"symptom": 16, "customer": 148, "date": "2023-04-10", "positive": true}}, {"model": "Customer.positivesymptoms", "pk": 4533, "fields": {"symptom": 17, "customer": 148, "date": "2023-04-11", "positive": true}}, {"model": "Customer.positivesymptoms", "pk": 4534, "fields": {"symptom": 16, "customer": 148, "date": "2023-04-11", "positive": true}}, {"model": "Customer.positivesymptoms", "pk": 4535, "fields": {"symptom": 16, "customer": 144, "date": "2023-04-12", "positive": true}}, {"model": "Customer.positivesymptoms", "pk": 4536, "fields": {"symptom": 17, "customer": 148, "date": "2023-04-12", "positive": false}}, {"model": "Customer.positivesymptoms", "pk": 4537, "fields": {"symptom": 60, "customer": 148, "date": "2023-04-12", "positive": true}}, {"model": "Customer.positivesymptoms", "pk": 4538, "fields": {"symptom": 16, "customer": 148, "date": "2023-04-13", "positive": true}}, {"model": "Customer.positivesymptoms", "pk": 4539, "fields": {"symptom": 16, "customer": 157, "date": "2023-04-25", "positive": true}}, {"model": "Customer.positivesymptoms", "pk": 4540, "fields": {"symptom": 41, "customer": 157, "date": "2023-04-24", "positive": true}}, {"model": "Customer.positivesymptoms", "pk": 4541, "fields": {"symptom": 36, "customer": 157, "date": "2023-04-23", "positive": true}}, {"model": "Customer.positivesymptoms", "pk": 4542, "fields": {"symptom": 56, "customer": 157, "date": "2023-04-22", "positive": true}}, {"model": "Customer.positivesymptoms", "pk": 4543, "fields": {"symptom": 51, "customer": 157, "date": "2023-04-21", "positive": true}}, {"model": "Customer.positivesymptoms", "pk": 4544, "fields": {"symptom": 33, "customer": 157, "date": "2023-04-20", "positive": true}}, {"model": "Customer.positivesymptoms", "pk": 4545, "fields": {"symptom": 22, "customer": 157, "date": "2023-04-19", "positive": true}}, {"model": "Customer.positivesymptoms", "pk": 4546, "fields": {"symptom": 45, "customer": 157, "date": "2023-04-18", "positive": true}}, {"model": "Customer.positivesymptoms", "pk": 4547, "fields": {"symptom": 55, "customer": 157, "date": "2023-04-17", "positive": true}}, {"model": "Customer.positivesymptoms", "pk": 4548, "fields": {"symptom": 60, "customer": 158, "date": "2023-04-25", "positive": true}}, {"model": "Customer.positivesymptoms", "pk": 4549, "fields": {"symptom": 8, "customer": 159, "date": "2023-04-25", "positive": true}}, {"model": "Customer.positivesymptoms", "pk": 4550, "fields": {"symptom": 27, "customer": 160, "date": "2023-04-25", "positive": true}}, {"model": "Customer.positivesymptoms", "pk": 4551, "fields": {"symptom": 60, "customer": 157, "date": "2023-04-25", "positive": true}}, {"model": "Customer.positivesymptoms", "pk": 4552, "fields": {"symptom": 45, "customer": 157, "date": "2023-04-25", "positive": true}}, {"model": "Customer.positivesymptoms", "pk": 4553, "fields": {"symptom": 14, "customer": 157, "date": "2023-04-25", "positive": true}}, {"model": "Customer.positivesymptoms", "pk": 4554, "fields": {"symptom": 55, "customer": 157, "date": "2023-04-25", "positive": true}}, {"model": "Customer.positivesymptoms", "pk": 4555, "fields": {"symptom": 7, "customer": 157, "date": "2023-05-04", "positive": true}}, {"model": "Customer.positivesymptoms", "pk": 4556, "fields": {"symptom": 34, "customer": 157, "date": "2023-05-04", "positive": true}}, {"model": "Customer.positivesymptoms", "pk": 4557, "fields": {"symptom": 9, "customer": 157, "date": "2023-05-08", "positive": true}}, {"model": "Customer.positivesymptoms", "pk": 4558, "fields": {"symptom": 22, "customer": 157, "date": "2023-05-06", "positive": true}}, {"model": "Customer.positivesymptoms", "pk": 4559, "fields": {"symptom": 36, "customer": 157, "date": "2023-05-05", "positive": true}}, {"model": "Customer.positivesymptoms", "pk": 4560, "fields": {"symptom": 8, "customer": 157, "date": "2023-05-04", "positive": true}}, {"model": "Customer.positivesymptoms", "pk": 4561, "fields": {"symptom": 56, "customer": 157, "date": "2023-05-03", "positive": true}}, {"model": "Customer.positivesymptoms", "pk": 4562, "fields": {"symptom": 55, "customer": 157, "date": "2023-05-02", "positive": true}}, {"model": "Customer.positivesymptoms", "pk": 4563, "fields": {"symptom": 41, "customer": 157, "date": "2023-05-01", "positive": true}}, {"model": "Customer.positivesymptoms", "pk": 4564, "fields": {"symptom": 46, "customer": 157, "date": "2023-05-09", "positive": true}}, {"model": "Customer.positivesymptoms", "pk": 4565, "fields": {"symptom": 30, "customer": 157, "date": "2023-05-11", "positive": true}}, {"model": "Customer.positivesymptoms", "pk": 4566, "fields": {"symptom": 16, "customer": 157, "date": "2023-05-11", "positive": true}}, {"model": "Customer.positivesymptoms", "pk": 4567, "fields": {"symptom": 16, "customer": 157, "date": "2023-05-18", "positive": true}}, {"model": "Customer.positivesymptoms", "pk": 4568, "fields": {"symptom": 16, "customer": 159, "date": "2023-05-18", "positive": true}}, {"model": "Customer.positivesymptoms", "pk": 4569, "fields": {"symptom": 50, "customer": 157, "date": "2023-05-22", "positive": true}}, {"model": "Customer.positivesymptoms", "pk": 4570, "fields": {"symptom": 30, "customer": 157, "date": "2023-05-22", "positive": true}}, {"model": "Customer.positivesymptoms", "pk": 4571, "fields": {"symptom": 60, "customer": 157, "date": "2023-05-22", "positive": true}}, {"model": "Customer.positivesymptoms", "pk": 4572, "fields": {"symptom": 7, "customer": 157, "date": "2023-05-22", "positive": true}}, {"model": "Customer.positivesymptoms", "pk": 4573, "fields": {"symptom": 16, "customer": 157, "date": "2023-05-22", "positive": true}}, {"model": "Customer.positivesymptoms", "pk": 4574, "fields": {"symptom": 34, "customer": 157, "date": "2023-05-21", "positive": true}}, {"model": "Customer.positivesymptoms", "pk": 4575, "fields": {"symptom": 60, "customer": 157, "date": "2023-05-20", "positive": true}}, {"model": "Customer.positivesymptoms", "pk": 4576, "fields": {"symptom": 5, "customer": 157, "date": "2023-05-19", "positive": true}}, {"model": "Customer.positivesymptoms", "pk": 4577, "fields": {"symptom": 11, "customer": 157, "date": "2023-05-23", "positive": true}}, {"model": "Customer.positivesymptoms", "pk": 4578, "fields": {"symptom": 16, "customer": 157, "date": "2023-05-25", "positive": true}}, {"model": "Customer.positivesymptoms", "pk": 4579, "fields": {"symptom": 30, "customer": 157, "date": "2023-05-28", "positive": true}}, {"model": "Customer.positivesymptoms", "pk": 4580, "fields": {"symptom": 60, "customer": 157, "date": "2023-05-28", "positive": true}}, {"model": "Customer.positivesymptoms", "pk": 4581, "fields": {"symptom": 60, "customer": 165, "date": "2023-05-28", "positive": true}}, {"model": "Customer.positivesymptoms", "pk": 4582, "fields": {"symptom": 60, "customer": 152, "date": "2023-05-28", "positive": true}}, {"model": "Customer.positivesymptoms", "pk": 4583, "fields": {"symptom": 60, "customer": 158, "date": "2023-05-28", "positive": true}}, {"model": "Customer.positivesymptoms", "pk": 4584, "fields": {"symptom": 16, "customer": 157, "date": "2023-06-01", "positive": true}}, {"model": "Customer.positivesymptoms", "pk": 4585, "fields": {"symptom": 9, "customer": 157, "date": "2023-06-05", "positive": false}}, {"model": "Customer.positivesymptoms", "pk": 4586, "fields": {"symptom": 17, "customer": 157, "date": "2023-06-03", "positive": true}}, {"model": "Customer.positivesymptoms", "pk": 4587, "fields": {"symptom": 56, "customer": 157, "date": "2023-06-03", "positive": true}}, {"model": "Customer.positivesymptoms", "pk": 4588, "fields": {"symptom": 15, "customer": 157, "date": "2023-06-04", "positive": true}}, {"model": "Customer.positivesymptoms", "pk": 4589, "fields": {"symptom": 16, "customer": 157, "date": "2023-06-05", "positive": true}}, {"model": "Customer.positivesymptoms", "pk": 4590, "fields": {"symptom": 7, "customer": 157, "date": "2023-06-08", "positive": true}}, {"model": "Customer.positivesymptoms", "pk": 4591, "fields": {"symptom": 22, "customer": 157, "date": "2023-06-08", "positive": true}}, {"model": "Customer.positivesymptoms", "pk": 4592, "fields": {"symptom": 16, "customer": 157, "date": "2023-06-09", "positive": true}}, {"model": "Customer.positivesymptoms", "pk": 4593, "fields": {"symptom": 17, "customer": 167, "date": "2023-06-11", "positive": true}}, {"model": "Customer.positivesymptoms", "pk": 4594, "fields": {"symptom": 2, "customer": 167, "date": "2023-06-11", "positive": true}}, {"model": "Customer.positivesymptoms", "pk": 4595, "fields": {"symptom": 40, "customer": 157, "date": "2023-06-11", "positive": true}}, {"model": "Customer.positivesymptoms", "pk": 4596, "fields": {"symptom": 51, "customer": 157, "date": "2023-06-11", "positive": true}}, {"model": "Customer.positivesymptoms", "pk": 4597, "fields": {"symptom": 23, "customer": 157, "date": "2023-06-11", "positive": true}}, {"model": "Customer.positivesymptoms", "pk": 4598, "fields": {"symptom": 17, "customer": 157, "date": "2023-06-13", "positive": true}}, {"model": "Customer.positivesymptoms", "pk": 4599, "fields": {"symptom": 60, "customer": 157, "date": "2023-06-14", "positive": true}}, {"model": "Customer.positivesymptoms", "pk": 4600, "fields": {"symptom": 60, "customer": 168, "date": "2023-06-14", "positive": true}}, {"model": "Customer.positivesymptoms", "pk": 4601, "fields": {"symptom": 33, "customer": 152, "date": "2023-06-14", "positive": true}}, {"model": "Customer.positivesymptoms", "pk": 4602, "fields": {"symptom": 47, "customer": 152, "date": "2023-06-14", "positive": false}}, {"model": "Customer.positivesymptoms", "pk": 4603, "fields": {"symptom": 60, "customer": 158, "date": "2023-06-14", "positive": true}}, {"model": "Customer.positivesymptoms", "pk": 4604, "fields": {"symptom": 60, "customer": 152, "date": "2023-06-14", "positive": true}}, {"model": "Customer.positivesymptoms", "pk": 4605, "fields": {"symptom": 60, "customer": 159, "date": "2023-06-14", "positive": true}}, {"model": "Customer.positivesymptoms", "pk": 4606, "fields": {"symptom": 16, "customer": 157, "date": "2023-06-16", "positive": true}}, {"model": "Customer.positivesymptoms", "pk": 4607, "fields": {"symptom": 16, "customer": 157, "date": "2023-06-20", "positive": true}}, {"model": "Customer.positivesymptoms", "pk": 4608, "fields": {"symptom": 51, "customer": 172, "date": "2023-06-23", "positive": true}}, {"model": "Customer.positivesymptoms", "pk": 4609, "fields": {"symptom": 37, "customer": 172, "date": "2023-06-23", "positive": true}}, {"model": "Customer.positivesymptoms", "pk": 4610, "fields": {"symptom": 50, "customer": 167, "date": "2023-06-23", "positive": true}}, {"model": "Customer.positivesymptoms", "pk": 4611, "fields": {"symptom": 50, "customer": 168, "date": "2023-06-23", "positive": true}}, {"model": "Customer.positivesymptoms", "pk": 4612, "fields": {"symptom": 56, "customer": 171, "date": "2023-06-23", "positive": true}}, {"model": "Customer.positivesymptoms", "pk": 4613, "fields": {"symptom": 50, "customer": 164, "date": "2023-06-23", "positive": true}}, {"model": "Customer.positivesymptoms", "pk": 4614, "fields": {"symptom": 50, "customer": 152, "date": "2023-06-23", "positive": true}}, {"model": "Customer.positivesymptoms", "pk": 4615, "fields": {"symptom": 50, "customer": 170, "date": "2023-06-24", "positive": true}}, {"model": "Customer.positivesymptoms", "pk": 4616, "fields": {"symptom": 17, "customer": 183, "date": "2023-06-27", "positive": true}}, {"model": "Customer.positivesymptoms", "pk": 4617, "fields": {"symptom": 4, "customer": 171, "date": "2023-06-27", "positive": true}}, {"model": "Customer.positivesymptoms", "pk": 4618, "fields": {"symptom": 18, "customer": 171, "date": "2023-06-27", "positive": true}}, {"model": "Customer.positivesymptoms", "pk": 4619, "fields": {"symptom": 46, "customer": 171, "date": "2023-06-27", "positive": true}}, {"model": "Customer.positivesymptoms", "pk": 4620, "fields": {"symptom": 42, "customer": 171, "date": "2023-06-27", "positive": true}}, {"model": "Customer.symptomsinput", "pk": 2, "fields": {"customer": 22, "date": "2022-01-15", "others": "78", "bloodSugar": "0.00", "bloodPressure": "0.00", "weight": "0.00"}}, {"model": "Customer.symptomsinput", "pk": 3, "fields": {"customer": 22, "date": "2022-04-07", "others": null, "bloodSugar": "230.00", "bloodPressure": "136.00", "weight": "65.00"}}, {"model": "Customer.symptomsinput", "pk": 4, "fields": {"customer": 22, "date": "2022-04-21", "others": null, "bloodSugar": "130.00", "bloodPressure": "136.00", "weight": "65.00"}}, {"model": "Customer.symptomsinput", "pk": 5, "fields": {"customer": 22, "date": "2022-04-22", "others": null, "bloodSugar": "0.00", "bloodPressure": "0.00", "weight": "0.00"}}, {"model": "Customer.symptomsinput", "pk": 6, "fields": {"customer": 22, "date": "2022-04-26", "others": null, "bloodSugar": "66.00", "bloodPressure": "52.00", "weight": "52.00"}}, {"model": "Customer.symptomsinput", "pk": 7, "fields": {"customer": 22, "date": "2022-04-28", "others": null, "bloodSugar": "99.00", "bloodPressure": "110.00", "weight": "65.00"}}, {"model": "Customer.symptomsinput", "pk": 8, "fields": {"customer": 22, "date": "2022-04-29", "others": null, "bloodSugar": "99.00", "bloodPressure": "110.00", "weight": "65.00"}}, {"model": "Customer.symptomsinput", "pk": 9, "fields": {"customer": 22, "date": "2022-05-02", "others": "", "bloodSugar": null, "bloodPressure": "200.00", "weight": "0.00"}}, {"model": "Customer.symptomsinput", "pk": 10, "fields": {"customer": 22, "date": "2022-05-10", "others": null, "bloodSugar": "230.00", "bloodPressure": "234.00", "weight": "65.00"}}, {"model": "Customer.symptomsinput", "pk": 11, "fields": {"customer": 22, "date": "2022-05-25", "others": null, "bloodSugar": "0.00", "bloodPressure": "0.00", "weight": "0.00"}}, {"model": "Customer.symptomsinput", "pk": 13, "fields": {"customer": 22, "date": "2022-06-08", "others": null, "bloodSugar": "230.00", "bloodPressure": "110.00", "weight": "65.00"}}, {"model": "Customer.symptomsinput", "pk": 14, "fields": {"customer": 22, "date": "2022-06-12", "others": null, "bloodSugar": "130.00", "bloodPressure": "136.00", "weight": "65.00"}}, {"model": "Customer.symptomsinput", "pk": 15, "fields": {"customer": 22, "date": "2022-06-11", "others": null, "bloodSugar": "0.00", "bloodPressure": "0.00", "weight": "0.00"}}, {"model": "Customer.symptomsinput", "pk": 16, "fields": {"customer": 22, "date": "2022-06-14", "others": null, "bloodSugar": "99.00", "bloodPressure": "110.00", "weight": "65.00"}}, {"model": "Customer.symptomsinput", "pk": 17, "fields": {"customer": 22, "date": "2022-06-15", "others": null, "bloodSugar": "0.00", "bloodPressure": "0.00", "weight": "0.00"}}, {"model": "Customer.symptomsinput", "pk": 24, "fields": {"customer": 22, "date": "2022-07-21", "others": null, "bloodSugar": "0.00", "bloodPressure": "0.00", "weight": "0.00"}}, {"model": "Customer.symptomsinput", "pk": 27, "fields": {"customer": 22, "date": "2022-07-22", "others": null, "bloodSugar": "130.00", "bloodPressure": "110.00", "weight": "54.00"}}, {"model": "Customer.symptomsinput", "pk": 28, "fields": {"customer": 22, "date": "2022-07-25", "others": "65", "bloodSugar": "130.00", "bloodPressure": "110.00", "weight": "0.00"}}, {"model": "Customer.symptomsinput", "pk": 31, "fields": {"customer": 22, "date": "2022-08-08", "others": "65", "bloodSugar": "130.00", "bloodPressure": "136.00", "weight": "0.00"}}, {"model": "Customer.symptomsinput", "pk": 32, "fields": {"customer": 22, "date": "2022-08-09", "others": "65", "bloodSugar": "130.00", "bloodPressure": "136.00", "weight": "0.00"}}, {"model": "Customer.symptomsinput", "pk": 33, "fields": {"customer": 22, "date": "2022-08-11", "others": "65", "bloodSugar": "130.00", "bloodPressure": "136.00", "weight": "0.00"}}, {"model": "Customer.symptomsinput", "pk": 34, "fields": {"customer": 22, "date": "2022-08-13", "others": "55", "bloodSugar": "230.00", "bloodPressure": "52.00", "weight": "0.00"}}, {"model": "Customer.symptomsinput", "pk": 35, "fields": {"customer": 22, "date": "2022-08-17", "others": "65", "bloodSugar": "200.00", "bloodPressure": "136.00", "weight": "0.00"}}, {"model": "Customer.symptomsinput", "pk": 36, "fields": {"customer": 22, "date": "2022-08-19", "others": "65", "bloodSugar": "130.00", "bloodPressure": "136.00", "weight": "0.00"}}, {"model": "Customer.symptomsinput", "pk": 37, "fields": {"customer": 22, "date": "2022-08-22", "others": "65", "bloodSugar": "130.00", "bloodPressure": "234.00", "weight": "0.00"}}, {"model": "Customer.symptomsinput", "pk": 39, "fields": {"customer": 22, "date": "2022-08-30", "others": "65", "bloodSugar": "130.00", "bloodPressure": "110.00", "weight": "0.00"}}, {"model": "Customer.symptomsinput", "pk": 40, "fields": {"customer": 22, "date": "2022-08-31", "others": "56", "bloodSugar": "122.00", "bloodPressure": "122.00", "weight": "0.00"}}, {"model": "Customer.symptomsinput", "pk": 41, "fields": {"customer": 22, "date": "2022-09-20", "others": "65", "bloodSugar": "122.00", "bloodPressure": "110.00", "weight": "0.00"}}, {"model": "Customer.symptomsinput", "pk": 42, "fields": {"customer": 22, "date": "2022-09-21", "others": "65", "bloodSugar": "130.00", "bloodPressure": "110.00", "weight": "0.00"}}, {"model": "Customer.symptomsinput", "pk": 43, "fields": {"customer": 22, "date": "2022-09-24", "others": "65", "bloodSugar": "130.00", "bloodPressure": "110.00", "weight": "0.00"}}, {"model": "Customer.symptomsinput", "pk": 44, "fields": {"customer": 22, "date": "2022-09-26", "others": "65", "bloodSugar": "130.00", "bloodPressure": "110.00", "weight": "0.00"}}, {"model": "Customer.symptomsinput", "pk": 45, "fields": {"customer": 22, "date": "2022-10-01", "others": "65", "bloodSugar": "130.00", "bloodPressure": "110.00", "weight": "0.00"}}, {"model": "Customer.symptomsinput", "pk": 46, "fields": {"customer": 22, "date": "2022-10-03", "others": "65", "bloodSugar": "130.00", "bloodPressure": "136.00", "weight": "0.00"}}, {"model": "Customer.symptomsinput", "pk": 47, "fields": {"customer": 22, "date": "2022-10-06", "others": null, "bloodSugar": "0.00", "bloodPressure": "0.00", "weight": "0.00"}}, {"model": "Customer.symptomsinput", "pk": 48, "fields": {"customer": 22, "date": "2022-10-11", "others": "65", "bloodSugar": "130.00", "bloodPressure": "110.00", "weight": "0.00"}}, {"model": "Customer.symptomsinput", "pk": 49, "fields": {"customer": 22, "date": "2022-10-14", "others": "65", "bloodSugar": "130.00", "bloodPressure": "110.00", "weight": "0.00"}}, {"model": "Customer.symptomsinput", "pk": 51, "fields": {"customer": 22, "date": "2022-10-17", "others": null, "bloodSugar": "0.00", "bloodPressure": "0.00", "weight": "0.00"}}, {"model": "Customer.symptomsinput", "pk": 52, "fields": {"customer": 22, "date": "2022-12-14", "others": "55", "bloodSugar": "200.00", "bloodPressure": "99.00", "weight": "0.00"}}, {"model": "Customer.symptomsinput", "pk": 53, "fields": {"customer": 22, "date": "2022-12-13", "others": "55", "bloodSugar": "99.00", "bloodPressure": "80.00", "weight": "0.00"}}, {"model": "Customer.symptomsinput", "pk": 54, "fields": {"customer": 22, "date": "2022-12-12", "others": "55", "bloodSugar": "230.00", "bloodPressure": "52.00", "weight": "0.00"}}, {"model": "Customer.symptomsinput", "pk": 55, "fields": {"customer": 22, "date": "2022-12-10", "others": "55", "bloodSugar": "230.00", "bloodPressure": "80.00", "weight": "0.00"}}, {"model": "Customer.symptomsinput", "pk": 56, "fields": {"customer": 22, "date": "2022-12-09", "others": "55", "bloodSugar": "230.00", "bloodPressure": "52.00", "weight": "0.00"}}, {"model": "Customer.symptomsinput", "pk": 57, "fields": {"customer": 22, "date": "2022-12-08", "others": null, "bloodSugar": "0.00", "bloodPressure": "0.00", "weight": "0.00"}}, {"model": "Customer.symptomsinput", "pk": 58, "fields": {"customer": 22, "date": "2022-12-07", "others": null, "bloodSugar": "0.00", "bloodPressure": "0.00", "weight": "0.00"}}, {"model": "Customer.symptomsinput", "pk": 59, "fields": {"customer": 22, "date": "2023-02-07", "others": null, "bloodSugar": "0.00", "bloodPressure": "0.00", "weight": "0.00"}}, {"model": "Customer.symptomsinput", "pk": 60, "fields": {"customer": 22, "date": "2023-02-18", "others": null, "bloodSugar": "0.00", "bloodPressure": "0.00", "weight": "0.00"}}, {"model": "Customer.customsymptoms", "pk": 1, "fields": {"customer": 22, "name": "empty custom symptom"}}, {"model": "Customer.customsymptoms", "pk": 2, "fields": {"customer": 22, "name": "empty custom symptom"}}, {"model": "Customer.customsymptoms", "pk": 3, "fields": {"customer": 22, "name": "empty custom symptom"}}, {"model": "Customer.customsymptoms", "pk": 4, "fields": {"customer": 22, "name": "empty custom symptom"}}, {"model": "Customer.customsymptoms", "pk": 5, "fields": {"customer": 22, "name": "empty custom symptom"}}, {"model": "Customer.customsymptoms", "pk": 6, "fields": {"customer": 22, "name": "empty custom symptom"}}, {"model": "Customer.customsymptoms", "pk": 7, "fields": {"customer": 22, "name": "empty custom symptom"}}, {"model": "Customer.customsymptoms", "pk": 8, "fields": {"customer": 22, "name": "empty custom symptom"}}, {"model": "Customer.customsymptoms", "pk": 9, "fields": {"customer": 22, "name": "empty custom symptom"}}, {"model": "Customer.customsymptoms", "pk": 10, "fields": {"customer": 22, "name": "empty custom symptom"}}, {"model": "Customer.customsymptoms", "pk": 11, "fields": {"customer": 22, "name": "fever"}}, {"model": "Customer.customsymptoms", "pk": 12, "fields": {"customer": 22, "name": "cold"}}, {"model": "Customer.customsymptoms", "pk": 13, "fields": {"customer": 22, "name": "empty custom symptom"}}, {"model": "Customer.customsymptoms", "pk": 14, "fields": {"customer": 22, "name": "empty custom symptom"}}, {"model": "Customer.customsymptoms", "pk": 15, "fields": {"customer": 22, "name": "empty custom symptom"}}, {"model": "Customer.customsymptoms", "pk": 16, "fields": {"customer": 22, "name": "empty custom symptom"}}, {"model": "Customer.customsymptoms", "pk": 17, "fields": {"customer": 22, "name": "hell"}}, {"model": "Customer.customsymptoms", "pk": 18, "fields": {"customer": 22, "name": "sdsds"}}, {"model": "Customer.customsymptoms", "pk": 19, "fields": {"customer": 22, "name": "dfdfd"}}, {"model": "Customer.customsymptoms", "pk": 20, "fields": {"customer": 22, "name": "empty custom symptom"}}, {"model": "Customer.customsymptoms", "pk": 21, "fields": {"customer": 22, "name": "empty custom symptom"}}, {"model": "Customer.customsymptoms", "pk": 23, "fields": {"customer": 22, "name": "pain"}}, {"model": "Customer.customsymptoms", "pk": 28, "fields": {"customer": 22, "name": "Pain2"}}, {"model": "Customer.customsymptoms", "pk": 29, "fields": {"customer": 22, "name": "fever"}}, {"model": "Customer.customsymptoms", "pk": 30, "fields": {"customer": 22, "name": "empty custom symptom"}}, {"model": "Customer.customsymptoms", "pk": 31, "fields": {"customer": 22, "name": "empty custom symptom"}}, {"model": "Customer.customsymptoms", "pk": 32, "fields": {"customer": 22, "name": "empty custom symptom"}}, {"model": "Customer.customsymptoms", "pk": 33, "fields": {"customer": 22, "name": "empty custom symptom"}}, {"model": "Customer.customsymptoms", "pk": 34, "fields": {"customer": 22, "name": "empty custom symptom"}}, {"model": "Customer.customsymptoms", "pk": 35, "fields": {"customer": 22, "name": "empty custom symptom"}}, {"model": "Customer.positivecustomsymptoms", "pk": 1, "fields": {"symptom": 1, "date": "2022-06-22", "positive": true}}, {"model": "Customer.positivecustomsymptoms", "pk": 2, "fields": {"symptom": 12, "date": "2022-06-22", "positive": true}}, {"model": "Customer.positivecustomsymptoms", "pk": 3, "fields": {"symptom": 1, "date": "2022-07-25", "positive": false}}, {"model": "Customer.positivecustomsymptoms", "pk": 4, "fields": {"symptom": 18, "date": "2022-09-26", "positive": true}}, {"model": "Customer.positivecustomsymptoms", "pk": 5, "fields": {"symptom": 1, "date": "2023-01-24", "positive": false}}, {"model": "Customer.positivecustomsymptoms", "pk": 6, "fields": {"symptom": 2, "date": "2023-01-24", "positive": true}}, {"model": "Customer.positivecustomsymptoms", "pk": 7, "fields": {"symptom": 3, "date": "2023-01-24", "positive": true}}, {"model": "Customer.positivecustomsymptoms", "pk": 8, "fields": {"symptom": 29, "date": "2023-01-24", "positive": true}}, {"model": "Customer.positivecustomsymptoms", "pk": 9, "fields": {"symptom": 28, "date": "2023-01-24", "positive": true}}, {"model": "Customer.positivecustomsymptoms", "pk": 10, "fields": {"symptom": 12, "date": "2023-03-22", "positive": true}}, {"model": "Customer.positivecustomsymptoms", "pk": 11, "fields": {"symptom": 11, "date": "2023-03-22", "positive": true}}, {"model": "Customer.positivecustomsymptoms", "pk": 12, "fields": {"symptom": 11, "date": "2023-03-20", "positive": true}}, {"model": "Customer.exercises", "pk": 9, "fields": {"stage": 1, "name": "Marching", "disabled": false}}, {"model": "Customer.exercises", "pk": 10, "fields": {"stage": 4, "name": "Marching", "disabled": false}}, {"model": "Customer.exercises", "pk": 12, "fields": {"stage": 5, "name": "Marching", "disabled": false}}, {"model": "Customer.exercises", "pk": 13, "fields": {"stage": 6, "name": "Marching", "disabled": false}}, {"model": "Customer.exercises", "pk": 14, "fields": {"stage": 7, "name": "Marching", "disabled": false}}, {"model": "Customer.exercises", "pk": 15, "fields": {"stage": 9, "name": "Marching", "disabled": false}}, {"model": "Customer.exercises", "pk": 16, "fields": {"stage": 3, "name": "Shoulder rolling(Front and Back) ", "disabled": false}}, {"model": "Customer.exercises", "pk": 17, "fields": {"stage": 4, "name": "Shoulder Rolling ", "disabled": false}}, {"model": "Customer.exercises", "pk": 18, "fields": {"stage": 5, "name": "Shoulder Rolling ", "disabled": false}}, {"model": "Customer.exercises", "pk": 19, "fields": {"stage": 6, "name": "Shoulder Rolling ", "disabled": false}}, {"model": "Customer.exercises", "pk": 20, "fields": {"stage": 8, "name": "Shoulder Rolling ", "disabled": false}}, {"model": "Customer.exercises", "pk": 21, "fields": {"stage": 9, "name": "Shoulder Rolling ", "disabled": false}}, {"model": "Customer.exercises", "pk": 22, "fields": {"stage": 10, "name": "Shoulder Rolling ", "disabled": false}}, {"model": "Customer.exercises", "pk": 23, "fields": {"stage": 2, "name": "Tap side to side", "disabled": false}}, {"model": "Customer.exercises", "pk": 24, "fields": {"stage": 3, "name": "Tap side to side", "disabled": false}}, {"model": "Customer.exercises", "pk": 27, "fields": {"stage": 2, "name": "Lean side to side", "disabled": false}}, {"model": "Customer.exercises", "pk": 28, "fields": {"stage": 3, "name": "Lean side to side", "disabled": false}}, {"model": "Customer.exercises", "pk": 29, "fields": {"stage": 3, "name": "Tap back and front", "disabled": false}}, {"model": "Customer.exercises", "pk": 30, "fields": {"stage": 2, "name": "Tap back and front", "disabled": false}}, {"model": "Customer.exercises", "pk": 32, "fields": {"stage": 1, "name": "Test6", "disabled": true}}, {"model": "Customer.exercises", "pk": 33, "fields": {"stage": 3, "name": "Squats ", "disabled": false}}, {"model": "Customer.exercises", "pk": 34, "fields": {"stage": 2, "name": "Biceps crawl", "disabled": false}}, {"model": "Customer.exercises", "pk": 35, "fields": {"stage": 3, "name": "Biceps crawl", "disabled": false}}, {"model": "Customer.exercises", "pk": 36, "fields": {"stage": 3, "name": "Lifting and lowering knees with elbow support ", "disabled": false}}, {"model": "Customer.exercises", "pk": 37, "fields": {"stage": 2, "name": "Lifting and lowering knees with elbow support ", "disabled": false}}, {"model": "Customer.exercises", "pk": 38, "fields": {"stage": 2, "name": "Extend and flex knees in quadripod", "disabled": false}}, {"model": "Customer.exercises", "pk": 39, "fields": {"stage": 3, "name": "Extend and flex knees in quadripod", "disabled": false}}, {"model": "Customer.exercises", "pk": 40, "fields": {"stage": 3, "name": "Pushing knees in quadripod", "disabled": false}}, {"model": "Customer.exercises", "pk": 41, "fields": {"stage": 2, "name": "Pushing knees in quadripod", "disabled": false}}, {"model": "Customer.exercises", "pk": 42, "fields": {"stage": 2, "name": "Side plank", "disabled": false}}, {"model": "Customer.exercises", "pk": 43, "fields": {"stage": 3, "name": "Side plank", "disabled": false}}, {"model": "Customer.exercises", "pk": 44, "fields": {"stage": 3, "name": "Lunges ", "disabled": false}}, {"model": "Customer.exercises", "pk": 45, "fields": {"stage": 2, "name": "Lunges ", "disabled": false}}, {"model": "Customer.exercises", "pk": 46, "fields": {"stage": 2, "name": "Cat and cow exercise ", "disabled": false}}, {"model": "Customer.exercises", "pk": 47, "fields": {"stage": 3, "name": "Cat and cow exercise ", "disabled": false}}, {"model": "Customer.exercises", "pk": 48, "fields": {"stage": 3, "name": "Breathing exercise in Yoga", "disabled": false}}, {"model": "Customer.exercises", "pk": 49, "fields": {"stage": 1, "name": "Squat", "disabled": true}}, {"model": "Customer.exercises", "pk": 50, "fields": {"stage": 1, "name": "Shoulder rolling(front and back)", "disabled": true}}, {"model": "Customer.exercises", "pk": 51, "fields": {"stage": 1, "name": "Tap side to side", "disabled": true}}, {"model": "Customer.exercises", "pk": 52, "fields": {"stage": 2, "name": "Breathing exercise in Yoga", "disabled": false}}, {"model": "Customer.exercises", "pk": 54, "fields": {"stage": 3, "name": "Bird dog", "disabled": false}}, {"model": "Customer.exercises", "pk": 55, "fields": {"stage": 1, "name": "Bird dog", "disabled": true}}, {"model": "Customer.exercises", "pk": 56, "fields": {"stage": 2, "name": "Bird dog", "disabled": false}}, {"model": "Customer.exercises", "pk": 58, "fields": {"stage": 2, "name": "Walking for few min", "disabled": false}}, {"model": "Customer.exercises", "pk": 59, "fields": {"stage": 3, "name": "Walking for few min", "disabled": false}}, {"model": "Customer.exercises", "pk": 60, "fields": {"stage": 2, "name": "Cool down", "disabled": false}}, {"model": "Customer.exercises", "pk": 61, "fields": {"stage": 3, "name": "Cool down", "disabled": false}}, {"model": "Customer.exercises", "pk": 62, "fields": {"stage": 4, "name": "Turning knees(with trunk rotation) ", "disabled": false}}, {"model": "Customer.exercises", "pk": 63, "fields": {"stage": 5, "name": "Turning knees(with trunk rotation) ", "disabled": false}}, {"model": "Customer.exercises", "pk": 64, "fields": {"stage": 6, "name": "Turning knees(with trunk rotation) ", "disabled": false}}, {"model": "Customer.exercises", "pk": 65, "fields": {"stage": 7, "name": "Turning knees(with trunk rotation) ", "disabled": false}}, {"model": "Customer.exercises", "pk": 66, "fields": {"stage": 7, "name": "Knees up nd down", "disabled": false}}, {"model": "Customer.exercises", "pk": 67, "fields": {"stage": 6, "name": "Knees up nd down", "disabled": false}}, {"model": "Customer.exercises", "pk": 68, "fields": {"stage": 5, "name": "Knees up nd down", "disabled": false}}, {"model": "Customer.exercises", "pk": 69, "fields": {"stage": 4, "name": "Knees up nd down", "disabled": false}}, {"model": "Customer.exercises", "pk": 70, "fields": {"stage": 4, "name": "Squats with little rotation ", "disabled": false}}, {"model": "Customer.exercises", "pk": 71, "fields": {"stage": 5, "name": "Squats with little rotation ", "disabled": false}}, {"model": "Customer.exercises", "pk": 72, "fields": {"stage": 6, "name": "Squats with little rotation ", "disabled": false}}, {"model": "Customer.exercises", "pk": 73, "fields": {"stage": 7, "name": "Squats with little rotation ", "disabled": false}}, {"model": "Customer.exercises", "pk": 74, "fields": {"stage": 7, "name": "Squats with dropping down and rotating up", "disabled": false}}, {"model": "Customer.exercises", "pk": 75, "fields": {"stage": 6, "name": "Squats with dropping down and rotating up", "disabled": false}}, {"model": "Customer.exercises", "pk": 76, "fields": {"stage": 5, "name": "Squats with dropping down and rotating up", "disabled": false}}, {"model": "Customer.exercises", "pk": 77, "fields": {"stage": 4, "name": "Squats with dropping down and rotating up", "disabled": false}}, {"model": "Customer.exercises", "pk": 78, "fields": {"stage": 4, "name": "Walk forward and back", "disabled": false}}, {"model": "Customer.exercises", "pk": 79, "fields": {"stage": 5, "name": "Walk forward and back", "disabled": false}}, {"model": "Customer.exercises", "pk": 80, "fields": {"stage": 6, "name": "Walk forward and back", "disabled": false}}, {"model": "Customer.exercises", "pk": 81, "fields": {"stage": 7, "name": "Walk forward and back", "disabled": false}}, {"model": "Customer.exercises", "pk": 82, "fields": {"stage": 7, "name": "Plie squats ", "disabled": false}}, {"model": "Customer.exercises", "pk": 83, "fields": {"stage": 6, "name": "Plie squats ", "disabled": false}}, {"model": "Customer.exercises", "pk": 84, "fields": {"stage": 5, "name": "Plie squats ", "disabled": false}}, {"model": "Customer.exercises", "pk": 85, "fields": {"stage": 4, "name": "Plie squats ", "disabled": false}}, {"model": "Customer.exercises", "pk": 87, "fields": {"stage": 4, "name": "Press up and down on knees ", "disabled": false}}, {"model": "Customer.exercises", "pk": 88, "fields": {"stage": 5, "name": "Press up and down on knees ", "disabled": false}}, {"model": "Customer.exercises", "pk": 89, "fields": {"stage": 6, "name": "Press up and down on knees ", "disabled": false}}, {"model": "Customer.exercises", "pk": 90, "fields": {"stage": 7, "name": "Press up and down on knees ", "disabled": false}}, {"model": "Customer.exercises", "pk": 91, "fields": {"stage": 7, "name": "Breathing exercises ", "disabled": false}}, {"model": "Customer.exercises", "pk": 92, "fields": {"stage": 6, "name": "Breathing exercises ", "disabled": false}}, {"model": "Customer.exercises", "pk": 93, "fields": {"stage": 5, "name": "Breathing exercises ", "disabled": false}}, {"model": "Customer.exercises", "pk": 94, "fields": {"stage": 4, "name": "Breathing exercises ", "disabled": false}}, {"model": "Customer.exercises", "pk": 96, "fields": {"stage": 5, "name": "Little and mild crunch in standing ", "disabled": false}}, {"model": "Customer.exercises", "pk": 97, "fields": {"stage": 4, "name": "Little and mild crunch in standing ", "disabled": false}}, {"model": "Customer.exercises", "pk": 100, "fields": {"stage": 6, "name": "Little and mild crunch in standing ", "disabled": false}}, {"model": "Customer.exercises", "pk": 101, "fields": {"stage": 7, "name": "Little and mild crunch in standing ", "disabled": false}}, {"model": "Customer.exercises", "pk": 104, "fields": {"stage": 7, "name": "Squat with wood chop", "disabled": false}}, {"model": "Customer.exercises", "pk": 105, "fields": {"stage": 6, "name": "Squat with wood chop", "disabled": false}}, {"model": "Customer.exercises", "pk": 106, "fields": {"stage": 5, "name": "Squat with wood chop", "disabled": false}}, {"model": "Customer.exercises", "pk": 107, "fields": {"stage": 3, "name": "Squat with wood chop", "disabled": false}}, {"model": "Customer.exercises", "pk": 108, "fields": {"stage": 4, "name": "Squat with wood chop", "disabled": false}}, {"model": "Customer.exercises", "pk": 114, "fields": {"stage": 4, "name": "Side to side crunch ", "disabled": false}}, {"model": "Customer.exercises", "pk": 115, "fields": {"stage": 5, "name": "Side to side crunch ", "disabled": false}}, {"model": "Customer.exercises", "pk": 116, "fields": {"stage": 6, "name": "Side to side crunch ", "disabled": false}}, {"model": "Customer.exercises", "pk": 117, "fields": {"stage": 7, "name": "Side to side crunch ", "disabled": false}}, {"model": "Customer.exercises", "pk": 118, "fields": {"stage": 7, "name": "Wall planks(mild)(heels raise) ", "disabled": false}}, {"model": "Customer.exercises", "pk": 119, "fields": {"stage": 6, "name": "Wall planks(mild)(heels raise) ", "disabled": false}}, {"model": "Customer.exercises", "pk": 120, "fields": {"stage": 5, "name": "Wall planks(mild)(heels raise) ", "disabled": false}}, {"model": "Customer.exercises", "pk": 121, "fields": {"stage": 4, "name": "Wall planks(mild)(heels raise) ", "disabled": false}}, {"model": "Customer.exercises", "pk": 122, "fields": {"stage": 4, "name": "Mild bridging exercise ", "disabled": false}}, {"model": "Customer.exercises", "pk": 123, "fields": {"stage": 5, "name": "Mild bridging exercise ", "disabled": false}}, {"model": "Customer.exercises", "pk": 124, "fields": {"stage": 6, "name": "Mild bridging exercise ", "disabled": false}}, {"model": "Customer.exercises", "pk": 125, "fields": {"stage": 7, "name": "Mild bridging exercise ", "disabled": false}}, {"model": "Customer.exercises", "pk": 126, "fields": {"stage": 7, "name": "Side plank (balance on knees) ", "disabled": false}}, {"model": "Customer.exercises", "pk": 127, "fields": {"stage": 6, "name": "Side plank (balance on knees) ", "disabled": false}}, {"model": "Customer.exercises", "pk": 128, "fields": {"stage": 5, "name": "Side plank (balance on knees) ", "disabled": false}}, {"model": "Customer.exercises", "pk": 129, "fields": {"stage": 4, "name": "Side plank (balance on knees) ", "disabled": false}}, {"model": "Customer.exercises", "pk": 130, "fields": {"stage": 4, "name": "Breathing in quadripod", "disabled": false}}, {"model": "Customer.exercises", "pk": 131, "fields": {"stage": 5, "name": "Breathing in quadripod", "disabled": false}}, {"model": "Customer.exercises", "pk": 132, "fields": {"stage": 6, "name": "Breathing in quadripod", "disabled": false}}, {"model": "Customer.exercises", "pk": 133, "fields": {"stage": 7, "name": "Breathing in quadripod", "disabled": false}}, {"model": "Customer.exercises", "pk": 134, "fields": {"stage": 7, "name": "Bird dog", "disabled": false}}, {"model": "Customer.exercises", "pk": 135, "fields": {"stage": 6, "name": "Bird dog", "disabled": false}}, {"model": "Customer.exercises", "pk": 136, "fields": {"stage": 5, "name": "Bird dog", "disabled": false}}, {"model": "Customer.exercises", "pk": 137, "fields": {"stage": 4, "name": "Bird dog", "disabled": false}}, {"model": "Customer.exercises", "pk": 138, "fields": {"stage": 4, "name": "Child pose", "disabled": false}}, {"model": "Customer.exercises", "pk": 139, "fields": {"stage": 5, "name": "Child pose", "disabled": false}}, {"model": "Customer.exercises", "pk": 140, "fields": {"stage": 7, "name": "Child pose", "disabled": false}}, {"model": "Customer.exercises", "pk": 141, "fields": {"stage": 8, "name": "Child pose", "disabled": false}}, {"model": "Customer.exercises", "pk": 142, "fields": {"stage": 8, "name": "Marching", "disabled": false}}, {"model": "Customer.exercises", "pk": 144, "fields": {"stage": 10, "name": "Marching", "disabled": false}}, {"model": "Customer.exercises", "pk": 145, "fields": {"stage": 10, "name": "Shoulder rolling ", "disabled": false}}, {"model": "Customer.exercises", "pk": 146, "fields": {"stage": 9, "name": "Shoulder rolling ", "disabled": false}}, {"model": "Customer.exercises", "pk": 147, "fields": {"stage": 8, "name": "Shoulder rolling ", "disabled": false}}, {"model": "Customer.exercises", "pk": 148, "fields": {"stage": 8, "name": "Heel taps ", "disabled": true}}, {"model": "Customer.exercises", "pk": 149, "fields": {"stage": 9, "name": "Heel taps ", "disabled": false}}, {"model": "Customer.exercises", "pk": 150, "fields": {"stage": 10, "name": "Heel taps ", "disabled": false}}, {"model": "Customer.exercises", "pk": 151, "fields": {"stage": 10, "name": "Little reaches turning in knees and hips", "disabled": false}}, {"model": "Customer.exercises", "pk": 152, "fields": {"stage": 9, "name": "Little reaches turning in knees and hips", "disabled": false}}, {"model": "Customer.exercises", "pk": 153, "fields": {"stage": 8, "name": "Little reaches turning in knees and hips", "disabled": true}}, {"model": "Customer.exercises", "pk": 156, "fields": {"stage": 8, "name": "Knee raises ", "disabled": true}}, {"model": "Customer.exercises", "pk": 157, "fields": {"stage": 9, "name": "Knee raises ", "disabled": false}}, {"model": "Customer.exercises", "pk": 158, "fields": {"stage": 10, "name": "Knee raises ", "disabled": false}}, {"model": "Customer.exercises", "pk": 159, "fields": {"stage": 10, "name": "Wide squat with toe taps", "disabled": false}}, {"model": "Customer.exercises", "pk": 160, "fields": {"stage": 9, "name": "Wide squat with toe taps", "disabled": false}}, {"model": "Customer.exercises", "pk": 161, "fields": {"stage": 8, "name": "Wide squat with toe taps", "disabled": true}}, {"model": "Customer.exercises", "pk": 162, "fields": {"stage": 8, "name": "Walking at diagnol and tap", "disabled": true}}, {"model": "Customer.exercises", "pk": 163, "fields": {"stage": 9, "name": "Walking at diagnol and tap", "disabled": false}}, {"model": "Customer.exercises", "pk": 164, "fields": {"stage": 10, "name": "Walking at diagnol and tap", "disabled": false}}, {"model": "Customer.exercises", "pk": 165, "fields": {"stage": 10, "name": "Jog at diagonal and tap", "disabled": false}}, {"model": "Customer.exercises", "pk": 166, "fields": {"stage": 9, "name": "Jog at diagonal and tap", "disabled": false}}, {"model": "Customer.exercises", "pk": 167, "fields": {"stage": 8, "name": "Jog at diagonal and tap", "disabled": false}}, {"model": "Customer.exercises", "pk": 168, "fields": {"stage": 8, "name": "Wide plie", "disabled": false}}, {"model": "Customer.exercises", "pk": 169, "fields": {"stage": 9, "name": "Wide plie", "disabled": false}}, {"model": "Customer.exercises", "pk": 170, "fields": {"stage": 10, "name": "Wide plie", "disabled": false}}, {"model": "Customer.exercises", "pk": 171, "fields": {"stage": 10, "name": "Tapping and pushing legs", "disabled": false}}, {"model": "Customer.exercises", "pk": 172, "fields": {"stage": 9, "name": "Tapping and pushing legs", "disabled": false}}, {"model": "Customer.exercises", "pk": 173, "fields": {"stage": 8, "name": "Tapping and pushing legs", "disabled": false}}, {"model": "Customer.exercises", "pk": 174, "fields": {"stage": 8, "name": "Little lunges ", "disabled": false}}, {"model": "Customer.exercises", "pk": 175, "fields": {"stage": 9, "name": "Little lunges ", "disabled": false}}, {"model": "Customer.exercises", "pk": 176, "fields": {"stage": 10, "name": "Little lunges ", "disabled": false}}, {"model": "Customer.exercises", "pk": 177, "fields": {"stage": 10, "name": "Wall squats and hold for sec", "disabled": false}}, {"model": "Customer.exercises", "pk": 178, "fields": {"stage": 9, "name": "Wall squats and hold for sec", "disabled": false}}, {"model": "Customer.exercises", "pk": 179, "fields": {"stage": 8, "name": "Wall squats and hold for sec", "disabled": false}}, {"model": "Customer.exercises", "pk": 180, "fields": {"stage": 8, "name": "Straight leg lift and down with chair support ", "disabled": false}}, {"model": "Customer.exercises", "pk": 181, "fields": {"stage": 9, "name": "Straight leg lift and down with chair support ", "disabled": false}}, {"model": "Customer.exercises", "pk": 183, "fields": {"stage": 9, "name": "Scissor leg stretch ", "disabled": false}}, {"model": "Customer.exercises", "pk": 184, "fields": {"stage": 10, "name": "Scissor leg stretch ", "disabled": false}}, {"model": "Customer.exercises", "pk": 185, "fields": {"stage": 8, "name": "Scissor leg stretch ", "disabled": false}}, {"model": "Customer.exercises", "pk": 186, "fields": {"stage": 10, "name": "Straight leg lift and down with chair support ", "disabled": false}}, {"model": "Customer.exercises", "pk": 188, "fields": {"stage": 9, "name": "Cat and cow pose", "disabled": false}}, {"model": "Customer.exercises", "pk": 189, "fields": {"stage": 10, "name": "Cat and cow pose", "disabled": false}}, {"model": "Customer.exercises", "pk": 190, "fields": {"stage": 8, "name": "Cat and cow pose", "disabled": false}}, {"model": "Customer.exercises", "pk": 191, "fields": {"stage": 8, "name": "Kegel exercises ", "disabled": false}}, {"model": "Customer.exercises", "pk": 192, "fields": {"stage": 9, "name": "Kegel exercises ", "disabled": false}}, {"model": "Customer.exercises", "pk": 193, "fields": {"stage": 10, "name": "Kegel exercises ", "disabled": false}}, {"model": "Customer.exercises", "pk": 194, "fields": {"stage": 10, "name": "Breathing exercises ", "disabled": false}}, {"model": "Customer.exercises", "pk": 195, "fields": {"stage": 9, "name": "Breathing exercises ", "disabled": false}}, {"model": "Customer.exercises", "pk": 196, "fields": {"stage": 8, "name": "Breathing exercises ", "disabled": false}}, {"model": "Customer.exercises", "pk": 197, "fields": {"stage": 8, "name": "Walking ", "disabled": false}}, {"model": "Customer.exercises", "pk": 198, "fields": {"stage": 9, "name": "Walking ", "disabled": false}}, {"model": "Customer.exercises", "pk": 199, "fields": {"stage": 10, "name": "Walking ", "disabled": false}}, {"model": "Customer.exercises", "pk": 200, "fields": {"stage": 10, "name": "Relax positions ", "disabled": false}}, {"model": "Customer.exercises", "pk": 201, "fields": {"stage": 9, "name": "Relax positions ", "disabled": false}}, {"model": "Customer.exercises", "pk": 202, "fields": {"stage": 8, "name": "Relax positions ", "disabled": false}}, {"model": "Customer.exercises", "pk": 205, "fields": {"stage": 1, "name": "Lean side to side", "disabled": true}}, {"model": "Customer.exercises", "pk": 206, "fields": {"stage": 1, "name": "Tap back and front", "disabled": true}}, {"model": "Customer.exercises", "pk": 208, "fields": {"stage": 1, "name": "Biceps crawl", "disabled": false}}, {"model": "Customer.exercises", "pk": 209, "fields": {"stage": 1, "name": "Lifting and lowering knees with elbow support ", "disabled": false}}, {"model": "Customer.exercises", "pk": 210, "fields": {"stage": 1, "name": "Extend and flex knees in quadripod", "disabled": false}}, {"model": "Customer.exercises", "pk": 211, "fields": {"stage": 1, "name": "Pushing knees in quadripod", "disabled": false}}, {"model": "Customer.exercises", "pk": 213, "fields": {"stage": 1, "name": "Side plank", "disabled": false}}, {"model": "Customer.exercises", "pk": 214, "fields": {"stage": 1, "name": "Lunges ", "disabled": false}}, {"model": "Customer.exercises", "pk": 215, "fields": {"stage": 1, "name": "Cat and cow exercise ", "disabled": false}}, {"model": "Customer.exercises", "pk": 216, "fields": {"stage": 1, "name": "Breathing Exercise in yoga", "disabled": false}}, {"model": "Customer.exercises", "pk": 218, "fields": {"stage": 1, "name": "Walking for few min", "disabled": false}}, {"model": "Customer.exercises", "pk": 219, "fields": {"stage": 1, "name": "Cool down", "disabled": false}}, {"model": "Customer.exercises", "pk": 232, "fields": {"stage": 8, "name": "Squat", "disabled": false}}, {"model": "Customer.exercises", "pk": 233, "fields": {"stage": 8, "name": "Running 5", "disabled": false}}, {"model": "Customer.completedexercises", "pk": 3, "fields": {"customer": 22, "exercise": 10, "completed": false, "date": "2022-01-17"}}, {"model": "Customer.completedexercises", "pk": 4, "fields": {"customer": 22, "exercise": 10, "completed": true, "date": "2022-01-24"}}, {"model": "Customer.completedexercises", "pk": 5, "fields": {"customer": 22, "exercise": 14, "completed": true, "date": "2022-03-26"}}, {"model": "Customer.completedexercises", "pk": 6, "fields": {"customer": 22, "exercise": 82, "completed": true, "date": "2022-03-26"}}, {"model": "Customer.completedexercises", "pk": 7, "fields": {"customer": 22, "exercise": 117, "completed": true, "date": "2022-03-27"}}, {"model": "Customer.completedexercises", "pk": 8, "fields": {"customer": 22, "exercise": 101, "completed": true, "date": "2022-03-27"}}, {"model": "Customer.completedexercises", "pk": 9, "fields": {"customer": 22, "exercise": 90, "completed": true, "date": "2022-03-27"}}, {"model": "Customer.completedexercises", "pk": 10, "fields": {"customer": 22, "exercise": 81, "completed": true, "date": "2022-03-27"}}, {"model": "Customer.completedexercises", "pk": 11, "fields": {"customer": 22, "exercise": 82, "completed": true, "date": "2022-03-27"}}, {"model": "Customer.completedexercises", "pk": 12, "fields": {"customer": 22, "exercise": 91, "completed": true, "date": "2022-03-27"}}, {"model": "Customer.completedexercises", "pk": 13, "fields": {"customer": 22, "exercise": 104, "completed": true, "date": "2022-03-27"}}, {"model": "Customer.completedexercises", "pk": 14, "fields": {"customer": 22, "exercise": 74, "completed": false, "date": "2022-03-27"}}, {"model": "Customer.completedexercises", "pk": 15, "fields": {"customer": 22, "exercise": 66, "completed": true, "date": "2022-03-27"}}, {"model": "Customer.completedexercises", "pk": 16, "fields": {"customer": 22, "exercise": 73, "completed": true, "date": "2022-03-27"}}, {"model": "Customer.completedexercises", "pk": 17, "fields": {"customer": 22, "exercise": 65, "completed": true, "date": "2022-03-27"}}, {"model": "Customer.completedexercises", "pk": 18, "fields": {"customer": 22, "exercise": 14, "completed": true, "date": "2022-03-27"}}, {"model": "Customer.completedexercises", "pk": 19, "fields": {"customer": 22, "exercise": 14, "completed": true, "date": "2022-03-22"}}, {"model": "Customer.completedexercises", "pk": 20, "fields": {"customer": 22, "exercise": 81, "completed": true, "date": "2022-03-24"}}, {"model": "Customer.completedexercises", "pk": 21, "fields": {"customer": 22, "exercise": 66, "completed": true, "date": "2022-03-28"}}, {"model": "Customer.completedexercises", "pk": 22, "fields": {"customer": 22, "exercise": 14, "completed": true, "date": "2022-03-25"}}, {"model": "Customer.completedexercises", "pk": 23, "fields": {"customer": 22, "exercise": 65, "completed": true, "date": "2022-03-29"}}, {"model": "Customer.completedexercises", "pk": 24, "fields": {"customer": 22, "exercise": 14, "completed": true, "date": "2022-03-30"}}, {"model": "Customer.completedexercises", "pk": 25, "fields": {"customer": 22, "exercise": 140, "completed": true, "date": "2022-04-02"}}, {"model": "Customer.completedexercises", "pk": 26, "fields": {"customer": 22, "exercise": 14, "completed": true, "date": "2022-04-07"}}, {"model": "Customer.completedexercises", "pk": 27, "fields": {"customer": 22, "exercise": 20, "completed": true, "date": "2022-04-16"}}, {"model": "Customer.completedexercises", "pk": 28, "fields": {"customer": 22, "exercise": 153, "completed": true, "date": "2022-04-16"}}, {"model": "Customer.completedexercises", "pk": 29, "fields": {"customer": 22, "exercise": 147, "completed": true, "date": "2022-04-21"}}, {"model": "Customer.completedexercises", "pk": 30, "fields": {"customer": 22, "exercise": 232, "completed": false, "date": "2022-04-23"}}, {"model": "Customer.completedexercises", "pk": 31, "fields": {"customer": 22, "exercise": 197, "completed": true, "date": "2022-04-23"}}, {"model": "Customer.completedexercises", "pk": 32, "fields": {"customer": 22, "exercise": 20, "completed": false, "date": "2022-04-23"}}, {"model": "Customer.completedexercises", "pk": 33, "fields": {"customer": 22, "exercise": 20, "completed": true, "date": "2022-04-25"}}, {"model": "Customer.completedexercises", "pk": 34, "fields": {"customer": 22, "exercise": 141, "completed": false, "date": "2022-04-25"}}, {"model": "Customer.completedexercises", "pk": 35, "fields": {"customer": 22, "exercise": 20, "completed": true, "date": "2022-04-26"}}, {"model": "Customer.completedexercises", "pk": 36, "fields": {"customer": 22, "exercise": 191, "completed": true, "date": "2022-04-26"}}, {"model": "Customer.completedexercises", "pk": 37, "fields": {"customer": 22, "exercise": 196, "completed": true, "date": "2022-04-26"}}, {"model": "Customer.completedexercises", "pk": 38, "fields": {"customer": 22, "exercise": 185, "completed": true, "date": "2022-04-26"}}, {"model": "Customer.completedexercises", "pk": 39, "fields": {"customer": 22, "exercise": 167, "completed": true, "date": "2022-04-26"}}, {"model": "Customer.completedexercises", "pk": 40, "fields": {"customer": 22, "exercise": 142, "completed": true, "date": "2022-04-26"}}, {"model": "Customer.completedexercises", "pk": 41, "fields": {"customer": 22, "exercise": 174, "completed": true, "date": "2022-04-26"}}, {"model": "Customer.completedexercises", "pk": 42, "fields": {"customer": 22, "exercise": 141, "completed": true, "date": "2022-04-26"}}, {"model": "Customer.completedexercises", "pk": 43, "fields": {"customer": 22, "exercise": 232, "completed": true, "date": "2022-04-28"}}, {"model": "Customer.completedexercises", "pk": 44, "fields": {"customer": 22, "exercise": 141, "completed": true, "date": "2022-04-28"}}, {"model": "Customer.completedexercises", "pk": 45, "fields": {"customer": 22, "exercise": 232, "completed": true, "date": "2022-04-29"}}, {"model": "Customer.completedexercises", "pk": 46, "fields": {"customer": 22, "exercise": 141, "completed": true, "date": "2022-04-29"}}, {"model": "Customer.completedexercises", "pk": 47, "fields": {"customer": 22, "exercise": 141, "completed": true, "date": "2022-04-30"}}, {"model": "Customer.completedexercises", "pk": 48, "fields": {"customer": 22, "exercise": 20, "completed": true, "date": "2022-05-02"}}, {"model": "Customer.completedexercises", "pk": 49, "fields": {"customer": 22, "exercise": 142, "completed": true, "date": "2022-05-10"}}, {"model": "Customer.completedexercises", "pk": 50, "fields": {"customer": 22, "exercise": 15, "completed": true, "date": "2022-05-16"}}, {"model": "Customer.completedexercises", "pk": 51, "fields": {"customer": 22, "exercise": 21, "completed": true, "date": "2022-05-16"}}, {"model": "Customer.completedexercises", "pk": 53, "fields": {"customer": 22, "exercise": 15, "completed": true, "date": "2022-05-19"}}, {"model": "Customer.completedexercises", "pk": 54, "fields": {"customer": 22, "exercise": 21, "completed": true, "date": "2022-05-19"}}, {"model": "Customer.completedexercises", "pk": 55, "fields": {"customer": 22, "exercise": 146, "completed": true, "date": "2022-05-19"}}, {"model": "Customer.completedexercises", "pk": 56, "fields": {"customer": 22, "exercise": 21, "completed": true, "date": "2022-05-23"}}, {"model": "Customer.completedexercises", "pk": 57, "fields": {"customer": 22, "exercise": 149, "completed": true, "date": "2022-05-23"}}, {"model": "Customer.completedexercises", "pk": 58, "fields": {"customer": 22, "exercise": 157, "completed": true, "date": "2022-05-23"}}, {"model": "Customer.completedexercises", "pk": 59, "fields": {"customer": 22, "exercise": 160, "completed": true, "date": "2022-05-23"}}, {"model": "Customer.completedexercises", "pk": 60, "fields": {"customer": 22, "exercise": 15, "completed": true, "date": "2022-05-25"}}, {"model": "Customer.completedexercises", "pk": 61, "fields": {"customer": 22, "exercise": 21, "completed": true, "date": "2022-05-25"}}, {"model": "Customer.completedexercises", "pk": 62, "fields": {"customer": 22, "exercise": 146, "completed": true, "date": "2022-05-25"}}, {"model": "Customer.completedexercises", "pk": 63, "fields": {"customer": 22, "exercise": 201, "completed": true, "date": "2022-05-25"}}, {"model": "Customer.completedexercises", "pk": 64, "fields": {"customer": 22, "exercise": 15, "completed": true, "date": "2022-05-28"}}, {"model": "Customer.completedexercises", "pk": 65, "fields": {"customer": 22, "exercise": 172, "completed": false, "date": "2022-05-31"}}, {"model": "Customer.completedexercises", "pk": 66, "fields": {"customer": 22, "exercise": 152, "completed": true, "date": "2022-06-03"}}, {"model": "Customer.completedexercises", "pk": 67, "fields": {"customer": 22, "exercise": 149, "completed": true, "date": "2022-06-06"}}, {"model": "Customer.completedexercises", "pk": 68, "fields": {"customer": 22, "exercise": 163, "completed": true, "date": "2022-06-06"}}, {"model": "Customer.completedexercises", "pk": 69, "fields": {"customer": 22, "exercise": 15, "completed": true, "date": "2022-06-07"}}, {"model": "Customer.completedexercises", "pk": 70, "fields": {"customer": 22, "exercise": 21, "completed": true, "date": "2022-06-07"}}, {"model": "Customer.completedexercises", "pk": 71, "fields": {"customer": 22, "exercise": 21, "completed": true, "date": "2022-06-08"}}, {"model": "Customer.completedexercises", "pk": 72, "fields": {"customer": 22, "exercise": 152, "completed": true, "date": "2022-06-08"}}, {"model": "Customer.completedexercises", "pk": 73, "fields": {"customer": 22, "exercise": 166, "completed": true, "date": "2022-06-08"}}, {"model": "Customer.completedexercises", "pk": 74, "fields": {"customer": 22, "exercise": 149, "completed": true, "date": "2022-06-08"}}, {"model": "Customer.completedexercises", "pk": 75, "fields": {"customer": 22, "exercise": 146, "completed": true, "date": "2022-06-08"}}, {"model": "Customer.completedexercises", "pk": 76, "fields": {"customer": 22, "exercise": 160, "completed": true, "date": "2022-06-08"}}, {"model": "Customer.completedexercises", "pk": 77, "fields": {"customer": 22, "exercise": 15, "completed": true, "date": "2022-06-10"}}, {"model": "Customer.completedexercises", "pk": 78, "fields": {"customer": 22, "exercise": 21, "completed": true, "date": "2022-06-10"}}, {"model": "Customer.completedexercises", "pk": 79, "fields": {"customer": 22, "exercise": 146, "completed": true, "date": "2022-06-10"}}, {"model": "Customer.completedexercises", "pk": 80, "fields": {"customer": 22, "exercise": 22, "completed": true, "date": "2022-06-11"}}, {"model": "Customer.completedexercises", "pk": 81, "fields": {"customer": 22, "exercise": 144, "completed": true, "date": "2022-06-11"}}, {"model": "Customer.completedexercises", "pk": 82, "fields": {"customer": 22, "exercise": 22, "completed": true, "date": "2022-06-13"}}, {"model": "Customer.completedexercises", "pk": 83, "fields": {"customer": 22, "exercise": 144, "completed": true, "date": "2022-06-13"}}, {"model": "Customer.completedexercises", "pk": 84, "fields": {"customer": 22, "exercise": 19, "completed": true, "date": "2022-06-14"}}, {"model": "Customer.completedexercises", "pk": 85, "fields": {"customer": 22, "exercise": 83, "completed": true, "date": "2022-06-14"}}, {"model": "Customer.completedexercises", "pk": 86, "fields": {"customer": 22, "exercise": 135, "completed": true, "date": "2022-06-14"}}, {"model": "Customer.completedexercises", "pk": 91, "fields": {"customer": 22, "exercise": 14, "completed": true, "date": "2022-06-22"}}, {"model": "Customer.completedexercises", "pk": 92, "fields": {"customer": 22, "exercise": 65, "completed": true, "date": "2022-06-22"}}, {"model": "Customer.completedexercises", "pk": 93, "fields": {"customer": 22, "exercise": 101, "completed": true, "date": "2022-06-22"}}, {"model": "Customer.completedexercises", "pk": 94, "fields": {"customer": 22, "exercise": 134, "completed": true, "date": "2022-06-22"}}, {"model": "Customer.completedexercises", "pk": 95, "fields": {"customer": 22, "exercise": 66, "completed": true, "date": "2022-06-22"}}, {"model": "Customer.completedexercises", "pk": 96, "fields": {"customer": 22, "exercise": 73, "completed": true, "date": "2022-06-24"}}, {"model": "Customer.completedexercises", "pk": 97, "fields": {"customer": 22, "exercise": 82, "completed": true, "date": "2022-06-24"}}, {"model": "Customer.completedexercises", "pk": 98, "fields": {"customer": 22, "exercise": 101, "completed": true, "date": "2022-06-24"}}, {"model": "Customer.completedexercises", "pk": 99, "fields": {"customer": 22, "exercise": 118, "completed": true, "date": "2022-06-24"}}, {"model": "Customer.completedexercises", "pk": 100, "fields": {"customer": 22, "exercise": 74, "completed": true, "date": "2022-06-24"}}, {"model": "Customer.completedexercises", "pk": 101, "fields": {"customer": 22, "exercise": 90, "completed": true, "date": "2022-06-24"}}, {"model": "Customer.completedexercises", "pk": 102, "fields": {"customer": 22, "exercise": 65, "completed": true, "date": "2022-06-25"}}, {"model": "Customer.completedexercises", "pk": 109, "fields": {"customer": 22, "exercise": 14, "completed": true, "date": "2022-07-07"}}, {"model": "Customer.completedexercises", "pk": 239, "fields": {"customer": 22, "exercise": 20, "completed": true, "date": "2022-07-21"}}, {"model": "Customer.completedexercises", "pk": 240, "fields": {"customer": 22, "exercise": 141, "completed": true, "date": "2022-07-21"}}, {"model": "Customer.completedexercises", "pk": 241, "fields": {"customer": 22, "exercise": 142, "completed": true, "date": "2022-07-21"}}, {"model": "Customer.completedexercises", "pk": 254, "fields": {"customer": 22, "exercise": 197, "completed": true, "date": "2022-07-22"}}, {"model": "Customer.completedexercises", "pk": 255, "fields": {"customer": 22, "exercise": 196, "completed": true, "date": "2022-07-22"}}, {"model": "Customer.completedexercises", "pk": 256, "fields": {"customer": 22, "exercise": 141, "completed": true, "date": "2022-07-22"}}, {"model": "Customer.completedexercises", "pk": 272, "fields": {"customer": 22, "exercise": 142, "completed": true, "date": "2022-07-25"}}, {"model": "Customer.completedexercises", "pk": 273, "fields": {"customer": 22, "exercise": 196, "completed": true, "date": "2022-07-25"}}, {"model": "Customer.completedexercises", "pk": 274, "fields": {"customer": 22, "exercise": 173, "completed": false, "date": "2022-07-25"}}, {"model": "Customer.completedexercises", "pk": 279, "fields": {"customer": 22, "exercise": 167, "completed": true, "date": "2022-07-26"}}, {"model": "Customer.completedexercises", "pk": 280, "fields": {"customer": 22, "exercise": 174, "completed": true, "date": "2022-07-26"}}, {"model": "Customer.completedexercises", "pk": 308, "fields": {"customer": 22, "exercise": 20, "completed": true, "date": "2022-08-08"}}, {"model": "Customer.completedexercises", "pk": 309, "fields": {"customer": 22, "exercise": 142, "completed": true, "date": "2022-08-08"}}, {"model": "Customer.completedexercises", "pk": 310, "fields": {"customer": 22, "exercise": 197, "completed": true, "date": "2022-08-08"}}, {"model": "Customer.completedexercises", "pk": 311, "fields": {"customer": 22, "exercise": 20, "completed": true, "date": "2022-08-09"}}, {"model": "Customer.completedexercises", "pk": 312, "fields": {"customer": 22, "exercise": 197, "completed": true, "date": "2022-08-09"}}, {"model": "Customer.completedexercises", "pk": 320, "fields": {"customer": 22, "exercise": 142, "completed": true, "date": "2022-08-10"}}, {"model": "Customer.completedexercises", "pk": 321, "fields": {"customer": 22, "exercise": 142, "completed": true, "date": "2022-08-11"}}, {"model": "Customer.completedexercises", "pk": 322, "fields": {"customer": 22, "exercise": 197, "completed": true, "date": "2022-08-11"}}, {"model": "Customer.completedexercises", "pk": 324, "fields": {"customer": 22, "exercise": 15, "completed": true, "date": "2022-08-13"}}, {"model": "Customer.completedexercises", "pk": 325, "fields": {"customer": 22, "exercise": 21, "completed": true, "date": "2022-08-13"}}, {"model": "Customer.completedexercises", "pk": 326, "fields": {"customer": 22, "exercise": 195, "completed": true, "date": "2022-08-13"}}, {"model": "Customer.completedexercises", "pk": 327, "fields": {"customer": 22, "exercise": 188, "completed": true, "date": "2022-08-13"}}, {"model": "Customer.completedexercises", "pk": 328, "fields": {"customer": 22, "exercise": 149, "completed": true, "date": "2022-08-16"}}, {"model": "Customer.completedexercises", "pk": 329, "fields": {"customer": 22, "exercise": 152, "completed": true, "date": "2022-08-17"}}, {"model": "Customer.completedexercises", "pk": 330, "fields": {"customer": 22, "exercise": 163, "completed": true, "date": "2022-08-17"}}, {"model": "Customer.completedexercises", "pk": 331, "fields": {"customer": 22, "exercise": 172, "completed": true, "date": "2022-08-17"}}, {"model": "Customer.completedexercises", "pk": 332, "fields": {"customer": 22, "exercise": 183, "completed": true, "date": "2022-08-17"}}, {"model": "Customer.completedexercises", "pk": 333, "fields": {"customer": 22, "exercise": 73, "completed": true, "date": "2022-08-16"}}, {"model": "Customer.completedexercises", "pk": 334, "fields": {"customer": 22, "exercise": 140, "completed": true, "date": "2022-08-16"}}, {"model": "Customer.completedexercises", "pk": 335, "fields": {"customer": 22, "exercise": 82, "completed": true, "date": "2022-08-16"}}, {"model": "Customer.completedexercises", "pk": 336, "fields": {"customer": 22, "exercise": 73, "completed": true, "date": "2022-08-17"}}, {"model": "Customer.completedexercises", "pk": 337, "fields": {"customer": 22, "exercise": 14, "completed": false, "date": "2022-08-16"}}, {"model": "Customer.completedexercises", "pk": 338, "fields": {"customer": 22, "exercise": 65, "completed": false, "date": "2022-08-16"}}, {"model": "Customer.completedexercises", "pk": 339, "fields": {"customer": 22, "exercise": 66, "completed": false, "date": "2022-08-16"}}, {"model": "Customer.completedexercises", "pk": 340, "fields": {"customer": 22, "exercise": 82, "completed": true, "date": "2022-08-18"}}, {"model": "Customer.completedexercises", "pk": 341, "fields": {"customer": 22, "exercise": 73, "completed": true, "date": "2022-08-18"}}, {"model": "Customer.completedexercises", "pk": 412, "fields": {"customer": 22, "exercise": 14, "completed": true, "date": "2022-08-19"}}, {"model": "Customer.completedexercises", "pk": 413, "fields": {"customer": 22, "exercise": 91, "completed": true, "date": "2022-08-19"}}, {"model": "Customer.completedexercises", "pk": 416, "fields": {"customer": 22, "exercise": 104, "completed": true, "date": "2022-08-22"}}, {"model": "Customer.completedexercises", "pk": 417, "fields": {"customer": 22, "exercise": 91, "completed": true, "date": "2022-08-22"}}, {"model": "Customer.completedexercises", "pk": 449, "fields": {"customer": 22, "exercise": 81, "completed": true, "date": "2022-08-26"}}, {"model": "Customer.completedexercises", "pk": 450, "fields": {"customer": 22, "exercise": 91, "completed": true, "date": "2022-08-26"}}, {"model": "Customer.completedexercises", "pk": 451, "fields": {"customer": 22, "exercise": 14, "completed": true, "date": "2022-08-26"}}, {"model": "Customer.completedexercises", "pk": 452, "fields": {"customer": 22, "exercise": 14, "completed": true, "date": "2022-08-30"}}, {"model": "Customer.completedexercises", "pk": 453, "fields": {"customer": 22, "exercise": 81, "completed": true, "date": "2022-08-30"}}, {"model": "Customer.completedexercises", "pk": 454, "fields": {"customer": 22, "exercise": 14, "completed": true, "date": "2022-08-31"}}, {"model": "Customer.completedexercises", "pk": 455, "fields": {"customer": 22, "exercise": 81, "completed": true, "date": "2022-08-31"}}, {"model": "Customer.completedexercises", "pk": 456, "fields": {"customer": 22, "exercise": 91, "completed": true, "date": "2022-08-31"}}, {"model": "Customer.completedexercises", "pk": 458, "fields": {"customer": 22, "exercise": 20, "completed": true, "date": "2022-09-10"}}, {"model": "Customer.completedexercises", "pk": 459, "fields": {"customer": 22, "exercise": 168, "completed": true, "date": "2022-09-10"}}, {"model": "Customer.completedexercises", "pk": 460, "fields": {"customer": 22, "exercise": 190, "completed": true, "date": "2022-09-10"}}, {"model": "Customer.completedexercises", "pk": 465, "fields": {"customer": 22, "exercise": 168, "completed": true, "date": "2022-09-20"}}, {"model": "Customer.completedexercises", "pk": 466, "fields": {"customer": 22, "exercise": 190, "completed": true, "date": "2022-09-21"}}, {"model": "Customer.completedexercises", "pk": 467, "fields": {"customer": 22, "exercise": 185, "completed": true, "date": "2022-09-21"}}, {"model": "Customer.completedexercises", "pk": 468, "fields": {"customer": 22, "exercise": 141, "completed": true, "date": "2022-09-23"}}, {"model": "Customer.completedexercises", "pk": 469, "fields": {"customer": 22, "exercise": 168, "completed": true, "date": "2022-09-23"}}, {"model": "Customer.completedexercises", "pk": 470, "fields": {"customer": 22, "exercise": 142, "completed": true, "date": "2022-09-23"}}, {"model": "Customer.completedexercises", "pk": 471, "fields": {"customer": 22, "exercise": 20, "completed": true, "date": "2022-09-23"}}, {"model": "Customer.completedexercises", "pk": 472, "fields": {"customer": 22, "exercise": 167, "completed": true, "date": "2022-09-23"}}, {"model": "Customer.completedexercises", "pk": 473, "fields": {"customer": 22, "exercise": 233, "completed": true, "date": "2022-09-23"}}, {"model": "Customer.completedexercises", "pk": 474, "fields": {"customer": 22, "exercise": 232, "completed": true, "date": "2022-09-23"}}, {"model": "Customer.completedexercises", "pk": 475, "fields": {"customer": 22, "exercise": 202, "completed": true, "date": "2022-09-23"}}, {"model": "Customer.completedexercises", "pk": 476, "fields": {"customer": 22, "exercise": 147, "completed": true, "date": "2022-09-23"}}, {"model": "Customer.completedexercises", "pk": 477, "fields": {"customer": 22, "exercise": 141, "completed": true, "date": "2022-09-24"}}, {"model": "Customer.completedexercises", "pk": 478, "fields": {"customer": 22, "exercise": 190, "completed": true, "date": "2022-09-24"}}, {"model": "Customer.completedexercises", "pk": 479, "fields": {"customer": 22, "exercise": 185, "completed": true, "date": "2022-09-26"}}, {"model": "Customer.completedexercises", "pk": 480, "fields": {"customer": 22, "exercise": 190, "completed": true, "date": "2022-09-26"}}, {"model": "Customer.completedexercises", "pk": 481, "fields": {"customer": 22, "exercise": 141, "completed": true, "date": "2022-10-01"}}, {"model": "Customer.completedexercises", "pk": 482, "fields": {"customer": 22, "exercise": 196, "completed": true, "date": "2022-10-01"}}, {"model": "Customer.completedexercises", "pk": 483, "fields": {"customer": 22, "exercise": 174, "completed": true, "date": "2022-10-03"}}, {"model": "Customer.completedexercises", "pk": 484, "fields": {"customer": 22, "exercise": 190, "completed": true, "date": "2022-10-03"}}, {"model": "Customer.completedexercises", "pk": 485, "fields": {"customer": 22, "exercise": 188, "completed": true, "date": "2022-10-11"}}, {"model": "Customer.completedexercises", "pk": 486, "fields": {"customer": 22, "exercise": 146, "completed": true, "date": "2022-10-11"}}, {"model": "Customer.completedexercises", "pk": 488, "fields": {"customer": 22, "exercise": 15, "completed": true, "date": "2022-10-12"}}, {"model": "Customer.completedexercises", "pk": 489, "fields": {"customer": 22, "exercise": 149, "completed": true, "date": "2022-10-12"}}, {"model": "Customer.completedexercises", "pk": 490, "fields": {"customer": 22, "exercise": 195, "completed": true, "date": "2022-10-14"}}, {"model": "Customer.completedexercises", "pk": 491, "fields": {"customer": 22, "exercise": 146, "completed": true, "date": "2022-10-14"}}, {"model": "Customer.completedexercises", "pk": 492, "fields": {"customer": 22, "exercise": 149, "completed": true, "date": "2022-10-16"}}, {"model": "Customer.completedexercises", "pk": 493, "fields": {"customer": 22, "exercise": 152, "completed": true, "date": "2022-10-17"}}, {"model": "Customer.completedexercises", "pk": 494, "fields": {"customer": 22, "exercise": 183, "completed": true, "date": "2022-10-17"}}, {"model": "Customer.completedexercises", "pk": 496, "fields": {"customer": 22, "exercise": 22, "completed": true, "date": "2022-11-01"}}, {"model": "Customer.completedexercises", "pk": 497, "fields": {"customer": 22, "exercise": 22, "completed": true, "date": "2022-11-07"}}, {"model": "Customer.completedexercises", "pk": 498, "fields": {"customer": 22, "exercise": 144, "completed": true, "date": "2022-11-07"}}, {"model": "Customer.completedexercises", "pk": 499, "fields": {"customer": 22, "exercise": 13, "completed": true, "date": "2022-11-15"}}, {"model": "Customer.completedexercises", "pk": 500, "fields": {"customer": 22, "exercise": 67, "completed": true, "date": "2022-11-15"}}, {"model": "Customer.completedexercises", "pk": 501, "fields": {"customer": 22, "exercise": 19, "completed": true, "date": "2022-11-15"}}, {"model": "Customer.completedexercises", "pk": 502, "fields": {"customer": 22, "exercise": 64, "completed": true, "date": "2022-11-15"}}, {"model": "Customer.completedexercises", "pk": 503, "fields": {"customer": 22, "exercise": 13, "completed": true, "date": "2022-11-17"}}, {"model": "Customer.completedexercises", "pk": 504, "fields": {"customer": 22, "exercise": 64, "completed": true, "date": "2022-11-17"}}, {"model": "Customer.completedexercises", "pk": 505, "fields": {"customer": 22, "exercise": 13, "completed": true, "date": "2022-11-22"}}, {"model": "Customer.completedexercises", "pk": 506, "fields": {"customer": 22, "exercise": 19, "completed": true, "date": "2022-11-22"}}, {"model": "Customer.completedexercises", "pk": 507, "fields": {"customer": 22, "exercise": 14, "completed": true, "date": "2022-12-11"}}, {"model": "Customer.completedexercises", "pk": 508, "fields": {"customer": 22, "exercise": 65, "completed": true, "date": "2022-12-11"}}, {"model": "Customer.completedexercises", "pk": 509, "fields": {"customer": 22, "exercise": 66, "completed": true, "date": "2022-12-11"}}, {"model": "Customer.completedexercises", "pk": 510, "fields": {"customer": 22, "exercise": 73, "completed": true, "date": "2022-12-11"}}, {"model": "Customer.completedexercises", "pk": 511, "fields": {"customer": 22, "exercise": 82, "completed": true, "date": "2022-12-14"}}, {"model": "Customer.completedexercises", "pk": 512, "fields": {"customer": 22, "exercise": 91, "completed": true, "date": "2022-12-14"}}, {"model": "Customer.completedexercises", "pk": 513, "fields": {"customer": 22, "exercise": 66, "completed": true, "date": "2022-12-14"}}, {"model": "Customer.completedexercises", "pk": 514, "fields": {"customer": 22, "exercise": 81, "completed": true, "date": "2022-12-14"}}, {"model": "Customer.completedexercises", "pk": 515, "fields": {"customer": 22, "exercise": 81, "completed": true, "date": "2022-12-13"}}, {"model": "Customer.completedexercises", "pk": 516, "fields": {"customer": 22, "exercise": 91, "completed": true, "date": "2022-12-13"}}, {"model": "Customer.completedexercises", "pk": 517, "fields": {"customer": 22, "exercise": 90, "completed": true, "date": "2022-12-13"}}, {"model": "Customer.completedexercises", "pk": 518, "fields": {"customer": 22, "exercise": 74, "completed": true, "date": "2022-12-13"}}, {"model": "Customer.completedexercises", "pk": 519, "fields": {"customer": 22, "exercise": 66, "completed": true, "date": "2022-12-12"}}, {"model": "Customer.completedexercises", "pk": 520, "fields": {"customer": 22, "exercise": 65, "completed": true, "date": "2022-12-12"}}, {"model": "Customer.completedexercises", "pk": 521, "fields": {"customer": 22, "exercise": 73, "completed": true, "date": "2022-12-12"}}, {"model": "Customer.completedexercises", "pk": 522, "fields": {"customer": 22, "exercise": 125, "completed": true, "date": "2022-12-11"}}, {"model": "Customer.completedexercises", "pk": 523, "fields": {"customer": 22, "exercise": 104, "completed": true, "date": "2022-12-11"}}, {"model": "Customer.completedexercises", "pk": 524, "fields": {"customer": 22, "exercise": 125, "completed": true, "date": "2022-12-10"}}, {"model": "Customer.completedexercises", "pk": 525, "fields": {"customer": 22, "exercise": 140, "completed": true, "date": "2022-12-09"}}, {"model": "Customer.completedexercises", "pk": 526, "fields": {"customer": 22, "exercise": 125, "completed": true, "date": "2022-12-08"}}, {"model": "Customer.completedexercises", "pk": 527, "fields": {"customer": 22, "exercise": 104, "completed": true, "date": "2022-12-08"}}, {"model": "Customer.completedexercises", "pk": 528, "fields": {"customer": 22, "exercise": 74, "completed": true, "date": "2022-12-07"}}, {"model": "Customer.completedexercises", "pk": 529, "fields": {"customer": 22, "exercise": 125, "completed": true, "date": "2022-12-07"}}, {"model": "Customer.completedexercises", "pk": 530, "fields": {"customer": 22, "exercise": 20, "completed": true, "date": "2022-12-30"}}, {"model": "Customer.completedexercises", "pk": 531, "fields": {"customer": 22, "exercise": 15, "completed": true, "date": "2023-01-21"}}, {"model": "Customer.completedexercises", "pk": 532, "fields": {"customer": 22, "exercise": 149, "completed": true, "date": "2023-01-21"}}, {"model": "Customer.completedexercises", "pk": 533, "fields": {"customer": 22, "exercise": 152, "completed": true, "date": "2023-01-21"}}, {"model": "Customer.completedexercises", "pk": 534, "fields": {"customer": 22, "exercise": 149, "completed": true, "date": "2023-01-23"}}, {"model": "Customer.completedexercises", "pk": 535, "fields": {"customer": 22, "exercise": 15, "completed": true, "date": "2023-01-23"}}, {"model": "Customer.completedexercises", "pk": 536, "fields": {"customer": 22, "exercise": 15, "completed": true, "date": "2023-01-24"}}, {"model": "Customer.completedexercises", "pk": 537, "fields": {"customer": 22, "exercise": 21, "completed": false, "date": "2023-01-24"}}, {"model": "Customer.completedexercises", "pk": 538, "fields": {"customer": 22, "exercise": 15, "completed": true, "date": "2023-01-29"}}, {"model": "Customer.completedexercises", "pk": 539, "fields": {"customer": 22, "exercise": 15, "completed": true, "date": "2023-01-31"}}, {"model": "Customer.completedexercises", "pk": 540, "fields": {"customer": 22, "exercise": 198, "completed": true, "date": "2023-02-07"}}, {"model": "Customer.completedexercises", "pk": 541, "fields": {"customer": 22, "exercise": 188, "completed": true, "date": "2023-02-10"}}, {"model": "Customer.completedexercises", "pk": 542, "fields": {"customer": 22, "exercise": 178, "completed": true, "date": "2023-02-10"}}, {"model": "Customer.completedexercises", "pk": 543, "fields": {"customer": 22, "exercise": 169, "completed": true, "date": "2023-02-10"}}, {"model": "Customer.completedexercises", "pk": 544, "fields": {"customer": 22, "exercise": 160, "completed": true, "date": "2023-02-10"}}, {"model": "Customer.completedexercises", "pk": 545, "fields": {"customer": 22, "exercise": 189, "completed": true, "date": "2023-02-18"}}, {"model": "Customer.completedexercises", "pk": 546, "fields": {"customer": 22, "exercise": 165, "completed": true, "date": "2023-02-18"}}, {"model": "Customer.completedexercises", "pk": 547, "fields": {"customer": 22, "exercise": 170, "completed": true, "date": "2023-02-18"}}, {"model": "Customer.completedexercises", "pk": 548, "fields": {"customer": 22, "exercise": 144, "completed": true, "date": "2023-03-07"}}, {"model": "Customer.completedexercises", "pk": 549, "fields": {"customer": 22, "exercise": 158, "completed": true, "date": "2023-03-07"}}, {"model": "Customer.completedexercises", "pk": 550, "fields": {"customer": 22, "exercise": 186, "completed": true, "date": "2023-03-07"}}, {"model": "Customer.completedexercises", "pk": 551, "fields": {"customer": 22, "exercise": 194, "completed": true, "date": "2023-03-07"}}, {"model": "Customer.completedexercises", "pk": 552, "fields": {"customer": 22, "exercise": 189, "completed": true, "date": "2023-03-07"}}, {"model": "Customer.completedexercises", "pk": 553, "fields": {"customer": 22, "exercise": 159, "completed": true, "date": "2023-03-06"}}, {"model": "Customer.completedexercises", "pk": 554, "fields": {"customer": 22, "exercise": 170, "completed": true, "date": "2023-03-06"}}, {"model": "Customer.completedexercises", "pk": 555, "fields": {"customer": 22, "exercise": 193, "completed": true, "date": "2023-03-24"}}, {"model": "Customer.completedexercises", "pk": 556, "fields": {"customer": 148, "exercise": 210, "completed": true, "date": "2023-03-31"}}, {"model": "Customer.completedexercises", "pk": 557, "fields": {"customer": 148, "exercise": 214, "completed": true, "date": "2023-03-31"}}, {"model": "Customer.completedexercises", "pk": 558, "fields": {"customer": 148, "exercise": 208, "completed": true, "date": "2023-04-08"}}, {"model": "Customer.completedexercises", "pk": 559, "fields": {"customer": 148, "exercise": 211, "completed": true, "date": "2023-04-08"}}, {"model": "Customer.completedexercises", "pk": 560, "fields": {"customer": 148, "exercise": 215, "completed": true, "date": "2023-04-08"}}, {"model": "Customer.completedexercises", "pk": 561, "fields": {"customer": 148, "exercise": 41, "completed": true, "date": "2023-04-11"}}, {"model": "Customer.completedexercises", "pk": 562, "fields": {"customer": 148, "exercise": 46, "completed": true, "date": "2023-04-11"}}, {"model": "Customer.completedexercises", "pk": 563, "fields": {"customer": 148, "exercise": 41, "completed": true, "date": "2023-04-13"}}, {"model": "Customer.completedexercises", "pk": 564, "fields": {"customer": 148, "exercise": 46, "completed": true, "date": "2023-04-13"}}, {"model": "Customer.completedexercises", "pk": 565, "fields": {"customer": 157, "exercise": 211, "completed": true, "date": "2023-04-17"}}, {"model": "Customer.completedexercises", "pk": 566, "fields": {"customer": 157, "exercise": 213, "completed": true, "date": "2023-04-18"}}, {"model": "Customer.completedexercises", "pk": 567, "fields": {"customer": 157, "exercise": 214, "completed": true, "date": "2023-04-19"}}, {"model": "Customer.completedexercises", "pk": 568, "fields": {"customer": 157, "exercise": 9, "completed": true, "date": "2023-04-20"}}, {"model": "Customer.completedexercises", "pk": 569, "fields": {"customer": 157, "exercise": 219, "completed": true, "date": "2023-04-21"}}, {"model": "Customer.completedexercises", "pk": 570, "fields": {"customer": 157, "exercise": 211, "completed": true, "date": "2023-04-24"}}, {"model": "Customer.completedexercises", "pk": 571, "fields": {"customer": 157, "exercise": 208, "completed": true, "date": "2023-04-25"}}, {"model": "Customer.completedexercises", "pk": 572, "fields": {"customer": 158, "exercise": 213, "completed": true, "date": "2023-04-25"}}, {"model": "Customer.completedexercises", "pk": 573, "fields": {"customer": 159, "exercise": 216, "completed": true, "date": "2023-04-25"}}, {"model": "Customer.completedexercises", "pk": 574, "fields": {"customer": 160, "exercise": 216, "completed": true, "date": "2023-04-25"}}, {"model": "Customer.completedexercises", "pk": 575, "fields": {"customer": 157, "exercise": 214, "completed": true, "date": "2023-05-04"}}, {"model": "Customer.completedexercises", "pk": 576, "fields": {"customer": 157, "exercise": 216, "completed": true, "date": "2023-05-04"}}, {"model": "Customer.completedexercises", "pk": 577, "fields": {"customer": 157, "exercise": 42, "completed": true, "date": "2023-05-08"}}, {"model": "Customer.completedexercises", "pk": 578, "fields": {"customer": 157, "exercise": 46, "completed": true, "date": "2023-05-07"}}, {"model": "Customer.completedexercises", "pk": 579, "fields": {"customer": 157, "exercise": 41, "completed": true, "date": "2023-05-06"}}, {"model": "Customer.completedexercises", "pk": 580, "fields": {"customer": 157, "exercise": 60, "completed": true, "date": "2023-05-05"}}, {"model": "Customer.completedexercises", "pk": 581, "fields": {"customer": 157, "exercise": 45, "completed": true, "date": "2023-05-04"}}, {"model": "Customer.completedexercises", "pk": 582, "fields": {"customer": 157, "exercise": 45, "completed": true, "date": "2023-05-03"}}, {"model": "Customer.completedexercises", "pk": 583, "fields": {"customer": 157, "exercise": 42, "completed": true, "date": "2023-05-02"}}, {"model": "Customer.completedexercises", "pk": 584, "fields": {"customer": 157, "exercise": 27, "completed": true, "date": "2023-05-01"}}, {"model": "Customer.completedexercises", "pk": 585, "fields": {"customer": 157, "exercise": 30, "completed": true, "date": "2023-05-09"}}, {"model": "Customer.completedexercises", "pk": 586, "fields": {"customer": 157, "exercise": 38, "completed": true, "date": "2023-05-09"}}, {"model": "Customer.completedexercises", "pk": 587, "fields": {"customer": 157, "exercise": 41, "completed": true, "date": "2023-05-22"}}, {"model": "Customer.completedexercises", "pk": 588, "fields": {"customer": 157, "exercise": 42, "completed": true, "date": "2023-05-22"}}, {"model": "Customer.completedexercises", "pk": 589, "fields": {"customer": 157, "exercise": 52, "completed": true, "date": "2023-05-21"}}, {"model": "Customer.completedexercises", "pk": 590, "fields": {"customer": 157, "exercise": 58, "completed": true, "date": "2023-05-20"}}, {"model": "Customer.completedexercises", "pk": 591, "fields": {"customer": 157, "exercise": 56, "completed": true, "date": "2023-05-19"}}, {"model": "Customer.completedexercises", "pk": 592, "fields": {"customer": 163, "exercise": 46, "completed": true, "date": "2023-05-22"}}, {"model": "Customer.completedexercises", "pk": 593, "fields": {"customer": 157, "exercise": 52, "completed": true, "date": "2023-05-23"}}, {"model": "Customer.completedexercises", "pk": 594, "fields": {"customer": 157, "exercise": 107, "completed": true, "date": "2023-06-05"}}, {"model": "Customer.completedexercises", "pk": 595, "fields": {"customer": 157, "exercise": 54, "completed": true, "date": "2023-06-08"}}, {"model": "Customer.completedexercises", "pk": 596, "fields": {"customer": 157, "exercise": 28, "completed": true, "date": "2023-06-07"}}, {"model": "Customer.completedexercises", "pk": 597, "fields": {"customer": 157, "exercise": 61, "completed": true, "date": "2023-06-06"}}, {"model": "Customer.completedexercises", "pk": 598, "fields": {"customer": 170, "exercise": 144, "completed": true, "date": "2023-06-23"}}, {"model": "Customer.completedexercises", "pk": 599, "fields": {"customer": 172, "exercise": 208, "completed": true, "date": "2023-06-23"}}, {"model": "Customer.completedexercises", "pk": 600, "fields": {"customer": 160, "exercise": 16, "completed": true, "date": "2023-06-23"}}, {"model": "Customer.completedexercises", "pk": 601, "fields": {"customer": 170, "exercise": 22, "completed": true, "date": "2023-06-24"}}, {"model": "Customer.completedexercises", "pk": 602, "fields": {"customer": 157, "exercise": 16, "completed": true, "date": "2023-07-02"}}, {"model": "Customer.exercisevideos", "pk": 1, "fields": {"stage": 2, "url": "https://www.youtube.com/embed/SqR-7VnVKmk"}}, {"model": "Customer.exercisevideos", "pk": 2, "fields": {"stage": 1, "url": "https://sukhprasavam.shebirth.com/customer/add-acivity-excersice-modules/"}}, {"model": "Customer.exercisevideos", "pk": 3, "fields": {"stage": 4, "url": "https://www.youtube.com/embed/SqR-7VnVKmk"}}, {"model": "Customer.exercisevideos", "pk": 4, "fields": {"stage": 5, "url": "https://www.youtube.com/embed/SqR-7VnVKmk"}}, {"model": "Customer.exercisevideos", "pk": 5, "fields": {"stage": 6, "url": "https://www.youtube.com/embed/SqR-7VnVKmk"}}, {"model": "Customer.exercisevideos", "pk": 6, "fields": {"stage": 7, "url": "https://www.youtube.com/embed/SqR-7VnVKmk"}}, {"model": "Customer.exercisevideos", "pk": 7, "fields": {"stage": 9, "url": "https://www.youtube.com/embed/SqR-7VnVKmk"}}, {"model": "Customer.exercisevideos", "pk": 8, "fields": {"stage": 10, "url": "https://www.youtube.com/embed/SqR-7VnVKmk"}}, {"model": "Customer.exercisevideos", "pk": 9, "fields": {"stage": 3, "url": "https://www.youtube.com/embed/SqR-7VnVKmk"}}, {"model": "Customer.exercisevideos", "pk": 10, "fields": {"stage": 8, "url": "https://www.youtube.com/embed/SqR-7VnVKmk"}}, {"model": "Customer.customexercises", "pk": 3, "fields": {"customer": 22, "name": "running"}}, {"model": "Customer.customexercises", "pk": 4, "fields": {"customer": 22, "name": "Morning walk"}}, {"model": "Customer.customexercises", "pk": 5, "fields": {"customer": 22, "name": "walking"}}, {"model": "Customer.customexercises", "pk": 6, "fields": {"customer": 22, "name": "he"}}, {"model": "Customer.customexercises", "pk": 7, "fields": {"customer": 22, "name": "123"}}, {"model": "Customer.completedcustomeexercises", "pk": 1, "fields": {"exercise": 3, "date": "2022-01-15", "completed": true}}, {"model": "Customer.completedcustomeexercises", "pk": 2, "fields": {"exercise": 3, "date": "2022-01-17", "completed": true}}, {"model": "Customer.completedcustomeexercises", "pk": 3, "fields": {"exercise": 4, "date": "2022-01-17", "completed": true}}, {"model": "Customer.completedcustomeexercises", "pk": 4, "fields": {"exercise": 4, "date": "2022-01-24", "completed": true}}, {"model": "Customer.completedcustomeexercises", "pk": 5, "fields": {"exercise": 3, "date": "2022-02-14", "completed": true}}, {"model": "Customer.completedcustomeexercises", "pk": 6, "fields": {"exercise": 4, "date": "2022-04-02", "completed": true}}, {"model": "Customer.completedcustomeexercises", "pk": 7, "fields": {"exercise": 5, "date": "2022-04-26", "completed": true}}, {"model": "Customer.completedcustomeexercises", "pk": 8, "fields": {"exercise": 3, "date": "2022-04-28", "completed": true}}, {"model": "Customer.completedcustomeexercises", "pk": 9, "fields": {"exercise": 4, "date": "2022-05-02", "completed": true}}, {"model": "Customer.completedcustomeexercises", "pk": 10, "fields": {"exercise": 4, "date": "2022-05-30", "completed": true}}, {"model": "Customer.completedcustomeexercises", "pk": 11, "fields": {"exercise": 5, "date": "2022-06-03", "completed": true}}, {"model": "Customer.completedcustomeexercises", "pk": 12, "fields": {"exercise": 5, "date": "2022-06-14", "completed": true}}, {"model": "Customer.completedcustomeexercises", "pk": 13, "fields": {"exercise": 4, "date": "2022-07-07", "completed": true}}, {"model": "Customer.completedcustomeexercises", "pk": 14, "fields": {"exercise": 4, "date": "2022-07-25", "completed": true}}, {"model": "Customer.completedcustomeexercises", "pk": 15, "fields": {"exercise": 5, "date": "2022-08-22", "completed": true}}, {"model": "Customer.completedcustomeexercises", "pk": 16, "fields": {"exercise": 5, "date": "2022-10-11", "completed": true}}, {"model": "Customer.completedcustomeexercises", "pk": 17, "fields": {"exercise": 3, "date": "2023-01-24", "completed": false}}, {"model": "Customer.completedcustomeexercises", "pk": 18, "fields": {"exercise": 3, "date": "2023-01-31", "completed": true}}, {"model": "Customer.completedcustomeexercises", "pk": 19, "fields": {"exercise": 5, "date": "2023-01-31", "completed": true}}, {"model": "Customer.completedcustomeexercises", "pk": 20, "fields": {"exercise": 3, "date": "2023-02-06", "completed": true}}, {"model": "Customer.completedcustomeexercises", "pk": 21, "fields": {"exercise": 5, "date": "2023-02-06", "completed": true}}, {"model": "Customer.completedcustomeexercises", "pk": 22, "fields": {"exercise": 3, "date": "2023-03-23", "completed": true}}, {"model": "Customer.completedcustomeexercises", "pk": 23, "fields": {"exercise": 4, "date": "2023-03-23", "completed": true}}, {"model": "Customer.completedcustomeexercises", "pk": 24, "fields": {"exercise": 3, "date": "2023-03-24", "completed": true}}, {"model": "Customer.medical", "pk": 11, "fields": {"customer": 22, "date": "2022-03-25", "appointmentDate": "2022-03-31", "scantDate": null, "ultraSound": "", "bloodReport": "", "antenatalChart": "", "bp": null, "weight": null, "question": null}}, {"model": "Customer.medical", "pk": 12, "fields": {"customer": 22, "date": "2022-03-25", "appointmentDate": "2022-03-31", "scantDate": null, "ultraSound": "", "bloodReport": "", "antenatalChart": "", "bp": 85, "weight": 65, "question": null}}, {"model": "Customer.medical", "pk": 13, "fields": {"customer": 22, "date": "2022-03-25", "appointmentDate": "2022-03-26", "scantDate": null, "ultraSound": "", "bloodReport": "", "antenatalChart": "", "bp": null, "weight": 87, "question": null}}, {"model": "Customer.medical", "pk": 14, "fields": {"customer": 22, "date": "2022-03-26", "appointmentDate": "2022-03-31", "scantDate": null, "ultraSound": "", "bloodReport": "", "antenatalChart": "", "bp": 25, "weight": 30, "question": null}}, {"model": "Customer.medical", "pk": 15, "fields": {"customer": 22, "date": "2022-03-26", "appointmentDate": null, "scantDate": null, "ultraSound": "", "bloodReport": "", "antenatalChart": "", "bp": 65, "weight": 84, "question": null}}, {"model": "Customer.medical", "pk": 16, "fields": {"customer": 22, "date": "2022-03-27", "appointmentDate": null, "scantDate": null, "ultraSound": "", "bloodReport": "", "antenatalChart": "", "bp": null, "weight": null, "question": null}}, {"model": "Customer.medical", "pk": 17, "fields": {"customer": 22, "date": "2022-03-27", "appointmentDate": null, "scantDate": null, "ultraSound": "", "bloodReport": "", "antenatalChart": "", "bp": null, "weight": 555, "question": null}}, {"model": "Customer.medical", "pk": 18, "fields": {"customer": 22, "date": "2022-04-18", "appointmentDate": "2022-04-18", "scantDate": null, "ultraSound": "", "bloodReport": "", "antenatalChart": "", "bp": null, "weight": null, "question": null}}, {"model": "Customer.medical", "pk": 19, "fields": {"customer": 22, "date": "2022-04-19", "appointmentDate": "2022-04-19", "scantDate": null, "ultraSound": "", "bloodReport": "bloodreport/Screenshot_20220419-140254.jpg", "antenatalChart": "", "bp": null, "weight": null, "question": null}}, {"model": "Customer.medical", "pk": 20, "fields": {"customer": 22, "date": "2022-04-15", "appointmentDate": null, "scantDate": null, "ultraSound": "", "bloodReport": "", "antenatalChart": "", "bp": null, "weight": null, "question": null}}, {"model": "Customer.medical", "pk": 21, "fields": {"customer": 22, "date": "2022-04-15", "appointmentDate": "2022-04-01", "scantDate": "2022-04-01", "ultraSound": "ultrasound/pic.jpg", "bloodReport": "", "antenatalChart": "", "bp": 13, "weight": 312, "question": "fsadsd"}}, {"model": "Customer.medical", "pk": 22, "fields": {"customer": 22, "date": "2022-04-15", "appointmentDate": "2022-04-01", "scantDate": "2022-04-01", "ultraSound": "ultrasound/pic_GZEVxpU.jpg", "bloodReport": "", "antenatalChart": "antenatal/Sign.png", "bp": 13, "weight": 312, "question": "fsadsd"}}, {"model": "Customer.medical", "pk": 23, "fields": {"customer": 22, "date": "2022-04-25", "appointmentDate": "2022-04-25", "scantDate": null, "ultraSound": "", "bloodReport": "", "antenatalChart": "", "bp": null, "weight": null, "question": null}}, {"model": "Customer.medical", "pk": 24, "fields": {"customer": 22, "date": "2022-04-25", "appointmentDate": "2022-04-25", "scantDate": null, "ultraSound": "", "bloodReport": "", "antenatalChart": "", "bp": null, "weight": null, "question": null}}, {"model": "Customer.medical", "pk": 25, "fields": {"customer": 22, "date": "2022-04-25", "appointmentDate": "2022-04-25", "scantDate": null, "ultraSound": "", "bloodReport": "", "antenatalChart": "", "bp": null, "weight": null, "question": null}}, {"model": "Customer.medical", "pk": 26, "fields": {"customer": 22, "date": "2022-04-26", "appointmentDate": null, "scantDate": null, "ultraSound": "", "bloodReport": "", "antenatalChart": "", "bp": null, "weight": null, "question": null}}, {"model": "Customer.medical", "pk": 27, "fields": {"customer": 22, "date": "2022-04-28", "appointmentDate": "2022-04-01", "scantDate": null, "ultraSound": "", "bloodReport": "", "antenatalChart": "", "bp": null, "weight": 23, "question": null}}, {"model": "Customer.medical", "pk": 28, "fields": {"customer": 22, "date": "2022-04-28", "appointmentDate": null, "scantDate": null, "ultraSound": "ultrasound/Sign.png", "bloodReport": "bloodreport/Sign_hvnXSzn.png", "antenatalChart": "antenatal/Sign_pUYe1wW.png", "bp": null, "weight": null, "question": null}}, {"model": "Customer.medical", "pk": 29, "fields": {"customer": 22, "date": "2022-04-28", "appointmentDate": "2022-04-28", "scantDate": null, "ultraSound": "", "bloodReport": "bloodreport/Screenshot_20220428-121108.jpg", "antenatalChart": "", "bp": null, "weight": null, "question": null}}, {"model": "Customer.medical", "pk": 30, "fields": {"customer": 22, "date": "2022-04-28", "appointmentDate": "2022-04-30", "scantDate": "2022-04-28", "ultraSound": "", "bloodReport": "", "antenatalChart": "", "bp": null, "weight": null, "question": null}}, {"model": "Customer.medical", "pk": 31, "fields": {"customer": 22, "date": "2022-04-29", "appointmentDate": "2022-04-30", "scantDate": "2022-05-01", "ultraSound": "", "bloodReport": "", "antenatalChart": "", "bp": null, "weight": null, "question": null}}, {"model": "Customer.medical", "pk": 32, "fields": {"customer": 22, "date": "2022-04-29", "appointmentDate": null, "scantDate": null, "ultraSound": "ultrasound/Sign_A1qxFdZ.png", "bloodReport": "bloodreport/Sign_EM2DfrW.png", "antenatalChart": "antenatal/Sign_qm42all.png", "bp": 48, "weight": 45, "question": "45455"}}, {"model": "Customer.medical", "pk": 33, "fields": {"customer": 22, "date": "2022-04-30", "appointmentDate": "2022-04-30", "scantDate": null, "ultraSound": "", "bloodReport": "", "antenatalChart": "", "bp": null, "weight": null, "question": null}}, {"model": "Customer.medical", "pk": 34, "fields": {"customer": 22, "date": "2022-05-02", "appointmentDate": "2022-05-02", "scantDate": "2022-05-10", "ultraSound": "", "bloodReport": "", "antenatalChart": "", "bp": 55, "weight": 45, "question": "hello"}}, {"model": "Customer.medical", "pk": 35, "fields": {"customer": 22, "date": "2022-05-06", "appointmentDate": "2022-05-15", "scantDate": "2022-05-20", "ultraSound": "ultrasound/All_Clients_Under_A_Specific_Doctor__3_1.png", "bloodReport": "bloodreport/Sign_fdGYntg.png", "antenatalChart": "antenatal/Sign_rqIVJfz.png", "bp": null, "weight": null, "question": "hiii"}}, {"model": "Customer.medical", "pk": 36, "fields": {"customer": 22, "date": "2022-05-11", "appointmentDate": "2022-05-29", "scantDate": "2022-05-25", "ultraSound": "ultrasound/Plans__11_hGwINRM.png", "bloodReport": "", "antenatalChart": "", "bp": 24, "weight": 33, "question": "hjhjhl"}}, {"model": "Customer.medical", "pk": 37, "fields": {"customer": 22, "date": "2022-05-23", "appointmentDate": "2022-05-23", "scantDate": null, "ultraSound": "", "bloodReport": "", "antenatalChart": "", "bp": 100, "weight": 64, "question": null}}, {"model": "Customer.medical", "pk": 38, "fields": {"customer": 22, "date": "2022-05-30", "appointmentDate": "2022-05-30", "scantDate": "2022-06-02", "ultraSound": "ultrasound/healthy-nutrition-during-pregnancy-motherhood-young-woman-choose-eating-healt_Mvn4rBz.jpg", "bloodReport": "bloodreport/Group_2587.png", "antenatalChart": "antenatal/Group_2586.png", "bp": null, "weight": null, "question": "efgsgdrg"}}, {"model": "Customer.medical", "pk": 39, "fields": {"customer": 22, "date": "2022-05-31", "appointmentDate": "2022-05-30", "scantDate": null, "ultraSound": "", "bloodReport": "", "antenatalChart": "", "bp": null, "weight": null, "question": null}}, {"model": "Customer.medical", "pk": 40, "fields": {"customer": 22, "date": "2022-06-01", "appointmentDate": "2022-06-01", "scantDate": null, "ultraSound": "", "bloodReport": "", "antenatalChart": "", "bp": null, "weight": null, "question": null}}, {"model": "Customer.medical", "pk": 41, "fields": {"customer": 22, "date": "2022-06-03", "appointmentDate": "2022-06-17", "scantDate": null, "ultraSound": "ultrasound/Ananthi_W1esitd.png", "bloodReport": "bloodreport/Ananthi.png", "antenatalChart": "antenatal/Ananthi.png", "bp": 100, "weight": 76, "question": null}}, {"model": "Customer.medical", "pk": 42, "fields": {"customer": 22, "date": "2022-06-07", "appointmentDate": "2022-06-07", "scantDate": null, "ultraSound": "", "bloodReport": "", "antenatalChart": "", "bp": 25, "weight": 56, "question": null}}, {"model": "Customer.medical", "pk": 43, "fields": {"customer": 22, "date": "2022-06-08", "appointmentDate": "2022-06-16", "scantDate": null, "ultraSound": "", "bloodReport": "", "antenatalChart": "", "bp": 100, "weight": 78, "question": null}}, {"model": "Customer.medical", "pk": 44, "fields": {"customer": 22, "date": "2022-06-10", "appointmentDate": "2022-06-10", "scantDate": null, "ultraSound": "", "bloodReport": "", "antenatalChart": "", "bp": 100, "weight": 78, "question": null}}, {"model": "Customer.medical", "pk": 45, "fields": {"customer": 22, "date": "2022-06-11", "appointmentDate": "2022-06-18", "scantDate": null, "ultraSound": "", "bloodReport": "", "antenatalChart": "", "bp": 80, "weight": 78, "question": null}}, {"model": "Customer.medical", "pk": 46, "fields": {"customer": 22, "date": "2022-06-14", "appointmentDate": "2022-06-26", "scantDate": "2022-06-30", "ultraSound": "", "bloodReport": "", "antenatalChart": "", "bp": null, "weight": null, "question": "hello doctor"}}, {"model": "Customer.medical", "pk": 49, "fields": {"customer": 22, "date": "2022-06-22", "appointmentDate": "2022-06-23", "scantDate": null, "ultraSound": "", "bloodReport": "", "antenatalChart": "", "bp": 80, "weight": 80, "question": null}}, {"model": "Customer.medical", "pk": 50, "fields": {"customer": 22, "date": "2022-06-24", "appointmentDate": "2022-06-25", "scantDate": "2022-06-25", "ultraSound": "ultrasound/k_archive_e7d738294a514f37466e05a6b58e403160135057.jpg", "bloodReport": "", "antenatalChart": "", "bp": 34, "weight": 3434, "question": "hi hi hi"}}, {"model": "Customer.medical", "pk": 56, "fields": {"customer": 22, "date": "2022-07-21", "appointmentDate": "2022-07-22", "scantDate": null, "ultraSound": "", "bloodReport": "", "antenatalChart": "", "bp": 80, "weight": 78, "question": null}}, {"model": "Customer.medical", "pk": 59, "fields": {"customer": 22, "date": "2022-07-22", "appointmentDate": "2022-08-27", "scantDate": "2022-08-26", "ultraSound": "", "bloodReport": "", "antenatalChart": "", "bp": null, "weight": null, "question": null}}, {"model": "Customer.medical", "pk": 60, "fields": {"customer": 22, "date": "2022-07-25", "appointmentDate": "2022-07-29", "scantDate": "2022-07-23", "ultraSound": "", "bloodReport": "", "antenatalChart": "", "bp": 25, "weight": 20, "question": null}}, {"model": "Customer.medical", "pk": 61, "fields": {"customer": 22, "date": "2022-07-26", "appointmentDate": "2022-07-16", "scantDate": "2022-07-30", "ultraSound": "", "bloodReport": "", "antenatalChart": "", "bp": null, "weight": null, "question": null}}, {"model": "Customer.medical", "pk": 62, "fields": {"customer": 22, "date": "2022-08-09", "appointmentDate": "2022-08-27", "scantDate": "2022-08-20", "ultraSound": "", "bloodReport": "", "antenatalChart": "", "bp": null, "weight": null, "question": null}}, {"model": "Customer.medical", "pk": 63, "fields": {"customer": 22, "date": "2022-08-13", "appointmentDate": "2022-08-17", "scantDate": "2022-08-18", "ultraSound": "ultrasound/Clients_2.png", "bloodReport": "", "antenatalChart": "", "bp": 100, "weight": 55, "question": "doubt regarding headache"}}, {"model": "Customer.medical", "pk": 64, "fields": {"customer": 22, "date": "2022-08-19", "appointmentDate": "2022-08-28", "scantDate": "2022-08-13", "ultraSound": "", "bloodReport": "", "antenatalChart": "", "bp": null, "weight": null, "question": null}}, {"model": "Customer.medical", "pk": 65, "fields": {"customer": 22, "date": "2022-08-20", "appointmentDate": "2022-08-24", "scantDate": "2022-08-26", "ultraSound": "ultrasound/Luck_2022_1080p_WEBRip_5.1_YTS.MX.torrent", "bloodReport": "bloodreport/Luck_2022_1080p_WEBRip_5.1_YTS.MX.torrent", "antenatalChart": "antenatal/Predator_1987_720p_BluRay_YTS.MX.torrent", "bp": null, "weight": null, "question": "test"}}, {"model": "Customer.medical", "pk": 66, "fields": {"customer": 22, "date": "2022-08-17", "appointmentDate": "2022-09-04", "scantDate": null, "ultraSound": "", "bloodReport": "", "antenatalChart": "", "bp": null, "weight": null, "question": null}}, {"model": "Customer.medical", "pk": 67, "fields": {"customer": 22, "date": "2022-08-26", "appointmentDate": "2022-08-27", "scantDate": "2022-08-28", "ultraSound": "", "bloodReport": "", "antenatalChart": "", "bp": null, "weight": null, "question": null}}, {"model": "Customer.medical", "pk": 68, "fields": {"customer": 22, "date": "2022-09-04", "appointmentDate": null, "scantDate": null, "ultraSound": "ultrasound/WhatsApp_Image_2022-09-01_at_21.33.21.jpeg", "bloodReport": "", "antenatalChart": "", "bp": null, "weight": null, "question": null}}, {"model": "Customer.medical", "pk": 69, "fields": {"customer": 22, "date": "2022-09-10", "appointmentDate": "2022-09-18", "scantDate": "2022-09-23", "ultraSound": "", "bloodReport": "", "antenatalChart": "", "bp": 222, "weight": 56, "question": null}}, {"model": "Customer.medical", "pk": 70, "fields": {"customer": 22, "date": "2022-09-12", "appointmentDate": null, "scantDate": null, "ultraSound": "ultrasound/Get__Exercise_Classes_at_just_1200month_1.png", "bloodReport": "", "antenatalChart": "", "bp": null, "weight": null, "question": null}}, {"model": "Customer.medical", "pk": 71, "fields": {"customer": 22, "date": "2022-09-23", "appointmentDate": "2022-09-23", "scantDate": null, "ultraSound": "", "bloodReport": "", "antenatalChart": "antenatal/IMG_20220911_133422_779.webp", "bp": 210, "weight": 220, "question": null}}, {"model": "Customer.medical", "pk": 72, "fields": {"customer": 22, "date": "2022-09-26", "appointmentDate": "2022-09-30", "scantDate": null, "ultraSound": "", "bloodReport": "", "antenatalChart": "", "bp": 122, "weight": 130, "question": null}}, {"model": "Customer.medical", "pk": 73, "fields": {"customer": 22, "date": "2022-10-11", "appointmentDate": "2022-10-27", "scantDate": "2022-10-06", "ultraSound": "ultrasound/68562297_k7HqaJ0.webp", "bloodReport": "", "antenatalChart": "", "bp": 222, "weight": 23, "question": null}}, {"model": "Customer.medical", "pk": 74, "fields": {"customer": 22, "date": "2022-10-12", "appointmentDate": "2022-10-14", "scantDate": null, "ultraSound": "", "bloodReport": "", "antenatalChart": "", "bp": 120, "weight": 76, "question": null}}, {"model": "Customer.medical", "pk": 75, "fields": {"customer": 22, "date": "2022-10-14", "appointmentDate": "2022-10-14", "scantDate": null, "ultraSound": "", "bloodReport": "", "antenatalChart": "", "bp": 130, "weight": null, "question": null}}, {"model": "Customer.medical", "pk": 76, "fields": {"customer": 22, "date": "2022-11-22", "appointmentDate": "2022-11-22", "scantDate": null, "ultraSound": "", "bloodReport": "", "antenatalChart": "", "bp": null, "weight": 63, "question": null}}, {"model": "Customer.medical", "pk": 77, "fields": {"customer": 22, "date": "2022-12-13", "appointmentDate": "2022-12-23", "scantDate": "2022-12-30", "ultraSound": "ultrasound/logo192_lnsez2a.png", "bloodReport": "bloodreport/logo512_WNWcrxz.png", "antenatalChart": "antenatal/logo512_OoWmYrb.png", "bp": 90, "weight": 55, "question": null}}, {"model": "Customer.medical", "pk": 78, "fields": {"customer": 22, "date": "2022-12-14", "appointmentDate": "2022-12-23", "scantDate": "2022-12-30", "ultraSound": "ultrasound/logo192.png", "bloodReport": "bloodreport/logo512.png", "antenatalChart": "antenatal/logo512.png", "bp": 90, "weight": 55, "question": null}}, {"model": "Customer.medical", "pk": 79, "fields": {"customer": 22, "date": "2022-12-12", "appointmentDate": "2022-12-23", "scantDate": "2022-12-30", "ultraSound": "ultrasound/logo192_yJX5fal.png", "bloodReport": "bloodreport/logo512_oGHYxQz.png", "antenatalChart": "antenatal/logo512_ySeihwu.png", "bp": 90, "weight": 55, "question": null}}, {"model": "Customer.medical", "pk": 80, "fields": {"customer": 22, "date": "2022-12-11", "appointmentDate": "2022-12-23", "scantDate": "2022-12-30", "ultraSound": "ultrasound/logo192_xhQjgbA.png", "bloodReport": "bloodreport/logo512_fNDq4sq.png", "antenatalChart": "antenatal/logo512_TNGq5JF.png", "bp": 90, "weight": 55, "question": null}}, {"model": "Customer.medical", "pk": 81, "fields": {"customer": 22, "date": "2022-12-10", "appointmentDate": "2022-12-23", "scantDate": "2022-12-30", "ultraSound": "ultrasound/logo192_duHuw7e.png", "bloodReport": "bloodreport/logo512_kIaVbBd.png", "antenatalChart": "antenatal/logo512_5R0iUCQ.png", "bp": 90, "weight": 55, "question": null}}, {"model": "Customer.medical", "pk": 82, "fields": {"customer": 22, "date": "2022-12-09", "appointmentDate": "2022-12-23", "scantDate": "2022-12-30", "ultraSound": "ultrasound/logo192_tduRHaQ.png", "bloodReport": "bloodreport/logo512_W2zRk7n.png", "antenatalChart": "antenatal/logo512_iudF8FN.png", "bp": 90, "weight": 55, "question": null}}, {"model": "Customer.medical", "pk": 83, "fields": {"customer": 22, "date": "2022-12-08", "appointmentDate": "2022-12-23", "scantDate": "2022-12-30", "ultraSound": "ultrasound/logo192_N1WqYCq.png", "bloodReport": "bloodreport/logo512_ckcE8fu.png", "antenatalChart": "antenatal/logo512_0V76wNK.png", "bp": 90, "weight": 55, "question": null}}, {"model": "Customer.medical", "pk": 84, "fields": {"customer": 22, "date": "2022-12-07", "appointmentDate": "2022-12-23", "scantDate": "2022-12-30", "ultraSound": "ultrasound/logo192_KRtNhgi.png", "bloodReport": "bloodreport/logo512_kR5fuae.png", "antenatalChart": "antenatal/logo512_Ifbt3jC.png", "bp": 90, "weight": 55, "question": null}}, {"model": "Customer.medical", "pk": 85, "fields": {"customer": 22, "date": "2023-01-21", "appointmentDate": "2023-01-26", "scantDate": "2023-01-31", "ultraSound": "ultrasound/symptoms_1.png", "bloodReport": "bloodreport/symptoms_1_2.png", "antenatalChart": "", "bp": 80, "weight": 50, "question": "next scan on 31"}}, {"model": "Customer.medical", "pk": 86, "fields": {"customer": 22, "date": "2023-01-24", "appointmentDate": "2023-01-24", "scantDate": null, "ultraSound": "", "bloodReport": "", "antenatalChart": "antenatal/IMG-20230123-WA0004.jpg", "bp": 45, "weight": 55, "question": null}}, {"model": "Customer.medical", "pk": 87, "fields": {"customer": 22, "date": "2023-01-17", "appointmentDate": "2023-01-24", "scantDate": null, "ultraSound": "", "bloodReport": "", "antenatalChart": "", "bp": null, "weight": 55, "question": null}}, {"model": "Customer.medical", "pk": 88, "fields": {"customer": 22, "date": "2023-02-06", "appointmentDate": "2023-02-15", "scantDate": "2023-03-02", "ultraSound": "", "bloodReport": "", "antenatalChart": "", "bp": null, "weight": 80, "question": "hello"}}, {"model": "Customer.medical", "pk": 89, "fields": {"customer": 22, "date": "2023-02-10", "appointmentDate": "2023-02-22", "scantDate": "2023-03-03", "ultraSound": "", "bloodReport": "", "antenatalChart": "", "bp": 10, "weight": 10, "question": "hello doc"}}, {"model": "Customer.medical", "pk": 90, "fields": {"customer": 22, "date": "2023-02-18", "appointmentDate": "2023-02-23", "scantDate": "2023-02-21", "ultraSound": "ultrasound/favicon.ico", "bloodReport": "", "antenatalChart": "", "bp": null, "weight": null, "question": null}}, {"model": "Customer.medical", "pk": 91, "fields": {"customer": 22, "date": "2023-03-07", "appointmentDate": "2023-03-13", "scantDate": "2023-03-24", "ultraSound": "", "bloodReport": "", "antenatalChart": "", "bp": 100, "weight": 50, "question": "hello doctor"}}, {"model": "Customer.medical", "pk": 92, "fields": {"customer": 148, "date": "2023-03-31", "appointmentDate": "2023-03-30", "scantDate": "2023-04-29", "ultraSound": "ultrasound/Screenshot_2022-01-04_121932_H59n16G.png", "bloodReport": "", "antenatalChart": "", "bp": 45, "weight": 45, "question": "hello doctor"}}, {"model": "Customer.medical", "pk": 93, "fields": {"customer": 148, "date": "2023-04-08", "appointmentDate": "2023-04-29", "scantDate": "2023-04-28", "ultraSound": "ultrasound/avatar5.png", "bloodReport": "", "antenatalChart": "", "bp": null, "weight": null, "question": "heelo doc"}}, {"model": "Customer.medical", "pk": 94, "fields": {"customer": 148, "date": "2023-04-11", "appointmentDate": "2023-04-21", "scantDate": "2023-04-29", "ultraSound": "ultrasound/suk.txt", "bloodReport": "", "antenatalChart": "", "bp": null, "weight": null, "question": "hello doc"}}, {"model": "Customer.medical", "pk": 95, "fields": {"customer": 148, "date": "2023-04-13", "appointmentDate": "2023-04-21", "scantDate": "2023-04-20", "ultraSound": "ultrasound/suk_p7YaGHp.txt", "bloodReport": "", "antenatalChart": "", "bp": null, "weight": null, "question": "hello doc"}}, {"model": "Customer.medical", "pk": 96, "fields": {"customer": 158, "date": "2023-04-25", "appointmentDate": "2023-04-12", "scantDate": "2023-04-05", "ultraSound": "ultrasound/login.jsx", "bloodReport": "", "antenatalChart": "", "bp": null, "weight": null, "question": "eello doc"}}, {"model": "Customer.medical", "pk": 97, "fields": {"customer": 159, "date": "2023-04-25", "appointmentDate": "2023-04-29", "scantDate": "2023-04-29", "ultraSound": "ultrasound/suk_Mf9w1KZ.txt", "bloodReport": "", "antenatalChart": "", "bp": null, "weight": null, "question": "hello"}}, {"model": "Customer.medical", "pk": 98, "fields": {"customer": 160, "date": "2023-04-25", "appointmentDate": "2023-04-29", "scantDate": "2023-04-29", "ultraSound": "ultrasound/login_rjPGkfS.jsx", "bloodReport": "", "antenatalChart": "", "bp": null, "weight": null, "question": "hwelo doc"}}, {"model": "Customer.medical", "pk": 99, "fields": {"customer": 157, "date": "2023-05-04", "appointmentDate": "2023-06-03", "scantDate": "2023-05-31", "ultraSound": "ultrasound/WhatsApp_Image_2022-09-11_at_2.35.26_PM.jpeg", "bloodReport": "", "antenatalChart": "", "bp": null, "weight": null, "question": "hello doc"}}, {"model": "Customer.medical", "pk": 100, "fields": {"customer": 157, "date": "2023-05-09", "appointmentDate": "2023-05-10", "scantDate": "2023-05-27", "ultraSound": "ultrasound/GLan-qrcode.png", "bloodReport": "", "antenatalChart": "", "bp": null, "weight": null, "question": "Hello"}}, {"model": "Customer.medical", "pk": 101, "fields": {"customer": 157, "date": "2023-05-22", "appointmentDate": "2023-06-03", "scantDate": "2023-06-09", "ultraSound": "ultrasound/WhatsApp_Image_2023-05-17_at_2.59.05_PM.jpeg", "bloodReport": "", "antenatalChart": "", "bp": null, "weight": null, "question": "heelo doc"}}, {"model": "Customer.medical", "pk": 102, "fields": {"customer": 157, "date": "2023-05-21", "appointmentDate": "2023-06-03", "scantDate": "2023-06-09", "ultraSound": "ultrasound/WhatsApp_Image_2023-05-17_at_2.59.05_PM_nq4CVLE.jpeg", "bloodReport": "", "antenatalChart": "", "bp": null, "weight": null, "question": "heelo doc"}}, {"model": "Customer.medical", "pk": 103, "fields": {"customer": 157, "date": "2023-05-20", "appointmentDate": "2023-06-03", "scantDate": "2023-06-09", "ultraSound": "ultrasound/WhatsApp_Image_2023-05-17_at_2.59.05_PM_kndocHh.jpeg", "bloodReport": "", "antenatalChart": "", "bp": null, "weight": null, "question": "heelo doc"}}, {"model": "Customer.medical", "pk": 104, "fields": {"customer": 157, "date": "2023-05-19", "appointmentDate": "2023-06-03", "scantDate": "2023-06-09", "ultraSound": "ultrasound/WhatsApp_Image_2023-05-17_at_2.59.05_PM_hY5iCos.jpeg", "bloodReport": "", "antenatalChart": "", "bp": null, "weight": null, "question": "heelo doc"}}, {"model": "Customer.medical", "pk": 105, "fields": {"customer": 163, "date": "2023-05-22", "appointmentDate": "2023-06-09", "scantDate": "2023-06-03", "ultraSound": "ultrasound/WhatsApp_Image_2023-05-17_at_2.59.05_PM_C4RmMO3.jpeg", "bloodReport": "", "antenatalChart": "", "bp": null, "weight": null, "question": "hey doctor"}}, {"model": "Customer.medical", "pk": 106, "fields": {"customer": 157, "date": "2023-05-23", "appointmentDate": "2023-06-10", "scantDate": "2023-06-10", "ultraSound": "ultrasound/WhatsApp_Image_2023-05-17_at_2.59.05_PM_m73wwhL.jpeg", "bloodReport": "", "antenatalChart": "", "bp": null, "weight": null, "question": "heelo doc"}}, {"model": "Customer.medical", "pk": 107, "fields": {"customer": 157, "date": "2023-06-05", "appointmentDate": "2023-06-23", "scantDate": "2023-06-22", "ultraSound": "ultrasound/WhatsApp_Image_2023-05-24_at_12.14.15_PM_1.jpeg", "bloodReport": "", "antenatalChart": "", "bp": null, "weight": null, "question": "heelo"}}, {"model": "Customer.medical", "pk": 108, "fields": {"customer": 157, "date": "2023-06-04", "appointmentDate": null, "scantDate": null, "ultraSound": "", "bloodReport": "", "antenatalChart": "", "bp": null, "weight": null, "question": null}}, {"model": "Customer.medical", "pk": 109, "fields": {"customer": 157, "date": "2023-06-03", "appointmentDate": null, "scantDate": null, "ultraSound": "", "bloodReport": "", "antenatalChart": "", "bp": null, "weight": null, "question": null}}, {"model": "Customer.medical", "pk": 110, "fields": {"customer": 157, "date": "2023-06-08", "appointmentDate": "2023-06-22", "scantDate": "2023-07-07", "ultraSound": "ultrasound/avatar5_7GEQ86S.png", "bloodReport": "", "antenatalChart": "", "bp": null, "weight": null, "question": null}}, {"model": "Customer.medical", "pk": 111, "fields": {"customer": 171, "date": "2023-06-22", "appointmentDate": null, "scantDate": null, "ultraSound": "", "bloodReport": "", "antenatalChart": "", "bp": null, "weight": null, "question": null}}, {"model": "Customer.painscale", "pk": 1, "fields": {"name": "worst pain"}}, {"model": "Customer.painscale", "pk": 2, "fields": {"name": "severe"}}, {"model": "Customer.painscale", "pk": 3, "fields": {"name": "moderate"}}, {"model": "Customer.painscale", "pk": 4, "fields": {"name": "mild"}}, {"model": "Customer.painscale", "pk": 5, "fields": {"name": "no pain"}}, {"model": "Customer.contraction", "pk": 6, "fields": {"painScale": "moderate", "customer": 22, "time_stamp": "2022-01-15T11:06:48.888Z", "date": "2022-01-15", "time": "16:36:45", "contraction": 2, "interval": "00:00:00"}}, {"model": "Customer.contraction", "pk": 7, "fields": {"painScale": "mild", "customer": 22, "time_stamp": "2022-01-15T11:07:11.109Z", "date": "2022-01-15", "time": "16:37:05", "contraction": 6, "interval": "00:00:20"}}, {"model": "Customer.contraction", "pk": 8, "fields": {"painScale": "no pain", "customer": 22, "time_stamp": "2022-01-17T07:33:15.667Z", "date": "2022-01-17", "time": "13:03:10", "contraction": 4, "interval": "00:00:00"}}, {"model": "Customer.contraction", "pk": 9, "fields": {"painScale": "mild", "customer": 22, "time_stamp": "2022-03-26T04:45:37.362Z", "date": "2022-03-26", "time": "10:19:33", "contraction": 4, "interval": "00:00:00"}}, {"model": "Customer.contraction", "pk": 10, "fields": {"painScale": "mild", "customer": 22, "time_stamp": "2022-03-26T10:51:40.988Z", "date": "2022-03-26", "time": "16:21:40", "contraction": 3, "interval": "06:02:07"}}, {"model": "Customer.contraction", "pk": 11, "fields": {"painScale": "moderate", "customer": 22, "time_stamp": "2022-03-26T10:52:10.014Z", "date": "2022-03-26", "time": "16:22:09", "contraction": 3, "interval": "00:00:29"}}, {"model": "Customer.contraction", "pk": 12, "fields": {"painScale": "moderate", "customer": 22, "time_stamp": "2022-03-26T10:52:11.327Z", "date": "2022-03-26", "time": "16:22:10", "contraction": 3, "interval": "00:00:01"}}, {"model": "Customer.contraction", "pk": 13, "fields": {"painScale": "moderate", "customer": 22, "time_stamp": "2022-03-28T08:29:45.517Z", "date": "2022-03-28", "time": "13:59:45", "contraction": 5, "interval": "00:00:00"}}, {"model": "Customer.contraction", "pk": 14, "fields": {"painScale": "mild", "customer": 22, "time_stamp": "2022-03-28T09:11:06.228Z", "date": "2022-03-28", "time": "14:41:04", "contraction": 3, "interval": "00:41:19"}}, {"model": "Customer.contraction", "pk": 15, "fields": {"painScale": "worst pain", "customer": 22, "time_stamp": "2022-03-28T09:11:54.943Z", "date": "2022-03-28", "time": "14:41:53", "contraction": 6, "interval": "00:00:49"}}, {"model": "Customer.contraction", "pk": 16, "fields": {"painScale": "moderate", "customer": 22, "time_stamp": "2022-03-28T09:22:43.783Z", "date": "2022-03-28", "time": "14:52:42", "contraction": 5, "interval": "00:10:49"}}, {"model": "Customer.contraction", "pk": 17, "fields": {"painScale": "moderate", "customer": 22, "time_stamp": "2022-03-28T09:46:59.537Z", "date": "2022-03-28", "time": "15:16:59", "contraction": 7, "interval": "00:24:17"}}, {"model": "Customer.contraction", "pk": 18, "fields": {"painScale": "mild", "customer": 22, "time_stamp": "2022-03-30T05:16:27.505Z", "date": "2022-03-30", "time": "10:46:25", "contraction": 4, "interval": "00:00:00"}}, {"model": "Customer.contraction", "pk": 19, "fields": {"painScale": "no pain", "customer": 22, "time_stamp": "2022-04-04T12:14:26.858Z", "date": "2022-04-04", "time": "17:44:25", "contraction": 5, "interval": "00:00:00"}}, {"model": "Customer.contraction", "pk": 20, "fields": {"painScale": "mild", "customer": 22, "time_stamp": "2022-04-04T12:14:36.498Z", "date": "2022-04-04", "time": "17:44:35", "contraction": 4, "interval": "00:00:10"}}, {"model": "Customer.contraction", "pk": 21, "fields": {"painScale": "moderate", "customer": 22, "time_stamp": "2022-04-04T12:15:00.478Z", "date": "2022-04-04", "time": "17:44:59", "contraction": 6, "interval": "00:00:24"}}, {"model": "Customer.contraction", "pk": 22, "fields": {"painScale": "mild", "customer": 22, "time_stamp": "2022-04-07T05:38:04.758Z", "date": "2022-04-07", "time": "11:08:04", "contraction": 4, "interval": "00:00:00"}}, {"model": "Customer.contraction", "pk": 23, "fields": {"painScale": "moderate", "customer": 22, "time_stamp": "2022-04-09T04:59:09.677Z", "date": "2022-04-09", "time": "10:29:09", "contraction": 5, "interval": "00:00:00"}}, {"model": "Customer.contraction", "pk": 24, "fields": {"painScale": "moderate", "customer": 22, "time_stamp": "2022-04-09T04:59:10.907Z", "date": "2022-04-09", "time": "10:29:10", "contraction": 5, "interval": "00:00:01"}}, {"model": "Customer.contraction", "pk": 25, "fields": {"painScale": "moderate", "customer": 22, "time_stamp": "2022-04-18T11:53:08.876Z", "date": "2022-04-18", "time": "17:23:07", "contraction": 3, "interval": "00:00:00"}}, {"model": "Customer.contraction", "pk": 26, "fields": {"painScale": "moderate", "customer": 22, "time_stamp": "2022-04-21T12:34:39.467Z", "date": "2022-04-21", "time": "18:04:26", "contraction": 8, "interval": "00:00:00"}}, {"model": "Customer.contraction", "pk": 27, "fields": {"painScale": "no pain", "customer": 22, "time_stamp": "2022-04-21T12:35:09.203Z", "date": "2022-04-21", "time": "18:05:02", "contraction": 1, "interval": "00:00:36"}}, {"model": "Customer.contraction", "pk": 28, "fields": {"painScale": "mild", "customer": 22, "time_stamp": "2022-04-23T07:27:33.632Z", "date": "2022-04-23", "time": "12:57:10", "contraction": 20, "interval": "00:00:00"}}, {"model": "Customer.contraction", "pk": 29, "fields": {"painScale": "worst pain", "customer": 22, "time_stamp": "2022-04-23T07:27:40.998Z", "date": "2022-04-23", "time": "12:57:31", "contraction": 3, "interval": "00:00:21"}}, {"model": "Customer.contraction", "pk": 30, "fields": {"painScale": "mild", "customer": 22, "time_stamp": "2022-04-28T05:50:39.086Z", "date": "2022-04-28", "time": "11:20:26", "contraction": 12, "interval": "00:00:00"}}, {"model": "Customer.contraction", "pk": 31, "fields": {"painScale": "worst pain", "customer": 22, "time_stamp": "2022-04-28T05:50:47.007Z", "date": "2022-04-28", "time": "11:20:40", "contraction": 4, "interval": "00:00:14"}}, {"model": "Customer.contraction", "pk": 32, "fields": {"painScale": "no pain", "customer": 22, "time_stamp": "2022-04-29T05:40:10.779Z", "date": "2022-04-29", "time": "11:09:55", "contraction": 15, "interval": "00:00:00"}}, {"model": "Customer.contraction", "pk": 33, "fields": {"painScale": "severe", "customer": 22, "time_stamp": "2022-04-29T05:40:19.578Z", "date": "2022-04-29", "time": "11:10:12", "contraction": 7, "interval": "00:00:17"}}, {"model": "Customer.contraction", "pk": 34, "fields": {"painScale": "no pain", "customer": 22, "time_stamp": "2022-05-05T05:16:57.696Z", "date": "2022-05-05", "time": "10:46:15", "contraction": 7, "interval": "00:00:00"}}, {"model": "Customer.contraction", "pk": 35, "fields": {"painScale": "no pain", "customer": 22, "time_stamp": "2022-05-09T14:19:41.235Z", "date": "2022-05-09", "time": "19:49:32", "contraction": 8, "interval": "00:00:00"}}, {"model": "Customer.contraction", "pk": 36, "fields": {"painScale": "mild", "customer": 22, "time_stamp": "2022-05-10T03:24:31.582Z", "date": "2022-05-10", "time": "08:54:27", "contraction": 3, "interval": "00:00:00"}}, {"model": "Customer.contraction", "pk": 37, "fields": {"painScale": "moderate", "customer": 22, "time_stamp": "2022-05-19T08:02:13.466Z", "date": "2022-05-19", "time": "13:32:13", "contraction": 3, "interval": "00:00:00"}}, {"model": "Customer.contraction", "pk": 38, "fields": {"painScale": "severe", "customer": 22, "time_stamp": "2022-05-19T08:02:16.167Z", "date": "2022-05-19", "time": "13:32:15", "contraction": 3, "interval": "00:00:02"}}, {"model": "Customer.contraction", "pk": 39, "fields": {"painScale": "worst pain", "customer": 22, "time_stamp": "2022-05-25T04:50:22.446Z", "date": "2022-05-25", "time": "10:20:15", "contraction": 7, "interval": "00:00:00"}}, {"model": "Customer.contraction", "pk": 40, "fields": {"painScale": "severe", "customer": 22, "time_stamp": "2022-05-25T04:50:52.179Z", "date": "2022-05-25", "time": "10:20:49", "contraction": 2, "interval": "00:00:34"}}, {"model": "Customer.contraction", "pk": 41, "fields": {"painScale": "moderate", "customer": 22, "time_stamp": "2022-05-25T05:00:06.765Z", "date": "2022-05-25", "time": "10:30:06", "contraction": 6, "interval": "00:09:17"}}, {"model": "Customer.contraction", "pk": 42, "fields": {"painScale": "moderate", "customer": 22, "time_stamp": "2022-05-28T05:23:33.033Z", "date": "2022-05-28", "time": "10:53:31", "contraction": 0, "interval": "00:00:00"}}, {"model": "Customer.contraction", "pk": 43, "fields": {"painScale": "moderate", "customer": 22, "time_stamp": "2022-05-28T05:23:46.711Z", "date": "2022-05-28", "time": "10:53:44", "contraction": 11, "interval": "00:00:13"}}, {"model": "Customer.contraction", "pk": 44, "fields": {"painScale": "moderate", "customer": 22, "time_stamp": "2022-05-28T05:23:49.934Z", "date": "2022-05-28", "time": "10:53:48", "contraction": 11, "interval": "00:00:04"}}, {"model": "Customer.contraction", "pk": 45, "fields": {"painScale": "moderate", "customer": 22, "time_stamp": "2022-05-28T05:24:01.372Z", "date": "2022-05-28", "time": "10:53:59", "contraction": 11, "interval": "00:00:11"}}, {"model": "Customer.contraction", "pk": 46, "fields": {"painScale": "severe", "customer": 22, "time_stamp": "2022-05-28T05:43:43.527Z", "date": "2022-05-28", "time": "11:13:43", "contraction": 4, "interval": "00:19:44"}}, {"model": "Customer.contraction", "pk": 47, "fields": {"painScale": "moderate", "customer": 22, "time_stamp": "2022-05-28T06:25:52.291Z", "date": "2022-05-28", "time": "11:55:52", "contraction": 2, "interval": "00:42:09"}}, {"model": "Customer.contraction", "pk": 48, "fields": {"painScale": "no pain", "customer": 22, "time_stamp": "2022-05-28T06:29:40.504Z", "date": "2022-05-28", "time": "11:59:40", "contraction": 10, "interval": "00:03:48"}}, {"model": "Customer.contraction", "pk": 49, "fields": {"painScale": "severe", "customer": 22, "time_stamp": "2022-05-31T05:47:20.479Z", "date": "2022-05-31", "time": "11:17:17", "contraction": 2, "interval": "00:00:00"}}, {"model": "Customer.contraction", "pk": 50, "fields": {"painScale": "severe", "customer": 22, "time_stamp": "2022-06-03T05:59:11.343Z", "date": "2022-06-03", "time": "11:28:56", "contraction": 5, "interval": "00:00:00"}}, {"model": "Customer.contraction", "pk": 51, "fields": {"painScale": "severe", "customer": 22, "time_stamp": "2022-06-06T09:52:06.796Z", "date": "2022-06-06", "time": "15:22:01", "contraction": 4, "interval": "00:00:00"}}, {"model": "Customer.contraction", "pk": 52, "fields": {"painScale": "severe", "customer": 22, "time_stamp": "2022-06-06T09:52:17.722Z", "date": "2022-06-06", "time": "15:22:11", "contraction": 5, "interval": "00:00:10"}}, {"model": "Customer.contraction", "pk": 53, "fields": {"painScale": "moderate", "customer": 22, "time_stamp": "2022-06-07T07:08:40.428Z", "date": "2022-06-07", "time": "12:38:39", "contraction": 4, "interval": "00:00:00"}}, {"model": "Customer.contraction", "pk": 54, "fields": {"painScale": "mild", "customer": 22, "time_stamp": "2022-06-08T07:23:41.914Z", "date": "2022-06-08", "time": "12:53:38", "contraction": 3, "interval": "00:00:00"}}, {"model": "Customer.contraction", "pk": 55, "fields": {"painScale": "severe", "customer": 22, "time_stamp": "2022-06-08T07:23:51.911Z", "date": "2022-06-08", "time": "12:53:46", "contraction": 5, "interval": "00:00:08"}}, {"model": "Customer.contraction", "pk": 56, "fields": {"painScale": "worst pain", "customer": 22, "time_stamp": "2022-06-10T08:17:32.767Z", "date": "2022-06-10", "time": "13:47:31", "contraction": 5, "interval": "00:00:00"}}, {"model": "Customer.contraction", "pk": 57, "fields": {"painScale": "no pain", "customer": 22, "time_stamp": "2022-06-13T17:12:46.241Z", "date": "2022-06-13", "time": "22:42:44", "contraction": 5, "interval": "00:00:00"}}, {"model": "Customer.contraction", "pk": 58, "fields": {"painScale": "moderate", "customer": 22, "time_stamp": "2022-06-14T06:11:51.468Z", "date": "2022-06-14", "time": "11:41:44", "contraction": 7, "interval": "00:00:00"}}, {"model": "Customer.contraction", "pk": 60, "fields": {"painScale": "worst pain", "customer": 22, "time_stamp": "2022-06-14T08:54:21.975Z", "date": "2022-06-14", "time": "14:24:03", "contraction": 19, "interval": "02:42:19"}}, {"model": "Customer.contraction", "pk": 61, "fields": {"painScale": "severe", "customer": 22, "time_stamp": "2022-06-14T09:00:31.757Z", "date": "2022-06-14", "time": "14:30:12", "contraction": 16, "interval": "00:06:09"}}, {"model": "Customer.contraction", "pk": 63, "fields": {"painScale": "mild", "customer": 22, "time_stamp": "2022-06-22T05:49:29.919Z", "date": "2022-06-22", "time": "11:19:28", "contraction": 5, "interval": "00:00:00"}}, {"model": "Customer.contraction", "pk": 64, "fields": {"painScale": "mild", "customer": 22, "time_stamp": "2022-06-22T07:05:07.847Z", "date": "2022-06-22", "time": "12:35:06", "contraction": 3, "interval": "01:15:38"}}, {"model": "Customer.contraction", "pk": 65, "fields": {"painScale": "moderate", "customer": 22, "time_stamp": "2022-06-24T05:34:21.857Z", "date": "2022-06-24", "time": "11:04:13", "contraction": 4, "interval": "00:00:00"}}, {"model": "Customer.contraction", "pk": 68, "fields": {"painScale": "mild", "customer": 22, "time_stamp": "2022-07-21T03:22:59.748Z", "date": "2022-07-21", "time": "08:52:58", "contraction": 5, "interval": "00:00:00"}}, {"model": "Customer.contraction", "pk": 69, "fields": {"painScale": "severe", "customer": 22, "time_stamp": "2022-07-21T11:08:42.613Z", "date": "2022-07-21", "time": "16:38:36", "contraction": 6, "interval": "07:45:38"}}, {"model": "Customer.contraction", "pk": 73, "fields": {"painScale": "moderate", "customer": 22, "time_stamp": "2022-07-22T06:46:08.339Z", "date": "2022-07-22", "time": "12:16:04", "contraction": 3, "interval": "00:00:00"}}, {"model": "Customer.contraction", "pk": 74, "fields": {"painScale": "moderate", "customer": 22, "time_stamp": "2022-07-25T06:02:39.082Z", "date": "2022-07-25", "time": "11:32:34", "contraction": 3, "interval": "00:00:00"}}, {"model": "Customer.contraction", "pk": 75, "fields": {"painScale": "severe", "customer": 22, "time_stamp": "2022-08-08T09:48:43.903Z", "date": "2022-08-08", "time": "15:18:38", "contraction": 5, "interval": "00:00:00"}}, {"model": "Customer.contraction", "pk": 76, "fields": {"painScale": "severe", "customer": 22, "time_stamp": "2022-08-09T05:48:17.068Z", "date": "2022-08-09", "time": "11:18:11", "contraction": 5, "interval": "00:00:00"}}, {"model": "Customer.contraction", "pk": 77, "fields": {"painScale": "moderate", "customer": 22, "time_stamp": "2022-08-10T05:24:57.023Z", "date": "2022-08-10", "time": "10:54:48", "contraction": 17, "interval": "00:00:00"}}, {"model": "Customer.contraction", "pk": 78, "fields": {"painScale": "moderate", "customer": 22, "time_stamp": "2022-08-10T05:24:57.052Z", "date": "2022-08-10", "time": "10:54:48", "contraction": 17, "interval": "00:00:00"}}, {"model": "Customer.contraction", "pk": 79, "fields": {"painScale": "moderate", "customer": 22, "time_stamp": "2022-08-11T10:00:36.788Z", "date": "2022-08-11", "time": "15:30:32", "contraction": 3, "interval": "00:00:00"}}, {"model": "Customer.contraction", "pk": 80, "fields": {"painScale": "moderate", "customer": 22, "time_stamp": "2022-08-13T07:42:24.168Z", "date": "2022-08-13", "time": "13:12:20", "contraction": 3, "interval": "00:00:00"}}, {"model": "Customer.contraction", "pk": 81, "fields": {"painScale": "moderate", "customer": 22, "time_stamp": "2022-08-16T10:22:35.938Z", "date": "2022-08-16", "time": "15:52:34", "contraction": 14, "interval": "00:00:00"}}, {"model": "Customer.contraction", "pk": 82, "fields": {"painScale": "mild", "customer": 22, "time_stamp": "2022-08-16T16:06:49.379Z", "date": "2022-08-16", "time": "21:36:43", "contraction": 5, "interval": "05:44:09"}}, {"model": "Customer.contraction", "pk": 83, "fields": {"painScale": "worst pain", "customer": 22, "time_stamp": "2022-08-16T16:08:38.396Z", "date": "2022-08-16", "time": "21:38:31", "contraction": 6, "interval": "00:01:48"}}, {"model": "Customer.contraction", "pk": 84, "fields": {"painScale": "mild", "customer": 22, "time_stamp": "2022-08-18T03:53:19.650Z", "date": "2022-08-18", "time": "09:23:19", "contraction": 10, "interval": "00:00:00"}}, {"model": "Customer.contraction", "pk": 85, "fields": {"painScale": "severe", "customer": 22, "time_stamp": "2022-08-19T06:59:40.865Z", "date": "2022-08-19", "time": "12:29:35", "contraction": 3, "interval": "00:00:00"}}, {"model": "Customer.contraction", "pk": 87, "fields": {"painScale": "moderate", "customer": 22, "time_stamp": "2022-08-22T06:34:12.245Z", "date": "2022-08-22", "time": "12:04:06", "contraction": 4, "interval": "00:00:00"}}, {"model": "Customer.contraction", "pk": 88, "fields": {"painScale": "moderate", "customer": 22, "time_stamp": "2022-08-26T04:31:14.030Z", "date": "2022-08-26", "time": "10:01:08", "contraction": 3, "interval": "00:00:00"}}, {"model": "Customer.contraction", "pk": 89, "fields": {"painScale": "mild", "customer": 22, "time_stamp": "2022-08-30T07:32:44.777Z", "date": "2022-08-30", "time": "13:02:37", "contraction": 8, "interval": "00:00:00"}}, {"model": "Customer.contraction", "pk": 90, "fields": {"painScale": "severe", "customer": 22, "time_stamp": "2022-08-30T07:33:02.390Z", "date": "2022-08-30", "time": "13:02:58", "contraction": 3, "interval": "00:00:21"}}, {"model": "Customer.contraction", "pk": 91, "fields": {"painScale": "moderate", "customer": 22, "time_stamp": "2022-08-31T06:13:09.963Z", "date": "2022-08-31", "time": "11:43:05", "contraction": 4, "interval": "00:00:00"}}, {"model": "Customer.contraction", "pk": 92, "fields": {"painScale": "moderate", "customer": 22, "time_stamp": "2022-09-09T17:32:08.241Z", "date": "2022-09-09", "time": "23:02:04", "contraction": 2, "interval": "00:00:00"}}, {"model": "Customer.contraction", "pk": 93, "fields": {"painScale": "moderate", "customer": 22, "time_stamp": "2022-09-12T09:34:56.535Z", "date": "2022-09-12", "time": "15:04:51", "contraction": 4, "interval": "00:00:00"}}, {"model": "Customer.contraction", "pk": 94, "fields": {"painScale": "moderate", "customer": 22, "time_stamp": "2022-09-20T09:27:15.248Z", "date": "2022-09-20", "time": "14:57:10", "contraction": 3, "interval": "00:00:00"}}, {"model": "Customer.contraction", "pk": 95, "fields": {"painScale": "moderate", "customer": 22, "time_stamp": "2022-09-21T09:23:06.132Z", "date": "2022-09-21", "time": "14:53:02", "contraction": 2, "interval": "00:00:00"}}, {"model": "Customer.contraction", "pk": 96, "fields": {"painScale": "mild", "customer": 22, "time_stamp": "2022-09-23T05:53:25.054Z", "date": "2022-09-23", "time": "11:23:22", "contraction": 5, "interval": "00:00:00"}}, {"model": "Customer.contraction", "pk": 97, "fields": {"painScale": "moderate", "customer": 22, "time_stamp": "2022-09-24T05:41:01.468Z", "date": "2022-09-24", "time": "11:10:57", "contraction": 4, "interval": "00:00:00"}}, {"model": "Customer.contraction", "pk": 98, "fields": {"painScale": "moderate", "customer": 22, "time_stamp": "2022-09-26T08:40:37.100Z", "date": "2022-09-26", "time": "14:10:30", "contraction": 4, "interval": "00:00:00"}}, {"model": "Customer.contraction", "pk": 99, "fields": {"painScale": "severe", "customer": 22, "time_stamp": "2022-09-26T09:17:28.325Z", "date": "2022-09-26", "time": "14:47:27", "contraction": 5, "interval": "00:36:57"}}, {"model": "Customer.contraction", "pk": 100, "fields": {"painScale": "severe", "customer": 22, "time_stamp": "2022-10-01T09:56:33.258Z", "date": "2022-10-01", "time": "15:26:23", "contraction": 9, "interval": "00:00:00"}}, {"model": "Customer.contraction", "pk": 101, "fields": {"painScale": "moderate", "customer": 22, "time_stamp": "2022-10-03T05:53:39.155Z", "date": "2022-10-03", "time": "11:23:34", "contraction": 4, "interval": "00:00:00"}}, {"model": "Customer.contraction", "pk": 102, "fields": {"painScale": "mild", "customer": 22, "time_stamp": "2022-10-11T04:33:01.922Z", "date": "2022-10-11", "time": "10:02:56", "contraction": 3, "interval": "00:00:00"}}, {"model": "Customer.contraction", "pk": 103, "fields": {"painScale": "moderate", "customer": 22, "time_stamp": "2022-10-14T05:55:37.637Z", "date": "2022-10-14", "time": "11:25:31", "contraction": 5, "interval": "00:00:00"}}, {"model": "Customer.contraction", "pk": 104, "fields": {"painScale": "mild", "customer": 22, "time_stamp": "2022-10-16T14:52:52.102Z", "date": "2022-10-16", "time": "20:22:51", "contraction": 5, "interval": "00:00:00"}}, {"model": "Customer.contraction", "pk": 105, "fields": {"painScale": "moderate", "customer": 22, "time_stamp": "2022-10-17T03:48:59.126Z", "date": "2022-10-17", "time": "09:18:53", "contraction": 4, "interval": "00:00:00"}}, {"model": "Customer.contraction", "pk": 106, "fields": {"painScale": "moderate", "customer": 22, "time_stamp": "2022-10-17T05:34:25.956Z", "date": "2022-10-17", "time": "11:04:25", "contraction": 5, "interval": "01:45:32"}}, {"model": "Customer.contraction", "pk": 107, "fields": {"painScale": "worst pain", "customer": 22, "time_stamp": "2022-10-25T03:23:29.331Z", "date": "2022-10-25", "time": "08:53:18", "contraction": 9, "interval": "00:00:00"}}, {"model": "Customer.contraction", "pk": 108, "fields": {"painScale": "moderate", "customer": 22, "time_stamp": "2022-11-01T08:11:14.134Z", "date": "2022-11-01", "time": "13:41:13", "contraction": 15, "interval": "00:00:00"}}, {"model": "Customer.contraction", "pk": 109, "fields": {"painScale": "no pain", "customer": 22, "time_stamp": "2022-11-22T09:33:37.113Z", "date": "2022-11-22", "time": "15:03:36", "contraction": 0, "interval": "00:00:00"}}, {"model": "Customer.contraction", "pk": 110, "fields": {"painScale": "moderate", "customer": 22, "time_stamp": "2022-11-22T09:33:52.842Z", "date": "2022-11-22", "time": "15:03:52", "contraction": 7, "interval": "00:00:16"}}, {"model": "Customer.contraction", "pk": 111, "fields": {"painScale": "moderate", "customer": 22, "time_stamp": "2022-12-14T04:23:38.429Z", "date": "2022-12-14", "time": "09:53:35", "contraction": 3, "interval": "00:00:00"}}, {"model": "Customer.contraction", "pk": 112, "fields": {"painScale": "severe", "customer": 22, "time_stamp": "2022-12-14T04:23:46.272Z", "date": "2022-12-14", "time": "09:53:43", "contraction": 1, "interval": "00:00:08"}}, {"model": "Customer.contraction", "pk": 113, "fields": {"painScale": "severe", "customer": 22, "time_stamp": "2022-12-16T07:59:18.692Z", "date": "2022-12-16", "time": "13:29:17", "contraction": 5, "interval": "00:00:00"}}, {"model": "Customer.contraction", "pk": 114, "fields": {"painScale": "mild", "customer": 22, "time_stamp": "2023-01-21T04:49:53.361Z", "date": "2023-01-21", "time": "10:19:50", "contraction": 2, "interval": "00:00:00"}}, {"model": "Customer.contraction", "pk": 115, "fields": {"painScale": "moderate", "customer": 22, "time_stamp": "2023-01-21T07:49:10.882Z", "date": "2023-01-21", "time": "13:19:10", "contraction": 3, "interval": "02:59:20"}}, {"model": "Customer.contraction", "pk": 116, "fields": {"painScale": "mild", "customer": 22, "time_stamp": "2023-01-24T18:03:56.608Z", "date": "2023-01-24", "time": "23:33:55", "contraction": 0, "interval": "00:00:00"}}, {"model": "Customer.contraction", "pk": 117, "fields": {"painScale": "mild", "customer": 22, "time_stamp": "2023-01-24T18:04:19.030Z", "date": "2023-01-24", "time": "23:34:17", "contraction": 4, "interval": "00:00:22"}}, {"model": "Customer.contraction", "pk": 118, "fields": {"painScale": "moderate", "customer": 22, "time_stamp": "2023-02-06T13:42:49.293Z", "date": "2023-02-06", "time": "19:12:49", "contraction": 2, "interval": "00:00:00"}}, {"model": "Customer.contraction", "pk": 119, "fields": {"painScale": "moderate", "customer": 22, "time_stamp": "2023-02-06T13:42:57.132Z", "date": "2023-02-06", "time": "19:12:57", "contraction": 5, "interval": "00:00:08"}}, {"model": "Customer.contraction", "pk": 120, "fields": {"painScale": "moderate", "customer": 22, "time_stamp": "2023-02-07T04:42:07.870Z", "date": "2023-02-07", "time": "10:12:04", "contraction": 2, "interval": "00:00:00"}}, {"model": "Customer.contraction", "pk": 121, "fields": {"painScale": "worst pain", "customer": 22, "time_stamp": "2023-02-08T09:35:40.956Z", "date": "2023-02-08", "time": "15:05:40", "contraction": 9, "interval": "00:00:00"}}, {"model": "Customer.contraction", "pk": 122, "fields": {"painScale": "no pain", "customer": 22, "time_stamp": "2023-02-08T09:35:44.523Z", "date": "2023-02-08", "time": "15:05:42", "contraction": 7, "interval": "00:00:02"}}, {"model": "Customer.contraction", "pk": 123, "fields": {"painScale": "severe", "customer": 22, "time_stamp": "2023-02-08T09:36:32.433Z", "date": "2023-02-08", "time": "15:06:32", "contraction": 8, "interval": "00:00:50"}}, {"model": "Customer.contraction", "pk": 124, "fields": {"painScale": "moderate", "customer": 22, "time_stamp": "2023-02-10T08:49:14.526Z", "date": "2023-02-10", "time": "14:19:10", "contraction": 3, "interval": "00:00:00"}}, {"model": "Customer.contraction", "pk": 125, "fields": {"painScale": "mild", "customer": 22, "time_stamp": "2023-02-18T04:36:22.246Z", "date": "2023-02-18", "time": "10:06:17", "contraction": 6, "interval": "00:00:00"}}, {"model": "Customer.contraction", "pk": 126, "fields": {"painScale": "moderate", "customer": 22, "time_stamp": "2023-03-07T05:45:45.422Z", "date": "2023-03-07", "time": "11:15:44", "contraction": 4, "interval": "00:00:00"}}, {"model": "Customer.contraction", "pk": 127, "fields": {"painScale": "moderate", "customer": 148, "time_stamp": "2023-03-31T10:21:29.633Z", "date": "2023-03-31", "time": "15:51:27", "contraction": 3, "interval": "00:00:00"}}, {"model": "Customer.contraction", "pk": 128, "fields": {"painScale": "moderate", "customer": 148, "time_stamp": "2023-03-31T10:21:38.780Z", "date": "2023-03-31", "time": "15:51:36", "contraction": 1, "interval": "00:00:09"}}, {"model": "Customer.contraction", "pk": 129, "fields": {"painScale": "severe", "customer": 148, "time_stamp": "2023-03-31T10:43:58.911Z", "date": "2023-03-31", "time": "16:13:57", "contraction": 2, "interval": "00:22:21"}}, {"model": "Customer.contraction", "pk": 130, "fields": {"painScale": "mild", "customer": 148, "time_stamp": "2023-04-08T05:25:16.885Z", "date": "2023-04-08", "time": "10:55:12", "contraction": 5, "interval": "00:00:00"}}, {"model": "Customer.contraction", "pk": 131, "fields": {"painScale": "moderate", "customer": 148, "time_stamp": "2023-04-11T06:50:06.060Z", "date": "2023-04-11", "time": "12:20:03", "contraction": 1, "interval": "00:00:00"}}, {"model": "Customer.contraction", "pk": 132, "fields": {"painScale": "mild", "customer": 148, "time_stamp": "2023-04-13T13:43:25.434Z", "date": "2023-04-13", "time": "19:13:23", "contraction": 1, "interval": "00:00:00"}}, {"model": "Customer.contraction", "pk": 133, "fields": {"painScale": "severe", "customer": 148, "time_stamp": "2023-04-17T07:22:17.660Z", "date": "2023-04-17", "time": "12:52:10", "contraction": 3, "interval": "00:00:00"}}, {"model": "Customer.contraction", "pk": 134, "fields": {"painScale": "severe", "customer": 157, "time_stamp": "2023-04-25T04:38:08.937Z", "date": "2023-04-25", "time": "10:08:05", "contraction": 2, "interval": "00:00:00"}}, {"model": "Customer.contraction", "pk": 135, "fields": {"painScale": "moderate", "customer": 158, "time_stamp": "2023-04-25T04:48:23.118Z", "date": "2023-04-25", "time": "10:18:21", "contraction": 1, "interval": "00:00:00"}}, {"model": "Customer.contraction", "pk": 136, "fields": {"painScale": "moderate", "customer": 159, "time_stamp": "2023-04-25T04:52:18.178Z", "date": "2023-04-25", "time": "10:22:15", "contraction": 2, "interval": "00:00:00"}}, {"model": "Customer.contraction", "pk": 137, "fields": {"painScale": "moderate", "customer": 160, "time_stamp": "2023-04-25T04:56:23.293Z", "date": "2023-04-25", "time": "10:26:21", "contraction": 1, "interval": "00:00:00"}}, {"model": "Customer.contraction", "pk": 138, "fields": {"painScale": "mild", "customer": 157, "time_stamp": "2023-05-04T05:16:49.487Z", "date": "2023-05-04", "time": "10:46:47", "contraction": 4, "interval": "00:00:00"}}, {"model": "Customer.contraction", "pk": 139, "fields": {"painScale": "moderate", "customer": 157, "time_stamp": "2023-05-04T09:08:53.233Z", "date": "2023-05-04", "time": "14:38:48", "contraction": 4, "interval": "03:52:01"}}, {"model": "Customer.contraction", "pk": 140, "fields": {"painScale": "mild", "customer": 157, "time_stamp": "2023-05-07T09:58:12.914Z", "date": "2023-05-07", "time": "15:28:13", "contraction": 0, "interval": "00:00:00"}}, {"model": "Customer.contraction", "pk": 141, "fields": {"painScale": "mild", "customer": 157, "time_stamp": "2023-05-07T09:58:19.822Z", "date": "2023-05-07", "time": "15:28:20", "contraction": 4, "interval": "00:00:07"}}, {"model": "Customer.contraction", "pk": 142, "fields": {"painScale": "moderate", "customer": 157, "time_stamp": "2023-05-08T03:37:04.161Z", "date": "2023-05-08", "time": "09:07:02", "contraction": 2, "interval": "00:00:00"}}, {"model": "Customer.contraction", "pk": 143, "fields": {"painScale": "mild", "customer": 157, "time_stamp": "2023-05-09T03:34:58.628Z", "date": "2023-05-09", "time": "09:04:55", "contraction": 2, "interval": "00:00:00"}}, {"model": "Customer.contraction", "pk": 144, "fields": {"painScale": "moderate", "customer": 157, "time_stamp": "2023-05-17T05:32:17.295Z", "date": "2023-05-17", "time": "11:02:13", "contraction": 2, "interval": "00:00:00"}}, {"model": "Customer.contraction", "pk": 145, "fields": {"painScale": "moderate", "customer": 157, "time_stamp": "2023-05-22T04:19:14.665Z", "date": "2023-05-22", "time": "09:49:12", "contraction": 3, "interval": "00:00:00"}}, {"model": "Customer.contraction", "pk": 146, "fields": {"painScale": "worst pain", "customer": 163, "time_stamp": "2023-05-22T04:27:57.916Z", "date": "2023-05-22", "time": "09:57:56", "contraction": 2, "interval": "00:00:00"}}, {"model": "Customer.contraction", "pk": 147, "fields": {"painScale": "moderate", "customer": 157, "time_stamp": "2023-05-23T04:17:56.855Z", "date": "2023-05-23", "time": "09:47:51", "contraction": 5, "interval": "00:00:00"}}, {"model": "Customer.contraction", "pk": 148, "fields": {"painScale": "no pain", "customer": 157, "time_stamp": "2023-06-05T04:32:18.324Z", "date": "2023-06-05", "time": "10:02:15", "contraction": 3, "interval": "00:00:00"}}, {"model": "Customer.contraction", "pk": 149, "fields": {"painScale": "moderate", "customer": 157, "time_stamp": "2023-06-08T05:00:57.851Z", "date": "2023-06-08", "time": "10:30:52", "contraction": 6, "interval": "00:00:00"}}, {"model": "Customer.contraction", "pk": 150, "fields": {"painScale": "moderate", "customer": 157, "time_stamp": "2023-06-22T08:46:37.989Z", "date": "2023-06-22", "time": "14:16:37", "contraction": 3, "interval": "00:00:00"}}, {"model": "Customer.contraction", "pk": 151, "fields": {"painScale": "moderate", "customer": 157, "time_stamp": "2023-06-27T09:06:16.494Z", "date": "2023-06-27", "time": "14:36:03", "contraction": 1, "interval": "00:00:00"}}, {"model": "Customer.contraction", "pk": 152, "fields": {"painScale": "moderate", "customer": 157, "time_stamp": "2023-06-27T09:07:59.223Z", "date": "2023-06-27", "time": "14:37:02", "contraction": 9, "interval": "00:00:59"}}, {"model": "Customer.contraction", "pk": 153, "fields": {"painScale": "mild", "customer": 157, "time_stamp": "2023-07-02T04:55:28.584Z", "date": "2023-07-02", "time": "10:25:27", "contraction": 0, "interval": "00:00:00"}}, {"model": "Customer.contraction", "pk": 154, "fields": {"painScale": "mild", "customer": 157, "time_stamp": "2023-07-02T04:56:35.407Z", "date": "2023-07-02", "time": "10:26:34", "contraction": 17, "interval": "00:01:07"}}, {"model": "Customer.lastupdatedate", "pk": 8, "fields": {"customer": 22, "diet": "2023-03-23T11:30:13.432Z", "medicine": "2023-03-23T11:30:31.731Z", "activity": "2022-01-15T11:02:52.935Z", "symptom": "2023-03-23T11:31:35.512Z", "exercise": "2022-01-15T11:02:52.935Z", "contraction": "2022-01-15T11:02:52.935Z"}}, {"model": "Customer.lastupdatedate", "pk": 9, "fields": {"customer": 34, "diet": "2022-01-17T10:45:33.136Z", "medicine": "2022-01-17T10:45:33.136Z", "activity": "2022-01-17T10:45:33.136Z", "symptom": "2022-01-17T10:45:33.136Z", "exercise": "2022-01-17T10:45:33.136Z", "contraction": "2022-01-17T10:45:33.136Z"}}, {"model": "Customer.lastupdatedate", "pk": 83, "fields": {"customer": 144, "diet": "2023-02-05T14:18:03.798Z", "medicine": "2023-02-05T14:18:03.798Z", "activity": "2023-02-05T14:18:03.798Z", "symptom": "2023-04-12T10:13:06.860Z", "exercise": "2023-02-05T14:18:03.798Z", "contraction": "2023-02-05T14:18:03.798Z"}}, {"model": "Customer.lastupdatedate", "pk": 84, "fields": {"customer": 145, "diet": "2023-02-06T04:05:52.477Z", "medicine": "2023-02-06T04:05:52.477Z", "activity": "2023-02-06T04:05:52.477Z", "symptom": "2023-02-10T10:28:45.792Z", "exercise": "2023-02-06T04:05:52.477Z", "contraction": "2023-02-06T04:05:52.477Z"}}, {"model": "Customer.lastupdatedate", "pk": 85, "fields": {"customer": 147, "diet": "2023-03-03T04:38:30.837Z", "medicine": "2023-03-03T04:38:30.837Z", "activity": "2023-03-03T04:38:30.837Z", "symptom": "2023-03-03T04:38:30.837Z", "exercise": "2023-03-03T04:38:30.837Z", "contraction": "2023-03-03T04:38:30.837Z"}}, {"model": "Customer.lastupdatedate", "pk": 86, "fields": {"customer": 148, "diet": "2023-04-13T13:42:46.514Z", "medicine": "2023-04-13T13:42:53.002Z", "activity": "2023-03-27T07:54:49.663Z", "symptom": "2023-04-13T08:08:28.589Z", "exercise": "2023-03-27T07:54:49.663Z", "contraction": "2023-03-27T07:54:49.663Z"}}, {"model": "Customer.lastupdatedate", "pk": 87, "fields": {"customer": 149, "diet": "2023-04-07T05:17:05.601Z", "medicine": "2023-04-07T05:17:05.601Z", "activity": "2023-04-07T05:17:05.601Z", "symptom": "2023-04-07T05:17:05.601Z", "exercise": "2023-04-07T05:17:05.601Z", "contraction": "2023-04-07T05:17:05.601Z"}}, {"model": "Customer.lastupdatedate", "pk": 88, "fields": {"customer": 150, "diet": "2023-04-08T05:41:17.309Z", "medicine": "2023-04-08T05:41:17.309Z", "activity": "2023-04-08T05:41:17.309Z", "symptom": "2023-04-08T05:41:17.309Z", "exercise": "2023-04-08T05:41:17.309Z", "contraction": "2023-04-08T05:41:17.309Z"}}, {"model": "Customer.lastupdatedate", "pk": 89, "fields": {"customer": 152, "diet": "2023-04-19T08:43:37.646Z", "medicine": "2023-04-19T08:43:37.646Z", "activity": "2023-04-19T08:43:37.646Z", "symptom": "2023-06-23T18:16:41.354Z", "exercise": "2023-04-19T08:43:37.646Z", "contraction": "2023-04-19T08:43:37.646Z"}}, {"model": "Customer.lastupdatedate", "pk": 90, "fields": {"customer": 157, "diet": "2023-07-02T04:55:06.527Z", "medicine": "2023-07-02T04:55:12.047Z", "activity": "2023-04-19T09:02:33.078Z", "symptom": "2023-06-20T15:37:16.200Z", "exercise": "2023-04-19T09:02:33.078Z", "contraction": "2023-04-19T09:02:33.078Z"}}, {"model": "Customer.lastupdatedate", "pk": 91, "fields": {"customer": 158, "diet": "2023-04-25T04:43:39.476Z", "medicine": "2023-06-23T04:10:06.778Z", "activity": "2023-04-25T04:23:50.229Z", "symptom": "2023-06-14T08:42:53.218Z", "exercise": "2023-04-25T04:23:50.229Z", "contraction": "2023-04-25T04:23:50.229Z"}}, {"model": "Customer.lastupdatedate", "pk": 92, "fields": {"customer": 159, "diet": "2023-06-23T16:33:28.275Z", "medicine": "2023-04-25T04:51:43.508Z", "activity": "2023-04-25T04:50:11.502Z", "symptom": "2023-06-14T08:49:56.533Z", "exercise": "2023-04-25T04:50:11.502Z", "contraction": "2023-04-25T04:50:11.502Z"}}, {"model": "Customer.lastupdatedate", "pk": 93, "fields": {"customer": 160, "diet": "2023-04-25T04:55:26.461Z", "medicine": "2023-06-23T16:49:26.404Z", "activity": "2023-04-25T04:54:14.869Z", "symptom": "2023-04-25T04:56:31.051Z", "exercise": "2023-04-25T04:54:14.869Z", "contraction": "2023-04-25T04:54:14.869Z"}}, {"model": "Customer.lastupdatedate", "pk": 94, "fields": {"customer": 163, "diet": "2023-05-22T04:26:56.843Z", "medicine": "2023-06-23T16:39:09.545Z", "activity": "2023-05-22T04:22:50.805Z", "symptom": "2023-05-22T04:22:50.805Z", "exercise": "2023-05-22T04:22:50.805Z", "contraction": "2023-05-22T04:22:50.805Z"}}, {"model": "Customer.lastupdatedate", "pk": 95, "fields": {"customer": 164, "diet": "2023-05-22T13:56:36.558Z", "medicine": "2023-05-22T13:56:36.558Z", "activity": "2023-05-22T13:56:36.558Z", "symptom": "2023-06-23T18:14:57.222Z", "exercise": "2023-05-22T13:56:36.558Z", "contraction": "2023-05-22T13:56:36.558Z"}}, {"model": "Customer.lastupdatedate", "pk": 96, "fields": {"customer": 165, "diet": "2023-05-24T03:43:20.492Z", "medicine": "2023-05-24T03:43:20.492Z", "activity": "2023-05-24T03:43:20.492Z", "symptom": "2023-05-28T03:49:01.553Z", "exercise": "2023-05-24T03:43:20.492Z", "contraction": "2023-05-24T03:43:20.492Z"}}, {"model": "Customer.lastupdatedate", "pk": 97, "fields": {"customer": 167, "diet": "2023-06-22T17:20:10.809Z", "medicine": "2023-06-03T16:04:57.221Z", "activity": "2023-06-03T16:04:57.221Z", "symptom": "2023-06-23T18:03:02.161Z", "exercise": "2023-06-03T16:04:57.221Z", "contraction": "2023-06-03T16:04:57.221Z"}}, {"model": "Customer.lastupdatedate", "pk": 98, "fields": {"customer": 168, "diet": "2023-06-22T17:51:09.246Z", "medicine": "2023-06-05T13:41:26.222Z", "activity": "2023-06-05T13:41:26.222Z", "symptom": "2023-06-23T18:03:44.664Z", "exercise": "2023-06-05T13:41:26.222Z", "contraction": "2023-06-05T13:41:26.222Z"}}, {"model": "Customer.lastupdatedate", "pk": 99, "fields": {"customer": 169, "diet": "2023-06-14T05:11:39.532Z", "medicine": "2023-06-14T05:11:39.532Z", "activity": "2023-06-14T05:11:39.532Z", "symptom": "2023-06-14T05:11:39.532Z", "exercise": "2023-06-14T05:11:39.532Z", "contraction": "2023-06-14T05:11:39.532Z"}}, {"model": "Customer.lastupdatedate", "pk": 100, "fields": {"customer": 170, "diet": "2023-06-24T00:44:51.620Z", "medicine": "2023-06-14T08:45:29.789Z", "activity": "2023-06-14T08:45:29.789Z", "symptom": "2023-06-24T00:45:22.655Z", "exercise": "2023-06-14T08:45:29.789Z", "contraction": "2023-06-14T08:45:29.789Z"}}, {"model": "Customer.lastupdatedate", "pk": 101, "fields": {"customer": 171, "diet": "2023-06-27T04:23:15.858Z", "medicine": "2023-06-15T07:08:39.892Z", "activity": "2023-06-15T07:08:39.892Z", "symptom": "2023-06-27T06:01:18.472Z", "exercise": "2023-06-15T07:08:39.892Z", "contraction": "2023-06-15T07:08:39.892Z"}}, {"model": "Customer.lastupdatedate", "pk": 102, "fields": {"customer": 172, "diet": "2023-06-15T07:51:08.952Z", "medicine": "2023-06-15T07:51:08.952Z", "activity": "2023-06-15T07:51:08.952Z", "symptom": "2023-06-23T15:23:53.587Z", "exercise": "2023-06-15T07:51:08.952Z", "contraction": "2023-06-15T07:51:08.952Z"}}, {"model": "Customer.lastupdatedate", "pk": 103, "fields": {"customer": 173, "diet": "2023-06-15T08:26:33.180Z", "medicine": "2023-06-15T08:26:33.180Z", "activity": "2023-06-15T08:26:33.180Z", "symptom": "2023-06-15T08:26:33.180Z", "exercise": "2023-06-15T08:26:33.180Z", "contraction": "2023-06-15T08:26:33.180Z"}}, {"model": "Customer.lastupdatedate", "pk": 104, "fields": {"customer": 174, "diet": "2023-06-23T17:21:36.642Z", "medicine": "2023-06-15T08:55:52.371Z", "activity": "2023-06-15T08:55:52.371Z", "symptom": "2023-06-15T08:55:52.371Z", "exercise": "2023-06-15T08:55:52.371Z", "contraction": "2023-06-15T08:55:52.371Z"}}, {"model": "Customer.lastupdatedate", "pk": 105, "fields": {"customer": 183, "diet": "2023-06-27T04:42:49.367Z", "medicine": "2023-06-27T04:33:19.365Z", "activity": "2023-06-27T04:33:19.365Z", "symptom": "2023-06-27T04:39:08.047Z", "exercise": "2023-06-27T04:33:19.365Z", "contraction": "2023-06-27T04:33:19.365Z"}}, {"model": "Customer.lastupdatedate", "pk": 106, "fields": {"customer": 184, "diet": "2023-06-27T07:46:47.689Z", "medicine": "2023-06-27T07:46:47.689Z", "activity": "2023-06-27T07:46:47.689Z", "symptom": "2023-06-27T07:46:47.689Z", "exercise": "2023-06-27T07:46:47.689Z", "contraction": "2023-06-27T07:46:47.689Z"}}, {"model": "Customer.lastupdatedate", "pk": 107, "fields": {"customer": 185, "diet": "2023-06-27T08:05:53.498Z", "medicine": "2023-06-27T08:05:53.498Z", "activity": "2023-06-27T08:05:53.498Z", "symptom": "2023-06-27T08:05:53.498Z", "exercise": "2023-06-27T08:05:53.498Z", "contraction": "2023-06-27T08:05:53.498Z"}}, {"model": "Customer.caloriesburnt", "pk": 2, "fields": {"customer": 22, "date": "2022-01-15", "value": "245.00000"}}, {"model": "Customer.caloriesburnt", "pk": 3, "fields": {"customer": 22, "date": "2022-01-17", "value": "245.00000"}}, {"model": "Customer.caloriesburnt", "pk": 4, "fields": {"customer": 22, "date": "2022-01-24", "value": "500.00000"}}, {"model": "Customer.caloriesburnt", "pk": 5, "fields": {"customer": 22, "date": "2022-04-02", "value": "100.00000"}}, {"model": "Customer.caloriesburnt", "pk": 6, "fields": {"customer": 22, "date": "2022-04-04", "value": "250.00000"}}, {"model": "Customer.caloriesburnt", "pk": 7, "fields": {"customer": 22, "date": "2022-04-07", "value": "500.00000"}}, {"model": "Customer.caloriesburnt", "pk": 8, "fields": {"customer": 22, "date": "2022-04-21", "value": "220.00000"}}, {"model": "Customer.caloriesburnt", "pk": 9, "fields": {"customer": 22, "date": "2022-04-23", "value": "220.00000"}}, {"model": "Customer.caloriesburnt", "pk": 10, "fields": {"customer": 22, "date": "2022-04-25", "value": "500.00000"}}, {"model": "Customer.caloriesburnt", "pk": 11, "fields": {"customer": 22, "date": "2022-04-28", "value": "220.00000"}}, {"model": "Customer.caloriesburnt", "pk": 12, "fields": {"customer": 22, "date": "2022-04-29", "value": "220.00000"}}, {"model": "Customer.caloriesburnt", "pk": 13, "fields": {"customer": 22, "date": "2022-04-30", "value": "22.00000"}}, {"model": "Customer.caloriesburnt", "pk": 14, "fields": {"customer": 22, "date": "2022-05-02", "value": "56.00000"}}, {"model": "Customer.caloriesburnt", "pk": 15, "fields": {"customer": 22, "date": "2022-05-10", "value": "222.00000"}}, {"model": "Customer.caloriesburnt", "pk": 16, "fields": {"customer": 22, "date": "2022-05-16", "value": "500.00000"}}, {"model": "Customer.caloriesburnt", "pk": 17, "fields": {"customer": 22, "date": "2022-05-19", "value": "200.00000"}}, {"model": "Customer.caloriesburnt", "pk": 18, "fields": {"customer": 22, "date": "2022-05-25", "value": "200.00000"}}, {"model": "Customer.caloriesburnt", "pk": 19, "fields": {"customer": 22, "date": "2022-05-30", "value": "33.00000"}}, {"model": "Customer.caloriesburnt", "pk": 20, "fields": {"customer": 22, "date": "2022-06-08", "value": "200.00000"}}, {"model": "Customer.caloriesburnt", "pk": 21, "fields": {"customer": 22, "date": "2022-06-10", "value": "300.00000"}}, {"model": "Customer.caloriesburnt", "pk": 22, "fields": {"customer": 22, "date": "2022-06-11", "value": "200.00000"}}, {"model": "Customer.caloriesburnt", "pk": 23, "fields": {"customer": 22, "date": "2022-06-14", "value": "222.00000"}}, {"model": "Customer.caloriesburnt", "pk": 26, "fields": {"customer": 22, "date": "2022-06-22", "value": "150.00000"}}, {"model": "Customer.caloriesburnt", "pk": 27, "fields": {"customer": 22, "date": "2022-07-07", "value": "100.00000"}}, {"model": "Customer.caloriesburnt", "pk": 40, "fields": {"customer": 22, "date": "2022-07-21", "value": "200.00000"}}, {"model": "Customer.caloriesburnt", "pk": 43, "fields": {"customer": 22, "date": "2022-07-22", "value": "125.00000"}}, {"model": "Customer.caloriesburnt", "pk": 44, "fields": {"customer": 22, "date": "2022-07-25", "value": "158.00000"}}, {"model": "Customer.caloriesburnt", "pk": 47, "fields": {"customer": 22, "date": "2022-08-08", "value": "250.00000"}}, {"model": "Customer.caloriesburnt", "pk": 48, "fields": {"customer": 22, "date": "2022-08-09", "value": "250.00000"}}, {"model": "Customer.caloriesburnt", "pk": 50, "fields": {"customer": 22, "date": "2022-08-10", "value": "250.00000"}}, {"model": "Customer.caloriesburnt", "pk": 51, "fields": {"customer": 22, "date": "2022-08-11", "value": "224.00000"}}, {"model": "Customer.caloriesburnt", "pk": 53, "fields": {"customer": 22, "date": "2022-08-13", "value": "30.00000"}}, {"model": "Customer.caloriesburnt", "pk": 54, "fields": {"customer": 22, "date": "2022-08-16", "value": "200.00000"}}, {"model": "Customer.caloriesburnt", "pk": 55, "fields": {"customer": 22, "date": "2022-08-17", "value": "220.00000"}}, {"model": "Customer.caloriesburnt", "pk": 56, "fields": {"customer": 22, "date": "2022-08-18", "value": "150.00000"}}, {"model": "Customer.caloriesburnt", "pk": 58, "fields": {"customer": 22, "date": "2022-08-19", "value": "220.00000"}}, {"model": "Customer.caloriesburnt", "pk": 59, "fields": {"customer": 22, "date": "2022-08-26", "value": "212.00000"}}, {"model": "Customer.caloriesburnt", "pk": 60, "fields": {"customer": 22, "date": "2022-08-30", "value": "222.00000"}}, {"model": "Customer.caloriesburnt", "pk": 61, "fields": {"customer": 22, "date": "2022-08-31", "value": "222.00000"}}, {"model": "Customer.caloriesburnt", "pk": 62, "fields": {"customer": 22, "date": "2022-09-20", "value": "255.00000"}}, {"model": "Customer.caloriesburnt", "pk": 63, "fields": {"customer": 22, "date": "2022-09-21", "value": "222.00000"}}, {"model": "Customer.caloriesburnt", "pk": 64, "fields": {"customer": 22, "date": "2022-09-26", "value": "222.00000"}}, {"model": "Customer.caloriesburnt", "pk": 65, "fields": {"customer": 22, "date": "2022-10-01", "value": "222.00000"}}, {"model": "Customer.caloriesburnt", "pk": 66, "fields": {"customer": 22, "date": "2022-10-03", "value": "222.00000"}}, {"model": "Customer.caloriesburnt", "pk": 67, "fields": {"customer": 22, "date": "2022-10-11", "value": "220.00000"}}, {"model": "Customer.caloriesburnt", "pk": 68, "fields": {"customer": 22, "date": "2022-10-12", "value": "100.00000"}}, {"model": "Customer.caloriesburnt", "pk": 69, "fields": {"customer": 22, "date": "2022-10-14", "value": "222.00000"}}, {"model": "Customer.caloriesburnt", "pk": 70, "fields": {"customer": 22, "date": "2022-10-17", "value": "222.00000"}}, {"model": "Customer.caloriesburnt", "pk": 71, "fields": {"customer": 22, "date": "2022-11-01", "value": "200.00000"}}, {"model": "Customer.caloriesburnt", "pk": 72, "fields": {"customer": 22, "date": "2022-11-22", "value": "100.00000"}}, {"model": "Customer.caloriesburnt", "pk": 73, "fields": {"customer": 22, "date": "2023-02-06", "value": "300.00000"}}, {"model": "Customer.caloriesburnt", "pk": 74, "fields": {"customer": 22, "date": "2023-02-07", "value": "60.00000"}}, {"model": "Customer.caloriesburnt", "pk": 75, "fields": {"customer": 22, "date": "2023-02-10", "value": "50.00000"}}, {"model": "LearnIt.modules", "pk": 1, "fields": {"name": "stay fit"}}, {"model": "LearnIt.modules", "pk": 2, "fields": {"name": "diet"}}, {"model": "LearnIt.modules", "pk": 3, "fields": {"name": "relaxation"}}, {"model": "LearnIt.modules", "pk": 4, "fields": {"name": "meditation"}}, {"model": "LearnIt.modules", "pk": 5, "fields": {"name": "lactation"}}, {"model": "LearnIt.modules", "pk": 6, "fields": {"name": "natural coping"}}, {"model": "LearnIt.modules", "pk": 7, "fields": {"name": "planning birth"}}, {"model": "LearnIt.modules", "pk": 8, "fields": {"name": "new born baby care"}}, {"model": "LearnIt.modules", "pk": 9, "fields": {"name": "delivery process"}}, {"model": "LearnIt.modules", "pk": 10, "fields": {"name": "skill set"}}, {"model": "LearnIt.modules", "pk": 11, "fields": {"name": "pregnancy concerns"}}, {"model": "LearnIt.stage", "pk": 1, "fields": {"name": "stage1"}}, {"model": "LearnIt.stage", "pk": 2, "fields": {"name": "stage2"}}, {"model": "LearnIt.stage", "pk": 3, "fields": {"name": "stage3"}}, {"model": "LearnIt.stage", "pk": 4, "fields": {"name": "stage4"}}, {"model": "LearnIt.stage", "pk": 5, "fields": {"name": "stage5"}}, {"model": "LearnIt.stage", "pk": 6, "fields": {"name": "stage6"}}, {"model": "LearnIt.stage", "pk": 7, "fields": {"name": "stage7"}}, {"model": "LearnIt.stage", "pk": 8, "fields": {"name": "stage8"}}, {"model": "LearnIt.stage", "pk": 9, "fields": {"name": "stage9"}}, {"model": "LearnIt.stage", "pk": 10, "fields": {"name": "stage10"}}, {"model": "LearnIt.videos", "pk": 1, "fields": {"module": 2, "stage": 2, "video": "", "url": "https://www.youtube.com/embed/SqR-7VnVKmk", "faq": null, "relatedPost": ""}}, {"model": "LearnIt.videos", "pk": 2, "fields": {"module": 2, "stage": 3, "video": "", "url": "https://www.youtube.com/embed/SqR-7VnVKmk", "faq": "test FAQ", "relatedPost": ""}}, {"model": "LearnIt.videos", "pk": 3, "fields": {"module": 2, "stage": 1, "video": "", "url": "https://www.youtube.com/embed/SqR-7VnVKmk", "faq": null, "relatedPost": ""}}, {"model": "LearnIt.videos", "pk": 4, "fields": {"module": 2, "stage": 5, "video": "", "url": "https://www.youtube.com/embed/SqR-7VnVKmk", "faq": null, "relatedPost": ""}}, {"model": "LearnIt.videos", "pk": 5, "fields": {"module": 2, "stage": 7, "video": "", "url": "https://www.youtube.com/embed/SqR-7VnVKmk", "faq": null, "relatedPost": ""}}, {"model": "LearnIt.videos", "pk": 6, "fields": {"module": 2, "stage": 8, "video": "", "url": "https://www.youtube.com/embed/SqR-7VnVKmk", "faq": null, "relatedPost": ""}}, {"model": "LearnIt.videos", "pk": 7, "fields": {"module": 2, "stage": 9, "video": "", "url": "https://www.youtube.com/embed/SqR-7VnVKmk", "faq": null, "relatedPost": ""}}, {"model": "LearnIt.videos", "pk": 8, "fields": {"module": 2, "stage": 10, "video": "", "url": "https://www.youtube.com/embed/SqR-7VnVKmk", "faq": null, "relatedPost": ""}}, {"model": "LearnIt.videos", "pk": 9, "fields": {"module": 10, "stage": 10, "video": "", "url": "https://www.youtube.com/embed/SqR-7VnVKmk", "faq": null, "relatedPost": ""}}, {"model": "LearnIt.videos", "pk": 10, "fields": {"module": 10, "stage": 1, "video": "", "url": "https://www.youtube.com/embed/SqR-7VnVKmk", "faq": null, "relatedPost": ""}}, {"model": "LearnIt.videos", "pk": 11, "fields": {"module": 10, "stage": 2, "video": "", "url": "https://www.youtube.com/embed/SqR-7VnVKmk", "faq": null, "relatedPost": ""}}, {"model": "LearnIt.videos", "pk": 12, "fields": {"module": 10, "stage": 4, "video": "", "url": "https://www.youtube.com/embed/SqR-7VnVKmk", "faq": null, "relatedPost": ""}}, {"model": "LearnIt.videos", "pk": 13, "fields": {"module": 10, "stage": 5, "video": "", "url": "https://www.youtube.com/embed/SqR-7VnVKmk", "faq": null, "relatedPost": ""}}, {"model": "LearnIt.videos", "pk": 14, "fields": {"module": 10, "stage": 6, "video": "", "url": "https://www.youtube.com/embed/SqR-7VnVKmk", "faq": null, "relatedPost": ""}}, {"model": "LearnIt.videos", "pk": 15, "fields": {"module": 10, "stage": 7, "video": "", "url": "https://www.youtube.com/embed/SqR-7VnVKmk", "faq": null, "relatedPost": ""}}, {"model": "LearnIt.videos", "pk": 16, "fields": {"module": 10, "stage": 8, "video": "", "url": "https://www.youtube.com/embed/SqR-7VnVKmk", "faq": null, "relatedPost": ""}}, {"model": "LearnIt.videos", "pk": 17, "fields": {"module": 10, "stage": 9, "video": "", "url": "https://www.youtube.com/embed/SqR-7VnVKmk", "faq": null, "relatedPost": ""}}, {"model": "LearnIt.videos", "pk": 18, "fields": {"module": 1, "stage": 10, "video": "", "url": "https://www.youtube.com/embed/SqR-7VnVKmk", "faq": null, "relatedPost": ""}}, {"model": "LearnIt.videos", "pk": 19, "fields": {"module": 1, "stage": 1, "video": "", "url": "https://www.youtube.com/embed/SqR-7VnVKmk", "faq": null, "relatedPost": ""}}, {"model": "LearnIt.videos", "pk": 20, "fields": {"module": 1, "stage": 2, "video": "", "url": "https://www.youtube.com/embed/SqR-7VnVKmk", "faq": null, "relatedPost": ""}}, {"model": "LearnIt.videos", "pk": 21, "fields": {"module": 1, "stage": 4, "video": "", "url": "https://www.youtube.com/embed/SqR-7VnVKmk", "faq": null, "relatedPost": ""}}, {"model": "LearnIt.videos", "pk": 22, "fields": {"module": 1, "stage": 5, "video": "", "url": "https://www.youtube.com/embed/SqR-7VnVKmk", "faq": null, "relatedPost": ""}}, {"model": "LearnIt.videos", "pk": 23, "fields": {"module": 1, "stage": 6, "video": "", "url": "https://www.youtube.com/embed/SqR-7VnVKmk", "faq": null, "relatedPost": ""}}, {"model": "LearnIt.videos", "pk": 24, "fields": {"module": 1, "stage": 8, "video": "", "url": "https://www.youtube.com/embed/SqR-7VnVKmk", "faq": null, "relatedPost": ""}}, {"model": "LearnIt.videos", "pk": 25, "fields": {"module": 1, "stage": 9, "video": "", "url": "https://www.youtube.com/embed/SqR-7VnVKmk", "faq": null, "relatedPost": ""}}, {"model": "LearnIt.videos", "pk": 26, "fields": {"module": 3, "stage": 10, "video": "", "url": "https://www.youtube.com/embed/SqR-7VnVKmk", "faq": null, "relatedPost": ""}}, {"model": "LearnIt.videos", "pk": 27, "fields": {"module": 3, "stage": 1, "video": "", "url": "https://www.youtube.com/embed/SqR-7VnVKmk", "faq": null, "relatedPost": ""}}, {"model": "LearnIt.videos", "pk": 28, "fields": {"module": 3, "stage": 2, "video": "", "url": "https://www.youtube.com/embed/SqR-7VnVKmk", "faq": null, "relatedPost": ""}}, {"model": "LearnIt.videos", "pk": 29, "fields": {"module": 3, "stage": 3, "video": "", "url": "https://www.youtube.com/embed/SqR-7VnVKmk", "faq": null, "relatedPost": ""}}, {"model": "LearnIt.videos", "pk": 30, "fields": {"module": 3, "stage": 4, "video": "", "url": "https://www.youtube.com/embed/SqR-7VnVKmk", "faq": null, "relatedPost": ""}}, {"model": "LearnIt.videos", "pk": 31, "fields": {"module": 3, "stage": 6, "video": "", "url": "https://www.youtube.com/embed/SqR-7VnVKmk", "faq": null, "relatedPost": ""}}, {"model": "LearnIt.videos", "pk": 32, "fields": {"module": 3, "stage": 7, "video": "", "url": "https://www.youtube.com/embed/SqR-7VnVKmk", "faq": null, "relatedPost": ""}}, {"model": "LearnIt.videos", "pk": 33, "fields": {"module": 3, "stage": 9, "video": "", "url": "https://www.youtube.com/embed/SqR-7VnVKmk", "faq": null, "relatedPost": ""}}, {"model": "LearnIt.videos", "pk": 34, "fields": {"module": 5, "stage": 9, "video": "", "url": "https://www.youtube.com/embed/SqR-7VnVKmk", "faq": null, "relatedPost": ""}}, {"model": "LearnIt.videos", "pk": 35, "fields": {"module": 5, "stage": 1, "video": "", "url": "https://www.youtube.com/embed/SqR-7VnVKmk", "faq": null, "relatedPost": ""}}, {"model": "LearnIt.videos", "pk": 36, "fields": {"module": 5, "stage": 2, "video": "", "url": "https://www.youtube.com/embed/SqR-7VnVKmk", "faq": null, "relatedPost": ""}}, {"model": "LearnIt.videos", "pk": 37, "fields": {"module": 5, "stage": 3, "video": "", "url": "https://www.youtube.com/embed/SqR-7VnVKmk", "faq": null, "relatedPost": ""}}, {"model": "LearnIt.videos", "pk": 38, "fields": {"module": 5, "stage": 5, "video": "", "url": "https://www.youtube.com/embed/SqR-7VnVKmk", "faq": null, "relatedPost": ""}}, {"model": "LearnIt.videos", "pk": 39, "fields": {"module": 5, "stage": 7, "video": "", "url": "https://www.youtube.com/embed/SqR-7VnVKmk", "faq": null, "relatedPost": ""}}, {"model": "LearnIt.videos", "pk": 40, "fields": {"module": 5, "stage": 8, "video": "", "url": "https://www.youtube.com/embed/SqR-7VnVKmk", "faq": null, "relatedPost": ""}}, {"model": "LearnIt.videos", "pk": 41, "fields": {"module": 5, "stage": 10, "video": "", "url": "https://www.youtube.com/embed/SqR-7VnVKmk", "faq": null, "relatedPost": ""}}, {"model": "LearnIt.videos", "pk": 42, "fields": {"module": 9, "stage": 10, "video": "", "url": "https://www.youtube.com/embed/SqR-7VnVKmk", "faq": null, "relatedPost": ""}}, {"model": "LearnIt.videos", "pk": 43, "fields": {"module": 9, "stage": 1, "video": "", "url": "https://www.youtube.com/embed/SqR-7VnVKmk", "faq": null, "relatedPost": ""}}, {"model": "LearnIt.videos", "pk": 44, "fields": {"module": 9, "stage": 2, "video": "", "url": "https://www.youtube.com/embed/SqR-7VnVKmk", "faq": null, "relatedPost": ""}}, {"model": "LearnIt.videos", "pk": 45, "fields": {"module": 9, "stage": 3, "video": "", "url": "https://www.youtube.com/embed/SqR-7VnVKmk", "faq": null, "relatedPost": ""}}, {"model": "LearnIt.videos", "pk": 46, "fields": {"module": 9, "stage": 4, "video": "", "url": "https://www.youtube.com/embed/SqR-7VnVKmk", "faq": null, "relatedPost": ""}}, {"model": "LearnIt.videos", "pk": 47, "fields": {"module": 9, "stage": 6, "video": "", "url": "https://www.youtube.com/embed/SqR-7VnVKmk", "faq": null, "relatedPost": ""}}, {"model": "LearnIt.videos", "pk": 48, "fields": {"module": 9, "stage": 7, "video": "", "url": "https://www.youtube.com/embed/SqR-7VnVKmk", "faq": null, "relatedPost": ""}}, {"model": "LearnIt.videos", "pk": 49, "fields": {"module": 9, "stage": 8, "video": "", "url": "https://www.youtube.com/embed/SqR-7VnVKmk", "faq": null, "relatedPost": ""}}, {"model": "LearnIt.videos", "pk": 50, "fields": {"module": 9, "stage": 9, "video": "", "url": "https://www.youtube.com/embed/SqR-7VnVKmk", "faq": null, "relatedPost": ""}}, {"model": "LearnIt.videos", "pk": 51, "fields": {"module": 6, "stage": 10, "video": "", "url": "https://www.youtube.com/embed/SqR-7VnVKmk", "faq": null, "relatedPost": ""}}, {"model": "LearnIt.videos", "pk": 52, "fields": {"module": 6, "stage": 1, "video": "", "url": "https://www.youtube.com/embed/SqR-7VnVKmk", "faq": null, "relatedPost": ""}}, {"model": "LearnIt.videos", "pk": 53, "fields": {"module": 6, "stage": 2, "video": "", "url": "https://www.youtube.com/embed/SqR-7VnVKmk", "faq": null, "relatedPost": ""}}, {"model": "LearnIt.videos", "pk": 54, "fields": {"module": 6, "stage": 3, "video": "", "url": "https://www.youtube.com/embed/SqR-7VnVKmk", "faq": null, "relatedPost": ""}}, {"model": "LearnIt.videos", "pk": 55, "fields": {"module": 6, "stage": 4, "video": "", "url": "https://www.youtube.com/embed/SqR-7VnVKmk", "faq": null, "relatedPost": ""}}, {"model": "LearnIt.videos", "pk": 56, "fields": {"module": 6, "stage": 5, "video": "", "url": "https://www.youtube.com/embed/SqR-7VnVKmk", "faq": null, "relatedPost": ""}}, {"model": "LearnIt.videos", "pk": 57, "fields": {"module": 6, "stage": 6, "video": "", "url": "https://www.youtube.com/embed/SqR-7VnVKmk", "faq": null, "relatedPost": ""}}, {"model": "LearnIt.videos", "pk": 58, "fields": {"module": 6, "stage": 7, "video": "", "url": "https://www.youtube.com/embed/SqR-7VnVKmk", "faq": null, "relatedPost": ""}}, {"model": "LearnIt.videos", "pk": 59, "fields": {"module": 6, "stage": 8, "video": "", "url": "https://www.youtube.com/embed/SqR-7VnVKmk", "faq": null, "relatedPost": ""}}, {"model": "LearnIt.videos", "pk": 60, "fields": {"module": 6, "stage": 9, "video": "", "url": "https://www.youtube.com/embed/SqR-7VnVKmk", "faq": null, "relatedPost": ""}}, {"model": "LearnIt.videos", "pk": 61, "fields": {"module": 8, "stage": 10, "video": "", "url": "https://www.youtube.com/embed/SqR-7VnVKmk", "faq": null, "relatedPost": ""}}, {"model": "LearnIt.videos", "pk": 62, "fields": {"module": 8, "stage": 1, "video": "", "url": "https://www.youtube.com/embed/SqR-7VnVKmk", "faq": null, "relatedPost": ""}}, {"model": "LearnIt.videos", "pk": 63, "fields": {"module": 8, "stage": 2, "video": "", "url": "https://www.youtube.com/embed/SqR-7VnVKmk", "faq": null, "relatedPost": ""}}, {"model": "LearnIt.videos", "pk": 64, "fields": {"module": 8, "stage": 3, "video": "", "url": "https://www.youtube.com/embed/SqR-7VnVKmk", "faq": null, "relatedPost": ""}}, {"model": "LearnIt.videos", "pk": 65, "fields": {"module": 8, "stage": 4, "video": "", "url": "https://www.youtube.com/embed/SqR-7VnVKmk", "faq": null, "relatedPost": ""}}, {"model": "LearnIt.videos", "pk": 66, "fields": {"module": 8, "stage": 6, "video": "", "url": "https://www.youtube.com/embed/SqR-7VnVKmk", "faq": null, "relatedPost": ""}}, {"model": "LearnIt.videos", "pk": 67, "fields": {"module": 8, "stage": 8, "video": "", "url": "https://www.youtube.com/embed/SqR-7VnVKmk", "faq": null, "relatedPost": ""}}, {"model": "LearnIt.videos", "pk": 68, "fields": {"module": 8, "stage": 9, "video": "", "url": "https://www.youtube.com/embed/SqR-7VnVKmk", "faq": null, "relatedPost": ""}}, {"model": "LearnIt.videos", "pk": 69, "fields": {"module": 7, "stage": 10, "video": "", "url": "https://www.youtube.com/embed/SqR-7VnVKmk", "faq": null, "relatedPost": ""}}, {"model": "LearnIt.videos", "pk": 70, "fields": {"module": 7, "stage": 1, "video": "", "url": "https://www.youtube.com/embed/SqR-7VnVKmk", "faq": null, "relatedPost": ""}}, {"model": "LearnIt.videos", "pk": 71, "fields": {"module": 7, "stage": 2, "video": "", "url": "https://www.youtube.com/embed/SqR-7VnVKmk", "faq": null, "relatedPost": ""}}, {"model": "LearnIt.videos", "pk": 72, "fields": {"module": 7, "stage": 3, "video": "", "url": "https://www.youtube.com/embed/SqR-7VnVKmk", "faq": null, "relatedPost": ""}}, {"model": "LearnIt.videos", "pk": 73, "fields": {"module": 7, "stage": 4, "video": "", "url": "https://www.youtube.com/embed/SqR-7VnVKmk", "faq": null, "relatedPost": ""}}, {"model": "LearnIt.videos", "pk": 74, "fields": {"module": 7, "stage": 5, "video": "", "url": "https://www.youtube.com/embed/SqR-7VnVKmk", "faq": null, "relatedPost": ""}}, {"model": "LearnIt.videos", "pk": 75, "fields": {"module": 7, "stage": 6, "video": "", "url": "https://www.youtube.com/embed/SqR-7VnVKmk", "faq": null, "relatedPost": ""}}, {"model": "LearnIt.videos", "pk": 76, "fields": {"module": 7, "stage": 7, "video": "", "url": "https://www.youtube.com/embed/SqR-7VnVKmk", "faq": null, "relatedPost": ""}}, {"model": "LearnIt.videos", "pk": 77, "fields": {"module": 7, "stage": 8, "video": "", "url": "https://www.youtube.com/embed/SqR-7VnVKmk", "faq": null, "relatedPost": ""}}, {"model": "LearnIt.videos", "pk": 78, "fields": {"module": 7, "stage": 9, "video": "", "url": "https://www.youtube.com/embed/SqR-7VnVKmk", "faq": null, "relatedPost": ""}}, {"model": "LearnIt.videos", "pk": 79, "fields": {"module": 2, "stage": 4, "video": "", "url": "https://www.youtube.com/embed/SqR-7VnVKmk", "faq": null, "relatedPost": ""}}, {"model": "LearnIt.videos", "pk": 80, "fields": {"module": 5, "stage": 4, "video": "", "url": "https://www.youtube.com/embed/SqR-7VnVKmk", "faq": null, "relatedPost": ""}}, {"model": "LearnIt.videos", "pk": 81, "fields": {"module": 3, "stage": 5, "video": "", "url": "https://www.youtube.com/embed/SqR-7VnVKmk", "faq": null, "relatedPost": ""}}, {"model": "LearnIt.videos", "pk": 82, "fields": {"module": 3, "stage": 8, "video": "", "url": "https://www.youtube.com/embed/SqR-7VnVKmk", "faq": null, "relatedPost": ""}}, {"model": "LearnIt.videos", "pk": 83, "fields": {"module": 2, "stage": 6, "video": "", "url": "https://www.youtube.com/embed/SqR-7VnVKmk", "faq": null, "relatedPost": ""}}, {"model": "LearnIt.videos", "pk": 84, "fields": {"module": 10, "stage": 3, "video": "", "url": "https://www.youtube.com/embed/SqR-7VnVKmk", "faq": null, "relatedPost": ""}}, {"model": "LearnIt.videos", "pk": 85, "fields": {"module": 1, "stage": 3, "video": "", "url": "https://www.youtube.com/embed/SqR-7VnVKmk", "faq": null, "relatedPost": ""}}, {"model": "LearnIt.videos", "pk": 86, "fields": {"module": 1, "stage": 7, "video": "", "url": "https://www.youtube.com/embed/SqR-7VnVKmk", "faq": null, "relatedPost": ""}}, {"model": "LearnIt.videos", "pk": 87, "fields": {"module": 8, "stage": 5, "video": "", "url": "https://www.youtube.com/embed/SqR-7VnVKmk", "faq": null, "relatedPost": ""}}, {"model": "LearnIt.videos", "pk": 88, "fields": {"module": 8, "stage": 7, "video": "", "url": "https://www.youtube.com/embed/SqR-7VnVKmk", "faq": null, "relatedPost": ""}}, {"model": "LearnIt.videos", "pk": 89, "fields": {"module": 5, "stage": 6, "video": "", "url": "https://www.youtube.com/embed/SqR-7VnVKmk", "faq": null, "relatedPost": ""}}, {"model": "LearnIt.notes", "pk": 2, "fields": {"customer": 22, "stage": 4, "module": 2, "notes": "dad"}}, {"model": "LearnIt.notes", "pk": 3, "fields": {"customer": 22, "stage": 7, "module": 2, "notes": "hello"}}, {"model": "LearnIt.notes", "pk": 4, "fields": {"customer": 22, "stage": 7, "module": 6, "notes": "helloo"}}, {"model": "LearnIt.notes", "pk": 5, "fields": {"customer": 22, "stage": 7, "module": 9, "notes": "delivery process"}}, {"model": "LearnIt.notes", "pk": 6, "fields": {"customer": 22, "stage": 7, "module": 1, "notes": "stay fit"}}, {"model": "LearnIt.notes", "pk": 7, "fields": {"customer": 22, "stage": 7, "module": 3, "notes": "Relaxation"}}, {"model": "LearnIt.notes", "pk": 8, "fields": {"customer": 22, "stage": 7, "module": 7, "notes": "PlanningBirth"}}, {"model": "LearnIt.notes", "pk": 9, "fields": {"customer": 22, "stage": 7, "module": 5, "notes": "Lactation"}}, {"model": "LearnIt.notes", "pk": 10, "fields": {"customer": 22, "stage": 7, "module": 10, "notes": "SkillSet"}}, {"model": "LearnIt.notes", "pk": 11, "fields": {"customer": 22, "stage": 8, "module": 2, "notes": "hello sid dffsdf"}}, {"model": "LearnIt.notes", "pk": 12, "fields": {"customer": 22, "stage": 8, "module": 6, "notes": "Coping"}}, {"model": "LearnIt.notes", "pk": 13, "fields": {"customer": 22, "stage": 8, "module": 3, "notes": "relaxation"}}, {"model": "LearnIt.notes", "pk": 14, "fields": {"customer": 22, "stage": 9, "module": 2, "notes": "mary@gmail.com"}}, {"model": "LearnIt.notes", "pk": 15, "fields": {"customer": 22, "stage": 9, "module": 9, "notes": "process"}}, {"model": "LearnIt.notes", "pk": 16, "fields": {"customer": 22, "stage": 10, "module": 2, "notes": "dgh"}}, {"model": "LearnIt.notes", "pk": 17, "fields": {"customer": 22, "stage": 9, "module": 1, "notes": "mary@gmail.com"}}, {"model": "LearnIt.notes", "pk": 18, "fields": {"customer": 22, "stage": 9, "module": 6, "notes": "mary@gmail.com"}}, {"model": "LearnIt.notes", "pk": 19, "fields": {"customer": 22, "stage": 9, "module": 3, "notes": "mary@gmail.com"}}, {"model": "LearnIt.notes", "pk": 20, "fields": {"customer": 22, "stage": 9, "module": 7, "notes": "mary@gmail.com"}}, {"model": "LearnIt.notes", "pk": 21, "fields": {"customer": 22, "stage": 9, "module": 5, "notes": "mary@gmail.com"}}, {"model": "Payments.membership", "pk": 1, "fields": {"membership_name": "Little One", "membership_amount": 4999}}, {"model": "Payments.membership", "pk": 2, "fields": {"membership_name": "Bundle of Joy", "membership_amount": 9999}}, {"model": "Payments.membership", "pk": 3, "fields": {"membership_name": "Born with Silver Spoon", "membership_amount": 25000}}, {"model": "Payments.membership", "pk": 4, "fields": {"membership_name": "Trial Plan", "membership_amount": 0}}, {"model": "Payments.purchasedmembership", "pk": 42, "fields": {"user": 167, "membership": 4, "is_paid": true, "uid": "06BE36AF-FE", "created_at": "2023-06-05T12:26:48.979Z"}}, {"model": "Payments.purchasedmembership", "pk": 45, "fields": {"user": 157, "membership": 2, "is_paid": true, "uid": "ce3a8da9-bed1-427c-8403-9b773eeb9a98", "created_at": "2023-06-05T12:52:19.172Z"}}, {"model": "Payments.purchasedmembership", "pk": 46, "fields": {"user": 152, "membership": 1, "is_paid": false, "uid": "fee5c6628c9b4e0", "created_at": "2023-06-05T13:42:03.068Z"}}, {"model": "Payments.purchasedmembership", "pk": 47, "fields": {"user": 168, "membership": 1, "is_paid": false, "uid": "fa6414aa47884c2", "created_at": "2023-06-05T13:42:34.745Z"}}, {"model": "Payments.purchasedmembership", "pk": 48, "fields": {"user": 167, "membership": 1, "is_paid": false, "uid": "68f4993b2dbe455", "created_at": "2023-06-10T05:18:23.283Z"}}, {"model": "Payments.purchasedmembership", "pk": 49, "fields": {"user": 167, "membership": 1, "is_paid": false, "uid": "d54e95ab280744e", "created_at": "2023-06-11T09:42:40.590Z"}}, {"model": "Payments.purchasedmembership", "pk": 50, "fields": {"user": 168, "membership": 4, "is_paid": false, "uid": "0eab144e8a194b9", "created_at": "2023-06-14T05:05:35.794Z"}}, {"model": "Payments.purchasedmembership", "pk": 51, "fields": {"user": 168, "membership": 4, "is_paid": false, "uid": "24084e60eb91499", "created_at": "2023-06-14T05:05:45.393Z"}}, {"model": "Payments.purchasedmembership", "pk": 52, "fields": {"user": 168, "membership": 4, "is_paid": false, "uid": "dab0683cf14b46a", "created_at": "2023-06-14T05:05:48.836Z"}}, {"model": "Payments.purchasedmembership", "pk": 53, "fields": {"user": 168, "membership": 4, "is_paid": false, "uid": "933a678d5eb845c", "created_at": "2023-06-14T05:06:00.176Z"}}, {"model": "Payments.purchasedmembership", "pk": 54, "fields": {"user": 169, "membership": 3, "is_paid": false, "uid": "2ec0d430-8c14-4fcc-89ce-5d962cffdf33", "created_at": "2023-06-14T05:12:49.612Z"}}, {"model": "Payments.purchasedmembership", "pk": 55, "fields": {"user": 169, "membership": 3, "is_paid": false, "uid": "5a66605b-94f2-41a7-91fe-99732779d7ca", "created_at": "2023-06-14T05:12:54.695Z"}}, {"model": "Payments.purchasedmembership", "pk": 56, "fields": {"user": 169, "membership": 1, "is_paid": false, "uid": "4a11b38f-e813-40d2-bd22-e8f08ad8a57f", "created_at": "2023-06-14T05:12:58.988Z"}}, {"model": "Payments.purchasedmembership", "pk": 57, "fields": {"user": 169, "membership": 2, "is_paid": false, "uid": "23b65176-3256-4f2f-8d59-06605e187ea4", "created_at": "2023-06-14T05:13:20.220Z"}}, {"model": "Payments.purchasedmembership", "pk": 58, "fields": {"user": 169, "membership": 3, "is_paid": false, "uid": "e8fbfc2d-1c4a-465b-a364-c4fda094b3a0", "created_at": "2023-06-14T05:13:42.216Z"}}, {"model": "Payments.purchasedmembership", "pk": 59, "fields": {"user": 157, "membership": 2, "is_paid": false, "uid": "a052f28d-0e35-4e5c-90cf-c3e27a1f472e", "created_at": "2023-06-14T05:14:05.991Z"}}, {"model": "Payments.purchasedmembership", "pk": 60, "fields": {"user": 157, "membership": 1, "is_paid": false, "uid": "bd3bfac2-a561-42dd-bf93-eca1759e0f52", "created_at": "2023-06-14T05:17:53.706Z"}}, {"model": "Payments.purchasedmembership", "pk": 61, "fields": {"user": 157, "membership": 1, "is_paid": false, "uid": "069852f9-ce2d-490d-a6bc-e22f02d25f39", "created_at": "2023-06-14T05:21:15.037Z"}}, {"model": "Payments.purchasedmembership", "pk": 62, "fields": {"user": 157, "membership": 3, "is_paid": false, "uid": "a82b4c35-dee8-4aa7-be11-081dc92d5066", "created_at": "2023-06-14T05:21:18.940Z"}}, {"model": "Payments.purchasedmembership", "pk": 63, "fields": {"user": 169, "membership": 3, "is_paid": false, "uid": "a4b4b886-f13e-46da-9b33-dcb75918d95d", "created_at": "2023-06-14T05:26:57.889Z"}}, {"model": "Payments.purchasedmembership", "pk": 64, "fields": {"user": 171, "membership": 1, "is_paid": false, "uid": "744e74d6-69e1-489d-ba5d-4e617e0d2c63", "created_at": "2023-06-15T07:27:39.128Z"}}, {"model": "Payments.purchasedmembership", "pk": 65, "fields": {"user": 171, "membership": 1, "is_paid": false, "uid": "744e74d6-69e1-489d-ba5d-4e617e0d2c63", "created_at": "2023-06-15T07:29:18.721Z"}}, {"model": "Payments.purchasedmembership", "pk": 66, "fields": {"user": 172, "membership": 1, "is_paid": false, "uid": "d9a876e9-b743-413a-8197-fb9e373d07e1", "created_at": "2023-06-15T07:56:52.755Z"}}, {"model": "Payments.purchasedmembership", "pk": 67, "fields": {"user": 173, "membership": 1, "is_paid": false, "uid": "4f10efbe-a9b9-4820-bba3-6a43e66330aa", "created_at": "2023-06-15T08:27:31.428Z"}}, {"model": "Payments.purchasedmembership", "pk": 68, "fields": {"user": 173, "membership": 1, "is_paid": false, "uid": "B12CDEFE-BF", "created_at": "2023-06-15T08:38:45.941Z"}}, {"model": "Payments.purchasedmembership", "pk": 69, "fields": {"user": 173, "membership": 1, "is_paid": true, "uid": "AB20A001-B4", "created_at": "2023-06-15T08:48:42.632Z"}}, {"model": "Payments.purchasedmembership", "pk": 70, "fields": {"user": 174, "membership": 1, "is_paid": true, "uid": "b870b3cc-405e-4945-9ddb-2f36e151fd85", "created_at": "2023-06-15T09:21:20.384Z"}}, {"model": "Payments.purchasedmembership", "pk": 71, "fields": {"user": 169, "membership": 1, "is_paid": false, "uid": "c86f9f88-1129-4741-953e-f85bf5e2435f", "created_at": "2023-06-22T16:55:18.747Z"}}, {"model": "Payments.purchasedmembership", "pk": 72, "fields": {"user": 169, "membership": 1, "is_paid": true, "uid": "3f9a34eb-d1f5-48bc-ba2e-6052d9ae2e2a", "created_at": "2023-06-23T15:14:03.910Z"}}, {"model": "Payments.purchasedmembership", "pk": 73, "fields": {"user": 183, "membership": 1, "is_paid": true, "uid": "021620d5-a721-4233-a091-2c78f6f6a922", "created_at": "2023-06-27T04:33:36.956Z"}}, {"model": "Payments.purchasedmembership", "pk": 74, "fields": {"user": 184, "membership": 1, "is_paid": false, "uid": "418fb0e5-fdf8-4de7-9576-285bf88ff87e", "created_at": "2023-06-27T07:47:43.124Z"}}, {"model": "Payments.purchasedmembership", "pk": 75, "fields": {"user": 184, "membership": 3, "is_paid": false, "uid": "b8c32d9d-a0fa-4aca-9ee3-858164b2bb42", "created_at": "2023-06-27T07:47:54.611Z"}}, {"model": "Payments.purchasedmembership", "pk": 76, "fields": {"user": 184, "membership": 1, "is_paid": false, "uid": "a2237cca-912a-431b-aaab-2d27b3358082", "created_at": "2023-06-27T07:48:33.616Z"}}, {"model": "Payments.purchasedmembership", "pk": 77, "fields": {"user": 184, "membership": 1, "is_paid": true, "uid": "5a29aaad-8269-4674-a541-ad30caec86a6", "created_at": "2023-06-27T07:55:14.645Z"}}, {"model": "Payments.purchasedmembership", "pk": 78, "fields": {"user": 184, "membership": 3, "is_paid": true, "uid": "6e344e42-5341-4622-bead-e7101fe0cde1", "created_at": "2023-06-27T07:55:44.181Z"}}, {"model": "Payments.purchasedmembership", "pk": 79, "fields": {"user": 184, "membership": 1, "is_paid": false, "uid": "545227a3-0878-492e-95ba-828f69fb94a7", "created_at": "2023-06-27T07:56:09.282Z"}}, {"model": "Payments.purchasedmembership", "pk": 80, "fields": {"user": 185, "membership": 1, "is_paid": true, "uid": "45f6a579-1eff-4734-90a1-e8914879e2d1", "created_at": "2023-06-27T08:06:10.725Z"}}, {"model": "Payments.purchasedmembership", "pk": 81, "fields": {"user": 185, "membership": 1, "is_paid": true, "uid": "7e6e9bb4-cca1-4918-aac3-0d1d4c20de55", "created_at": "2023-06-27T08:06:58.902Z"}}, {"model": "Payments.purchasedmembership", "pk": 82, "fields": {"user": 185, "membership": 1, "is_paid": true, "uid": "5c3d7738-c607-40ab-9192-a867f6e8fbde", "created_at": "2023-06-27T08:13:01.474Z"}}, {"model": "Payments.membershipplans", "pk": 1, "fields": {"name": "1 month package 30 days validity", "validity": 30, "amount": 1499, "recurrence_count": 10}}, {"model": "Payments.membershipplans", "pk": 2, "fields": {"name": "3 month package 90 days validity", "validity": 90, "amount": 4444, "recurrence_count": 2}}, {"model": "Payments.membershipplans", "pk": 3, "fields": {"name": "pregnancy class", "validity": 300, "amount": 5900, "recurrence_count": 1}}, {"model": "Payments.membershipplans", "pk": 4, "fields": {"name": "full pregnancy package", "validity": 300, "amount": 7777, "recurrence_count": 1}}, {"model": "Payments.membershipplans", "pk": 5, "fields": {"name": "free version", "validity": 365, "amount": 0, "recurrence_count": 1}}, {"model": "Payments.payments", "pk": 22, "fields": {"customer": 22, "date": "2022-01-15T11:03:59.562Z", "amount": 7777, "sub_Id": "sub_Ijzj1LqtTm9Nam", "paymentId": "pay_IjzjfFwBGzq6HV", "signature": "bca5af455a2aef779134292d69f60318172f76e9969051845a4a7e3b24aa230c", "captured": true}}, {"model": "Payments.payments", "pk": 23, "fields": {"customer": 34, "date": "2022-01-17T11:05:11.233Z", "amount": 1499, "sub_Id": "sub_IkmoWa3mdGTsTp", "paymentId": "pay_IkmqJ5Sk3hnq4q", "signature": "ee39f49ce345fc6a5138a7dfe8bd632caced52cdb1ed7faf98e01eccfad15725", "captured": true}}, {"model": "Payments.payments", "pk": 28, "fields": {"customer": 22, "date": "2022-05-10T09:55:45.331Z", "amount": 7777, "sub_Id": "sub_JTTznGq2394FEM", "paymentId": "", "signature": "", "captured": false}}, {"model": "Payments.payments", "pk": 99, "fields": {"customer": 22, "date": "2023-01-27T07:39:25.859Z", "amount": 1499, "sub_Id": "sub_L97dLg6FuSikZW", "paymentId": "", "signature": "", "captured": false}}, {"model": "Payments.payments", "pk": 100, "fields": {"customer": 22, "date": "2023-01-27T07:39:27.325Z", "amount": 1499, "sub_Id": "sub_L97dNK2uRThdAv", "paymentId": "", "signature": "", "captured": false}}, {"model": "Payments.payments", "pk": 101, "fields": {"customer": 22, "date": "2023-01-27T07:39:36.620Z", "amount": 1499, "sub_Id": "sub_L97dXKivMLUo2v", "paymentId": "", "signature": "", "captured": false}}, {"model": "Payments.payments", "pk": 102, "fields": {"customer": 22, "date": "2023-01-27T07:39:43.841Z", "amount": 4444, "sub_Id": "sub_L97dfLLH8OMdEy", "paymentId": "", "signature": "", "captured": false}}, {"model": "Payments.payments", "pk": 103, "fields": {"customer": 22, "date": "2023-01-27T07:40:46.157Z", "amount": 4444, "sub_Id": "sub_L97elMRDQKTTv8", "paymentId": "", "signature": "", "captured": false}}, {"model": "Payments.payments", "pk": 104, "fields": {"customer": 22, "date": "2023-01-27T07:40:54.202Z", "amount": 1499, "sub_Id": "sub_L97euFbbwWoYbq", "paymentId": "", "signature": "", "captured": false}}, {"model": "Payments.payments", "pk": 105, "fields": {"customer": 22, "date": "2023-01-27T07:41:07.413Z", "amount": 1499, "sub_Id": "sub_L97f8lHod3IxTE", "paymentId": "", "signature": "", "captured": false}}, {"model": "Payments.payments", "pk": 106, "fields": {"customer": 22, "date": "2023-01-27T07:41:08.493Z", "amount": 1499, "sub_Id": "sub_L97f9wgKetdTtI", "paymentId": "", "signature": "", "captured": false}}, {"model": "Payments.payments", "pk": 107, "fields": {"customer": 22, "date": "2023-01-27T07:41:14.387Z", "amount": 1499, "sub_Id": "sub_L97fABAKV1TV2e", "paymentId": "", "signature": "", "captured": false}}, {"model": "Payments.payments", "pk": 108, "fields": {"customer": 22, "date": "2023-01-27T07:41:14.435Z", "amount": 1499, "sub_Id": "sub_L97fGOLXhubrF1", "paymentId": "", "signature": "", "captured": false}}, {"model": "Payments.payments", "pk": 109, "fields": {"customer": 22, "date": "2023-01-27T07:41:14.588Z", "amount": 1499, "sub_Id": "sub_L97fGKpmrtjRc8", "paymentId": "", "signature": "", "captured": false}}, {"model": "Payments.payments", "pk": 110, "fields": {"customer": 22, "date": "2023-01-27T07:41:22.166Z", "amount": 1499, "sub_Id": "sub_L97fOeIvv7H4h3", "paymentId": "", "signature": "", "captured": false}}, {"model": "Payments.payments", "pk": 111, "fields": {"customer": 22, "date": "2023-01-27T07:41:27.592Z", "amount": 4444, "sub_Id": "sub_L97fUhAYhuRGaZ", "paymentId": "", "signature": "", "captured": false}}, {"model": "Payments.payments", "pk": 112, "fields": {"customer": 22, "date": "2023-01-27T07:41:27.696Z", "amount": 4444, "sub_Id": "sub_L97fUjxOZtvzUM", "paymentId": "", "signature": "", "captured": false}}, {"model": "Payments.payments", "pk": 113, "fields": {"customer": 22, "date": "2023-01-27T07:41:32.723Z", "amount": 4444, "sub_Id": "sub_L97faAzHjn12x0", "paymentId": "", "signature": "", "captured": false}}, {"model": "Payments.payments", "pk": 114, "fields": {"customer": 22, "date": "2023-01-27T07:41:32.807Z", "amount": 4444, "sub_Id": "sub_L97faN1EfhZ2LE", "paymentId": "", "signature": "", "captured": false}}, {"model": "Payments.payments", "pk": 115, "fields": {"customer": 22, "date": "2023-01-27T07:41:39.148Z", "amount": 4444, "sub_Id": "sub_L97fh9IiP4FEoJ", "paymentId": "", "signature": "", "captured": false}}, {"model": "Payments.payments", "pk": 116, "fields": {"customer": 22, "date": "2023-01-27T07:41:44.384Z", "amount": 4444, "sub_Id": "sub_L97fn48iR02ohn", "paymentId": "", "signature": "", "captured": false}}, {"model": "Payments.payments", "pk": 117, "fields": {"customer": 22, "date": "2023-01-27T07:43:00.448Z", "amount": 1499, "sub_Id": "sub_L97h8AT9edh9bP", "paymentId": "", "signature": "", "captured": false}}, {"model": "Payments.payments", "pk": 118, "fields": {"customer": 22, "date": "2023-01-27T07:43:15.499Z", "amount": 1499, "sub_Id": "sub_L97hOQroDVpfXO", "paymentId": "", "signature": "", "captured": false}}, {"model": "Payments.payments", "pk": 119, "fields": {"customer": 22, "date": "2023-01-27T07:43:21.481Z", "amount": 1499, "sub_Id": "sub_L97hUvDkmlLp5u", "paymentId": "", "signature": "", "captured": false}}, {"model": "Payments.payments", "pk": 120, "fields": {"customer": 22, "date": "2023-01-27T07:43:27.186Z", "amount": 4444, "sub_Id": "sub_L97hb6ilWuwoEN", "paymentId": "", "signature": "", "captured": false}}, {"model": "Payments.payments", "pk": 121, "fields": {"customer": 22, "date": "2023-01-27T07:47:58.715Z", "amount": 1499, "sub_Id": "sub_L97mNOl1ZdS1vU", "paymentId": "", "signature": "", "captured": false}}, {"model": "Payments.payments", "pk": 122, "fields": {"customer": 22, "date": "2023-01-27T07:48:05.720Z", "amount": 1499, "sub_Id": "sub_L97mVAHqpIRq6z", "paymentId": "", "signature": "", "captured": false}}, {"model": "Payments.payments", "pk": 123, "fields": {"customer": 22, "date": "2023-01-27T07:49:02.491Z", "amount": 4444, "sub_Id": "sub_L97nVGmKb7FjqC", "paymentId": "", "signature": "", "captured": false}}, {"model": "Payments.payments", "pk": 124, "fields": {"customer": 22, "date": "2023-01-27T07:54:20.113Z", "amount": 1499, "sub_Id": "sub_L97t5sRXw8GkvQ", "paymentId": "", "signature": "", "captured": false}}, {"model": "Payments.payments", "pk": 125, "fields": {"customer": 22, "date": "2023-01-27T07:54:33.924Z", "amount": 1499, "sub_Id": "sub_L97tKy4AdLrazE", "paymentId": "", "signature": "", "captured": false}}, {"model": "Payments.payments", "pk": 126, "fields": {"customer": 22, "date": "2023-01-27T08:17:55.362Z", "amount": 4444, "sub_Id": "sub_L98I0aYSjtaqqc", "paymentId": "", "signature": "", "captured": false}}, {"model": "Payments.payments", "pk": 127, "fields": {"customer": 22, "date": "2023-01-27T08:25:56.901Z", "amount": 4444, "sub_Id": "sub_L98QUFZf92w2N0", "paymentId": "", "signature": "", "captured": false}}, {"model": "Payments.payments", "pk": 134, "fields": {"customer": 22, "date": "2023-01-27T09:01:04.924Z", "amount": 4444, "sub_Id": "sub_L991bSq8vKiiGN", "paymentId": "", "signature": "", "captured": false}}, {"model": "Payments.payments", "pk": 135, "fields": {"customer": 22, "date": "2023-01-27T09:01:15.132Z", "amount": 1499, "sub_Id": "sub_L991mfJ1tLpszR", "paymentId": "", "signature": "", "captured": false}}, {"model": "Payments.payments", "pk": 136, "fields": {"customer": 22, "date": "2023-01-27T09:01:23.118Z", "amount": 7777, "sub_Id": "sub_L991vDyFPyg9Jb", "paymentId": "", "signature": "", "captured": false}}, {"model": "Payments.payments", "pk": 139, "fields": {"customer": 22, "date": "2023-01-27T09:25:16.683Z", "amount": 1499, "sub_Id": "sub_L99R9pFLTjA0R9", "paymentId": "", "signature": "", "captured": false}}, {"model": "Payments.payments", "pk": 140, "fields": {"customer": 22, "date": "2023-01-27T09:26:35.324Z", "amount": 1499, "sub_Id": "sub_L99SXm8yYkypwQ", "paymentId": "", "signature": "", "captured": false}}, {"model": "Payments.payments", "pk": 141, "fields": {"customer": 22, "date": "2023-01-27T09:26:57.724Z", "amount": 4444, "sub_Id": "sub_L99SwKJX4g5pUY", "paymentId": "", "signature": "", "captured": false}}, {"model": "Payments.payments", "pk": 142, "fields": {"customer": 22, "date": "2023-01-27T09:27:10.537Z", "amount": 7777, "sub_Id": "sub_L99TAJpL0skXKs", "paymentId": "", "signature": "", "captured": false}}, {"model": "Payments.payments", "pk": 143, "fields": {"customer": 22, "date": "2023-01-27T09:27:20.533Z", "amount": 4444, "sub_Id": "sub_L99TLDMBwi7jp9", "paymentId": "", "signature": "", "captured": false}}, {"model": "Payments.payments", "pk": 144, "fields": {"customer": 22, "date": "2023-01-27T09:27:25.773Z", "amount": 1499, "sub_Id": "sub_L99TQqTzrK2sCw", "paymentId": "", "signature": "", "captured": false}}, {"model": "Payments.payments", "pk": 145, "fields": {"customer": 22, "date": "2023-01-27T09:27:36.163Z", "amount": 4444, "sub_Id": "sub_L99TcJmbJtGxVr", "paymentId": "", "signature": "", "captured": false}}, {"model": "Payments.payments", "pk": 146, "fields": {"customer": 22, "date": "2023-01-27T09:27:46.378Z", "amount": 7777, "sub_Id": "sub_L99TnRCLtGx66I", "paymentId": "", "signature": "", "captured": false}}, {"model": "Payments.payments", "pk": 147, "fields": {"customer": 22, "date": "2023-01-27T09:27:47.795Z", "amount": 4444, "sub_Id": "sub_L99Tosq83iGcCA", "paymentId": "", "signature": "", "captured": false}}, {"model": "Payments.payments", "pk": 148, "fields": {"customer": 22, "date": "2023-01-27T09:27:53.399Z", "amount": 1499, "sub_Id": "sub_L99Tv3K00tk62E", "paymentId": "", "signature": "", "captured": false}}, {"model": "Payments.payments", "pk": 149, "fields": {"customer": 22, "date": "2023-01-27T09:27:58.320Z", "amount": 7777, "sub_Id": "sub_L99U0TbCHH3sDC", "paymentId": "", "signature": "", "captured": false}}, {"model": "Payments.payments", "pk": 150, "fields": {"customer": 22, "date": "2023-01-27T09:29:13.969Z", "amount": 1499, "sub_Id": "sub_L99VL0LLFx4MUy", "paymentId": "", "signature": "", "captured": false}}, {"model": "Payments.payments", "pk": 151, "fields": {"customer": 22, "date": "2023-01-27T09:31:03.903Z", "amount": 1499, "sub_Id": "sub_L99XGoRDaR0p0e", "paymentId": "", "signature": "", "captured": false}}, {"model": "Payments.payments", "pk": 152, "fields": {"customer": 22, "date": "2023-01-27T09:38:54.164Z", "amount": 1499, "sub_Id": "sub_L99fYIEBvlR7Ce", "paymentId": "", "signature": "", "captured": false}}, {"model": "Payments.payments", "pk": 153, "fields": {"customer": 22, "date": "2023-01-27T09:39:13.857Z", "amount": 4444, "sub_Id": "sub_L99ftlJvu6Mvg5", "paymentId": "", "signature": "", "captured": false}}, {"model": "Payments.payments", "pk": 154, "fields": {"customer": 22, "date": "2023-01-27T09:39:45.701Z", "amount": 7777, "sub_Id": "sub_L99gSMfyDflCbZ", "paymentId": "", "signature": "", "captured": false}}, {"model": "Payments.payments", "pk": 155, "fields": {"customer": 22, "date": "2023-01-27T09:39:50.818Z", "amount": 1499, "sub_Id": "sub_L99gYKh3iCtIOp", "paymentId": "", "signature": "", "captured": false}}, {"model": "Payments.payments", "pk": 156, "fields": {"customer": 22, "date": "2023-01-27T09:39:56.148Z", "amount": 4444, "sub_Id": "sub_L99ge2zxxiu3ls", "paymentId": "", "signature": "", "captured": false}}, {"model": "Payments.payments", "pk": 157, "fields": {"customer": 22, "date": "2023-01-27T09:40:37.910Z", "amount": 1499, "sub_Id": "sub_L99hNdHdGwZQmp", "paymentId": "", "signature": "", "captured": false}}, {"model": "Payments.payments", "pk": 158, "fields": {"customer": 22, "date": "2023-01-27T09:47:25.062Z", "amount": 1499, "sub_Id": "sub_L99oY1Biz29ggp", "paymentId": "", "signature": "", "captured": false}}, {"model": "Payments.payments", "pk": 159, "fields": {"customer": 22, "date": "2023-01-27T09:58:09.550Z", "amount": 1499, "sub_Id": "sub_L99ztLwiQDJlvz", "paymentId": "", "signature": "", "captured": false}}, {"model": "Payments.payments", "pk": 160, "fields": {"customer": 22, "date": "2023-01-27T09:58:59.155Z", "amount": 4444, "sub_Id": "sub_L9A0laLf81hhzc", "paymentId": "", "signature": "", "captured": false}}, {"model": "Payments.payments", "pk": 161, "fields": {"customer": 22, "date": "2023-01-27T10:00:35.910Z", "amount": 1499, "sub_Id": "sub_L9A2TCoPzotCMh", "paymentId": "", "signature": "", "captured": false}}, {"model": "Payments.payments", "pk": 162, "fields": {"customer": 22, "date": "2023-01-27T10:00:38.543Z", "amount": 4444, "sub_Id": "sub_L9A2PlhnxopOzp", "paymentId": "", "signature": "", "captured": false}}, {"model": "Payments.payments", "pk": 163, "fields": {"customer": 22, "date": "2023-01-27T10:00:49.829Z", "amount": 4444, "sub_Id": "sub_L9A2hvw2gpr1LA", "paymentId": "", "signature": "", "captured": false}}, {"model": "Payments.payments", "pk": 164, "fields": {"customer": 22, "date": "2023-01-27T10:01:46.850Z", "amount": 4444, "sub_Id": "sub_L9A3if6ZhzrhUY", "paymentId": "", "signature": "", "captured": false}}, {"model": "Payments.payments", "pk": 165, "fields": {"customer": 22, "date": "2023-01-27T10:02:01.345Z", "amount": 4444, "sub_Id": "sub_L9A3y0nmIhlE4p", "paymentId": "", "signature": "", "captured": false}}, {"model": "Payments.payments", "pk": 166, "fields": {"customer": 22, "date": "2023-01-27T10:02:10.914Z", "amount": 4444, "sub_Id": "sub_L9A48i7XI2kp1v", "paymentId": "", "signature": "", "captured": false}}, {"model": "Payments.payments", "pk": 167, "fields": {"customer": 22, "date": "2023-01-27T10:07:03.939Z", "amount": 4444, "sub_Id": "sub_L9A9Is0GXNjrSR", "paymentId": "", "signature": "", "captured": false}}, {"model": "Payments.payments", "pk": 168, "fields": {"customer": 22, "date": "2023-01-27T10:07:17.098Z", "amount": 4444, "sub_Id": "sub_L9A9X01Oopdii2", "paymentId": "", "signature": "", "captured": false}}, {"model": "Payments.payments", "pk": 169, "fields": {"customer": 22, "date": "2023-01-27T10:10:17.304Z", "amount": 4444, "sub_Id": "sub_L9ACheTiTewdQC", "paymentId": "", "signature": "", "captured": false}}, {"model": "Payments.payments", "pk": 170, "fields": {"customer": 22, "date": "2023-01-27T10:10:34.265Z", "amount": 1499, "sub_Id": "sub_L9AD0Lk7YoGfjg", "paymentId": "", "signature": "", "captured": false}}, {"model": "Payments.payments", "pk": 171, "fields": {"customer": 22, "date": "2023-01-27T10:11:13.515Z", "amount": 7777, "sub_Id": "sub_L9ADgztn414ILA", "paymentId": "", "signature": "", "captured": false}}, {"model": "Payments.payments", "pk": 219, "fields": {"customer": 145, "date": "2023-02-06T04:40:15.757Z", "amount": 1499, "sub_Id": "sub_LD1vHaDLpyszGw", "paymentId": "", "signature": "", "captured": false}}, {"model": "Payments.payments", "pk": 220, "fields": {"customer": 145, "date": "2023-02-06T04:57:43.320Z", "amount": 1499, "sub_Id": "sub_LD2Diu8KM1Kpob", "paymentId": "", "signature": "", "captured": false}}, {"model": "Payments.payments", "pk": 221, "fields": {"customer": 145, "date": "2023-02-06T05:01:26.977Z", "amount": 1499, "sub_Id": "sub_LD2HfNcTn75Vwg", "paymentId": "", "signature": "", "captured": false}}, {"model": "Payments.payments", "pk": 222, "fields": {"customer": 145, "date": "2023-02-06T05:03:36.042Z", "amount": 7777, "sub_Id": "sub_LD2JwIV8OI6ZYj", "paymentId": "", "signature": "", "captured": false}}, {"model": "Payments.payments", "pk": 223, "fields": {"customer": 22, "date": "2023-02-06T05:04:47.915Z", "amount": 1499, "sub_Id": "sub_LD2LCkkulvr840", "paymentId": "", "signature": "", "captured": false}}, {"model": "Payments.payments", "pk": 224, "fields": {"customer": 149, "date": "2023-04-07T05:17:40.079Z", "amount": 1499, "sub_Id": "sub_Lamc0zzAEs19I2", "paymentId": "", "signature": "", "captured": false}}, {"model": "Payments.subscriptions", "pk": 7, "fields": {"membership": 4, "customer": 22, "date": "2022-01-15T11:04:39.587Z", "valid_till": "2022-11-11T11:04:39.586Z", "is_active": false}}, {"model": "Payments.subscriptions", "pk": 8, "fields": {"membership": 1, "customer": 34, "date": "2022-01-17T11:06:55.612Z", "valid_till": "2022-02-16T11:06:55.611Z", "is_active": true}}, {"model": "Payments.subscriptions", "pk": 11, "fields": {"membership": 2, "customer": 22, "date": "2022-05-10T07:24:16.331Z", "valid_till": "2022-08-08T07:24:16.324Z", "is_active": false}}, {"model": "Payments.subscriptions", "pk": 12, "fields": {"membership": 4, "customer": 22, "date": "2022-05-10T07:24:29.514Z", "valid_till": "2023-03-06T07:24:29.507Z", "is_active": false}}, {"model": "Payments.subscriptions", "pk": 13, "fields": {"membership": 3, "customer": 22, "date": "2022-05-10T07:24:39.712Z", "valid_till": "2023-03-06T07:24:39.707Z", "is_active": false}}, {"model": "Payments.subscriptions", "pk": 14, "fields": {"membership": 4, "customer": 22, "date": "2022-05-10T07:24:44.873Z", "valid_till": "2023-03-06T07:24:44.866Z", "is_active": false}}, {"model": "Payments.subscriptions", "pk": 15, "fields": {"membership": 5, "customer": 22, "date": "2022-05-10T09:43:11.371Z", "valid_till": "2023-05-10T09:43:11.371Z", "is_active": false}}, {"model": "Payments.subscriptions", "pk": 20, "fields": {"membership": 1, "customer": 22, "date": "2022-05-10T10:15:11.615Z", "valid_till": "2022-06-09T10:15:11.605Z", "is_active": false}}, {"model": "Payments.subscriptions", "pk": 21, "fields": {"membership": 2, "customer": 22, "date": "2022-05-10T10:15:12.109Z", "valid_till": "2022-08-08T10:15:12.104Z", "is_active": false}}, {"model": "Payments.subscriptions", "pk": 22, "fields": {"membership": 1, "customer": 22, "date": "2022-05-10T10:15:12.617Z", "valid_till": "2022-06-09T10:15:12.610Z", "is_active": false}}, {"model": "Payments.subscriptions", "pk": 23, "fields": {"membership": 2, "customer": 22, "date": "2022-05-10T10:15:13.589Z", "valid_till": "2022-08-08T10:15:13.584Z", "is_active": false}}, {"model": "Payments.subscriptions", "pk": 24, "fields": {"membership": 3, "customer": 22, "date": "2022-05-10T10:15:13.811Z", "valid_till": "2023-03-06T10:15:13.807Z", "is_active": false}}, {"model": "Payments.subscriptions", "pk": 25, "fields": {"membership": 4, "customer": 22, "date": "2022-05-10T10:15:14.024Z", "valid_till": "2023-03-06T10:15:14.020Z", "is_active": false}}, {"model": "Payments.subscriptions", "pk": 26, "fields": {"membership": 3, "customer": 22, "date": "2022-05-10T10:15:14.659Z", "valid_till": "2023-03-06T10:15:14.654Z", "is_active": false}}, {"model": "Payments.subscriptions", "pk": 27, "fields": {"membership": 2, "customer": 22, "date": "2022-05-10T10:15:14.854Z", "valid_till": "2022-08-08T10:15:14.847Z", "is_active": false}}, {"model": "Payments.subscriptions", "pk": 28, "fields": {"membership": 1, "customer": 22, "date": "2022-05-10T10:15:15.056Z", "valid_till": "2022-06-09T10:15:15.048Z", "is_active": false}}, {"model": "Payments.subscriptions", "pk": 30, "fields": {"membership": 2, "customer": 22, "date": "2022-05-10T10:16:13.065Z", "valid_till": "2022-08-08T10:16:13.060Z", "is_active": false}}, {"model": "Payments.subscriptions", "pk": 31, "fields": {"membership": 1, "customer": 22, "date": "2022-05-10T10:16:14.076Z", "valid_till": "2022-06-09T10:16:14.070Z", "is_active": false}}, {"model": "Payments.subscriptions", "pk": 32, "fields": {"membership": 5, "customer": 22, "date": "2022-05-10T10:39:33.907Z", "valid_till": "2023-05-10T10:39:33.897Z", "is_active": false}}, {"model": "Payments.subscriptions", "pk": 33, "fields": {"membership": 4, "customer": 22, "date": "2022-05-10T10:39:48.018Z", "valid_till": "2023-03-06T10:39:48.012Z", "is_active": false}}, {"model": "Payments.subscriptions", "pk": 34, "fields": {"membership": 5, "customer": 22, "date": "2022-05-10T10:45:14.736Z", "valid_till": "2023-05-10T10:45:14.735Z", "is_active": false}}, {"model": "Payments.subscriptions", "pk": 35, "fields": {"membership": 4, "customer": 22, "date": "2022-05-10T10:46:09.771Z", "valid_till": "2023-03-06T10:46:09.763Z", "is_active": false}}, {"model": "Payments.subscriptions", "pk": 98, "fields": {"membership": 5, "customer": 22, "date": "2023-01-26T04:47:08.263Z", "valid_till": "2024-01-26T04:47:08.263Z", "is_active": false}}, {"model": "Payments.subscriptions", "pk": 100, "fields": {"membership": 5, "customer": 22, "date": "2023-01-31T07:53:47.264Z", "valid_till": "2024-01-31T07:53:47.258Z", "is_active": false}}, {"model": "Payments.subscriptions", "pk": 101, "fields": {"membership": 5, "customer": 22, "date": "2023-01-31T07:53:56.332Z", "valid_till": "2024-01-31T07:53:56.326Z", "is_active": false}}, {"model": "Payments.subscriptions", "pk": 102, "fields": {"membership": 4, "customer": 22, "date": "2023-01-31T07:54:22.327Z", "valid_till": "2023-11-27T07:54:22.321Z", "is_active": true}}, {"model": "Payments.subscriptions", "pk": 103, "fields": {"membership": 5, "customer": 144, "date": "2023-02-05T14:18:33.786Z", "valid_till": "2024-02-05T14:18:33.785Z", "is_active": true}}, {"model": "Payments.subscriptions", "pk": 104, "fields": {"membership": 5, "customer": 145, "date": "2023-02-10T09:56:09.701Z", "valid_till": "2024-02-10T09:56:09.700Z", "is_active": true}}, {"model": "Payments.subscriptions", "pk": 105, "fields": {"membership": 5, "customer": 148, "date": "2023-03-27T07:55:52.081Z", "valid_till": "2024-03-26T07:55:52.080Z", "is_active": false}}, {"model": "Payments.subscriptions", "pk": 106, "fields": {"membership": 4, "customer": 148, "date": "2023-03-31T10:45:43.285Z", "valid_till": "2024-01-25T10:45:43.279Z", "is_active": true}}, {"model": "Payments.subscriptions", "pk": 107, "fields": {"membership": 5, "customer": 149, "date": "2023-04-07T05:17:54.355Z", "valid_till": "2024-04-06T05:17:54.354Z", "is_active": true}}, {"model": "Payments.subscriptions", "pk": 108, "fields": {"membership": 5, "customer": 152, "date": "2023-04-19T08:44:30.218Z", "valid_till": "2024-04-18T08:44:30.217Z", "is_active": true}}, {"model": "Payments.subscriptions", "pk": 109, "fields": {"membership": 5, "customer": 157, "date": "2023-04-19T09:04:30.660Z", "valid_till": "2024-04-18T09:04:30.659Z", "is_active": false}}, {"model": "Payments.subscriptions", "pk": 110, "fields": {"membership": 5, "customer": 158, "date": "2023-04-25T04:25:34.114Z", "valid_till": "2024-04-24T04:25:34.113Z", "is_active": false}}, {"model": "Payments.subscriptions", "pk": 111, "fields": {"membership": 5, "customer": 159, "date": "2023-04-25T04:50:39.081Z", "valid_till": "2024-04-24T04:50:39.080Z", "is_active": true}}, {"model": "Payments.subscriptions", "pk": 112, "fields": {"membership": 5, "customer": 160, "date": "2023-04-25T04:54:37.055Z", "valid_till": "2024-04-24T04:54:37.055Z", "is_active": true}}, {"model": "Payments.subscriptions", "pk": 113, "fields": {"membership": 4, "customer": 157, "date": "2023-05-04T05:38:45.720Z", "valid_till": "2024-02-28T05:38:45.716Z", "is_active": true}}, {"model": "Payments.subscriptions", "pk": 114, "fields": {"membership": 5, "customer": 163, "date": "2023-05-22T04:24:14.228Z", "valid_till": "2024-05-21T04:24:14.228Z", "is_active": true}}, {"model": "Payments.subscriptions", "pk": 115, "fields": {"membership": 2, "customer": 158, "date": "2023-05-26T04:44:19.286Z", "valid_till": "2023-08-24T04:44:19.280Z", "is_active": true}}, {"model": "Appointments.appointments", "pk": 221, "fields": {"doctor": 11, "customer": 90, "date": "2023-06-16", "time": "11:30:00", "schedule": "2023-06-16T06:00:00Z", "approved": true, "rejected": false, "rescheduled_by_doctor": false, "rescheduled_by_client": false, "completed": false, "meeting_url": "https://us04web.zoom.us/j/72525970895?pwd=a5CDgyjbRMOttuJsWzTwnfeKqcayC9.1", "is_rescheduled": false, "is_paid": true, "uid": "35afd03e-921e-4ddf-9d79-90da509cda61", "created_at": "2023-06-14T07:20:16.642Z"}}, {"model": "Appointments.appointments", "pk": 222, "fields": {"doctor": 11, "customer": 90, "date": "2023-06-30", "time": "11:30:00", "schedule": "2023-06-30T06:00:00Z", "approved": true, "rejected": false, "rescheduled_by_doctor": false, "rescheduled_by_client": false, "completed": false, "meeting_url": "https://us04web.zoom.us/j/72905774038?pwd=cxzx6bbfxeFkVKWOoTo9W3lv1PLFBY.1", "is_rescheduled": false, "is_paid": false, "uid": "e88ae7e0-b663-408b-8260-c2cabdf842a1", "created_at": "2023-06-14T09:24:41.080Z"}}, {"model": "Appointments.appointments", "pk": 223, "fields": {"doctor": 11, "customer": 90, "date": "2023-06-28", "time": "11:00:00", "schedule": "2023-06-28T05:30:00Z", "approved": true, "rejected": false, "rescheduled_by_doctor": false, "rescheduled_by_client": false, "completed": false, "meeting_url": "https://us04web.zoom.us/j/74383979625?pwd=z05BBHP0KcAb2NbCyBjfBzaLi8oxRd.1", "is_rescheduled": false, "is_paid": false, "uid": "a3c1c924-3b46-492d-9920-a6e673f2f0f8", "created_at": "2023-06-14T09:27:46.592Z"}}, {"model": "Appointments.appointments", "pk": 224, "fields": {"doctor": 11, "customer": 90, "date": "2023-06-18", "time": "09:30:00", "schedule": "2023-06-18T04:00:00Z", "approved": false, "rejected": false, "rescheduled_by_doctor": false, "rescheduled_by_client": false, "completed": false, "meeting_url": "https://us04web.zoom.us/j/74703916915?pwd=7aCS1o5A9JWKV0K9uZl6sau1cgIXJS.1", "is_rescheduled": false, "is_paid": true, "uid": "fc5e3620-995d-4555-966b-8a9d2309700f", "created_at": "2023-06-14T09:56:18.298Z"}}, {"model": "Appointments.appointments", "pk": 225, "fields": {"doctor": 11, "customer": 90, "date": "2023-06-18", "time": "12:00:00", "schedule": "2023-06-18T06:30:00Z", "approved": true, "rejected": false, "rescheduled_by_doctor": false, "rescheduled_by_client": false, "completed": false, "meeting_url": "https://us04web.zoom.us/j/79191976630?pwd=5KGF8RtepJ7dBDDbeO8G49dC60W8VY.1", "is_rescheduled": false, "is_paid": true, "uid": "250561ae-fbc5-4a06-b3bf-6d5791f200ea", "created_at": "2023-06-15T14:24:42.275Z"}}, {"model": "Appointments.appointments", "pk": 226, "fields": {"doctor": 11, "customer": 90, "date": "2023-06-26", "time": "11:30:00", "schedule": "2023-06-26T06:00:00Z", "approved": false, "rejected": true, "rescheduled_by_doctor": false, "rescheduled_by_client": false, "completed": false, "meeting_url": "https://us04web.zoom.us/j/72787223364?pwd=FC79MQEawlUaIcLIbaIISb3sang9RH.1", "is_rescheduled": false, "is_paid": true, "uid": "3006bf1a-c835-4ec8-b6a6-1439f9cc4e81", "created_at": "2023-06-19T05:14:13.371Z"}}, {"model": "Appointments.appointments", "pk": 227, "fields": {"doctor": 11, "customer": 90, "date": "2023-06-30", "time": "09:30:00", "schedule": "2023-06-30T04:00:00Z", "approved": false, "rejected": true, "rescheduled_by_doctor": false, "rescheduled_by_client": false, "completed": false, "meeting_url": null, "is_rescheduled": false, "is_paid": true, "uid": "b4c0a997-e2f3-4180-b20b-ac4300c69f61", "created_at": "2023-06-26T05:28:55.924Z"}}, {"model": "Sales.investigationcriticallity", "pk": 1, "fields": {"name": "stable", "criticality": 1}}, {"model": "Sales.investigationcriticallity", "pk": 2, "fields": {"name": "low risk", "criticality": 2}}, {"model": "Sales.investigationcriticallity", "pk": 3, "fields": {"name": "high risk", "criticality": 3}}, {"model": "Sales.investigation", "pk": 1, "fields": {"customer": 22, "sales": 3, "lastUpdated": "2022-04-28T04:40:39.909Z", "date": "2022-04-28", "hb_value": "12", "hb_normal": "12", "ict_value": "13", "ict_normal": "13", "urineRE_value": "", "urineRE_normal": "", "urineCS_value": "", "urineCS_normal": "", "vdrl_value": "", "vdrl_normal": "", "hiv_value": "", "hiv_normal": "", "rbs_first_trimester_value": "", "rbs_first_trimester_normal": "", "ogct_second_trimester_value": "", "ogct_second_trimester_normal": "", "ogtt_second_trimester_value": "45", "ogtt_second_trimester_normal": "45", "hcv_value": "15", "hcv_normal": "45", "creatine_value": "", "creatine_normal": "", "double_marker_value": "", "double_marker_normal": "", "tft_value": "", "tft_normal": "", "tft_description": "Description", "others_value": "", "others_normal": "", "others_description": null, "criticallity": 3, "scan": "", "scanDescription": ""}}, {"model": "Sales.investigation", "pk": 2, "fields": {"customer": 22, "sales": 3, "lastUpdated": "2022-05-02T06:21:12.414Z", "date": "2022-05-02", "hb_value": "45", "hb_normal": "35", "ict_value": "", "ict_normal": "", "urineRE_value": "", "urineRE_normal": "", "urineCS_value": "", "urineCS_normal": "", "vdrl_value": "", "vdrl_normal": "", "hiv_value": "", "hiv_normal": "", "rbs_first_trimester_value": "", "rbs_first_trimester_normal": "", "ogct_second_trimester_value": "", "ogct_second_trimester_normal": "", "ogtt_second_trimester_value": "", "ogtt_second_trimester_normal": "", "hcv_value": "", "hcv_normal": "", "creatine_value": "", "creatine_normal": "", "double_marker_value": "", "double_marker_normal": "", "tft_value": "", "tft_normal": "", "tft_description": "Description", "others_value": "", "others_normal": "", "others_description": null, "criticallity": 2, "scan": "", "scanDescription": ""}}, {"model": "Sales.investigation", "pk": 3, "fields": {"customer": 22, "sales": 3, "lastUpdated": "2022-05-14T10:58:19.086Z", "date": "2022-05-14", "hb_value": "", "hb_normal": "", "ict_value": "", "ict_normal": "", "urineRE_value": "", "urineRE_normal": "", "urineCS_value": "", "urineCS_normal": "", "vdrl_value": "", "vdrl_normal": "", "hiv_value": "", "hiv_normal": "", "rbs_first_trimester_value": "", "rbs_first_trimester_normal": "", "ogct_second_trimester_value": "", "ogct_second_trimester_normal": "", "ogtt_second_trimester_value": "", "ogtt_second_trimester_normal": "", "hcv_value": "", "hcv_normal": "", "creatine_value": "", "creatine_normal": "", "double_marker_value": "", "double_marker_normal": "", "tft_value": "", "tft_normal": "", "tft_description": "Description", "others_value": "", "others_normal": "", "others_description": null, "criticallity": 2, "scan": "", "scanDescription": ""}}, {"model": "Sales.investigation", "pk": 6, "fields": {"customer": 22, "sales": 3, "lastUpdated": "2022-05-30T08:43:25.645Z", "date": "2022-05-30", "hb_value": "", "hb_normal": "", "ict_value": "", "ict_normal": "", "urineRE_value": "", "urineRE_normal": "", "urineCS_value": "", "urineCS_normal": "", "vdrl_value": "", "vdrl_normal": "", "hiv_value": "", "hiv_normal": "", "rbs_first_trimester_value": "", "rbs_first_trimester_normal": "", "ogct_second_trimester_value": "", "ogct_second_trimester_normal": "", "ogtt_second_trimester_value": "", "ogtt_second_trimester_normal": "", "hcv_value": "", "hcv_normal": "", "creatine_value": "", "creatine_normal": "", "double_marker_value": "", "double_marker_normal": "", "tft_value": "", "tft_normal": "", "tft_description": "Description", "others_value": "", "others_normal": "", "others_description": null, "criticallity": 2, "scan": "", "scanDescription": ""}}, {"model": "Sales.investigation", "pk": 9, "fields": {"customer": 22, "sales": 3, "lastUpdated": "2022-06-03T12:22:32.035Z", "date": "2022-06-02", "hb_value": "100", "hb_normal": "", "ict_value": "101", "ict_normal": "", "urineRE_value": "102", "urineRE_normal": "", "urineCS_value": "103", "urineCS_normal": "", "vdrl_value": "104", "vdrl_normal": "", "hiv_value": "105", "hiv_normal": "", "rbs_first_trimester_value": "106", "rbs_first_trimester_normal": "", "ogct_second_trimester_value": "107", "ogct_second_trimester_normal": "", "ogtt_second_trimester_value": "108", "ogtt_second_trimester_normal": "", "hcv_value": "109", "hcv_normal": "", "creatine_value": "110", "creatine_normal": "", "double_marker_value": "111", "double_marker_normal": "", "tft_value": "112", "tft_normal": "", "tft_description": "Description", "others_value": "", "others_normal": "", "others_description": null, "criticallity": 1, "scan": "", "scanDescription": ""}}, {"model": "Sales.investigation", "pk": 11, "fields": {"customer": 22, "sales": 3, "lastUpdated": "2022-06-04T09:25:24.451Z", "date": "2022-06-04", "hb_value": "", "hb_normal": "", "ict_value": "", "ict_normal": "", "urineRE_value": "", "urineRE_normal": "", "urineCS_value": "", "urineCS_normal": "", "vdrl_value": "", "vdrl_normal": "", "hiv_value": "", "hiv_normal": "", "rbs_first_trimester_value": "", "rbs_first_trimester_normal": "", "ogct_second_trimester_value": "", "ogct_second_trimester_normal": "", "ogtt_second_trimester_value": "", "ogtt_second_trimester_normal": "", "hcv_value": "", "hcv_normal": "", "creatine_value": "", "creatine_normal": "", "double_marker_value": "", "double_marker_normal": "", "tft_value": "", "tft_normal": "", "tft_description": "Description", "others_value": "", "others_normal": "", "others_description": null, "criticallity": 1, "scan": "", "scanDescription": ""}}, {"model": "Sales.investigation", "pk": 20, "fields": {"customer": 22, "sales": 3, "lastUpdated": "2022-06-06T09:35:49.254Z", "date": "2022-06-06", "hb_value": "", "hb_normal": "", "ict_value": "", "ict_normal": "", "urineRE_value": "", "urineRE_normal": "", "urineCS_value": "", "urineCS_normal": "", "vdrl_value": "", "vdrl_normal": "", "hiv_value": "", "hiv_normal": "", "rbs_first_trimester_value": "", "rbs_first_trimester_normal": "", "ogct_second_trimester_value": "", "ogct_second_trimester_normal": "", "ogtt_second_trimester_value": "", "ogtt_second_trimester_normal": "", "hcv_value": "", "hcv_normal": "", "creatine_value": "", "creatine_normal": "", "double_marker_value": "", "double_marker_normal": "", "tft_value": "", "tft_normal": "", "tft_description": "Description", "others_value": "", "others_normal": "", "others_description": null, "criticallity": 2, "scan": "", "scanDescription": ""}}, {"model": "Sales.investigation", "pk": 22, "fields": {"customer": 22, "sales": 3, "lastUpdated": "2022-06-08T07:55:29.862Z", "date": "2022-06-08", "hb_value": "45", "hb_normal": "35", "ict_value": "43", "ict_normal": "34", "urineRE_value": "35", "urineRE_normal": "32", "urineCS_value": "24", "urineCS_normal": "64", "vdrl_value": "44", "vdrl_normal": "44", "hiv_value": "34", "hiv_normal": "34", "rbs_first_trimester_value": "33", "rbs_first_trimester_normal": "35", "ogct_second_trimester_value": "35", "ogct_second_trimester_normal": "35", "ogtt_second_trimester_value": "343", "ogtt_second_trimester_normal": "345", "hcv_value": "353", "hcv_normal": "350", "creatine_value": "3535", "creatine_normal": "35", "double_marker_value": "35", "double_marker_normal": "35", "tft_value": "35", "tft_normal": "35", "tft_description": "asdasd", "others_value": "adf", "others_normal": "", "others_description": null, "criticallity": 3, "scan": "asasf", "scanDescription": "dfafsdf"}}, {"model": "Sales.investigation", "pk": 28, "fields": {"customer": 22, "sales": 3, "lastUpdated": "2022-06-10T02:32:36.358Z", "date": "2022-06-10", "hb_value": "", "hb_normal": "", "ict_value": "", "ict_normal": "", "urineRE_value": "", "urineRE_normal": "", "urineCS_value": "", "urineCS_normal": "", "vdrl_value": "", "vdrl_normal": "", "hiv_value": "", "hiv_normal": "", "rbs_first_trimester_value": "", "rbs_first_trimester_normal": "", "ogct_second_trimester_value": "", "ogct_second_trimester_normal": "", "ogtt_second_trimester_value": "", "ogtt_second_trimester_normal": "", "hcv_value": "", "hcv_normal": "", "creatine_value": "", "creatine_normal": "", "double_marker_value": "", "double_marker_normal": "", "tft_value": "", "tft_normal": "", "tft_description": "Description", "others_value": "", "others_normal": "", "others_description": null, "criticallity": 2, "scan": "", "scanDescription": ""}}, {"model": "Sales.investigation", "pk": 32, "fields": {"customer": 22, "sales": 3, "lastUpdated": "2022-06-11T04:54:25.483Z", "date": "2022-06-11", "hb_value": "", "hb_normal": "", "ict_value": "", "ict_normal": "", "urineRE_value": "", "urineRE_normal": "", "urineCS_value": "", "urineCS_normal": "", "vdrl_value": "", "vdrl_normal": "", "hiv_value": "", "hiv_normal": "", "rbs_first_trimester_value": "", "rbs_first_trimester_normal": "", "ogct_second_trimester_value": "", "ogct_second_trimester_normal": "", "ogtt_second_trimester_value": "", "ogtt_second_trimester_normal": "", "hcv_value": "", "hcv_normal": "", "creatine_value": "", "creatine_normal": "", "double_marker_value": "", "double_marker_normal": "", "tft_value": "", "tft_normal": "", "tft_description": "Description", "others_value": "", "others_normal": "", "others_description": null, "criticallity": 2, "scan": "", "scanDescription": ""}}, {"model": "Sales.investigation", "pk": 39, "fields": {"customer": 22, "sales": 3, "lastUpdated": "2022-06-14T06:26:54.227Z", "date": "2022-06-14", "hb_value": "45", "hb_normal": "35", "ict_value": "43", "ict_normal": "34", "urineRE_value": "35", "urineRE_normal": "32", "urineCS_value": "24", "urineCS_normal": "64", "vdrl_value": "44", "vdrl_normal": "44", "hiv_value": "34", "hiv_normal": "34", "rbs_first_trimester_value": "33", "rbs_first_trimester_normal": "35", "ogct_second_trimester_value": "35", "ogct_second_trimester_normal": "35", "ogtt_second_trimester_value": "343", "ogtt_second_trimester_normal": "345", "hcv_value": "353", "hcv_normal": "350", "creatine_value": "3535", "creatine_normal": "35", "double_marker_value": "35", "double_marker_normal": "35", "tft_value": "35", "tft_normal": "35", "tft_description": "Description", "others_value": "", "others_normal": "", "others_description": null, "criticallity": 3, "scan": "", "scanDescription": ""}}, {"model": "Sales.investigation", "pk": 42, "fields": {"customer": 22, "sales": 3, "lastUpdated": "2022-06-15T06:35:04.922Z", "date": "2022-06-15", "hb_value": "", "hb_normal": "", "ict_value": "", "ict_normal": "", "urineRE_value": "", "urineRE_normal": "", "urineCS_value": "", "urineCS_normal": "", "vdrl_value": "", "vdrl_normal": "", "hiv_value": "", "hiv_normal": "", "rbs_first_trimester_value": "", "rbs_first_trimester_normal": "", "ogct_second_trimester_value": "", "ogct_second_trimester_normal": "", "ogtt_second_trimester_value": "", "ogtt_second_trimester_normal": "", "hcv_value": "", "hcv_normal": "", "creatine_value": "", "creatine_normal": "", "double_marker_value": "", "double_marker_normal": "", "tft_value": "", "tft_normal": "", "tft_description": "Description", "others_value": "", "others_normal": "", "others_description": null, "criticallity": 2, "scan": "", "scanDescription": ""}}, {"model": "Sales.investigation", "pk": 60, "fields": {"customer": 22, "sales": 3, "lastUpdated": "2022-06-18T06:10:03.529Z", "date": "2022-06-18", "hb_value": "", "hb_normal": "", "ict_value": "", "ict_normal": "", "urineRE_value": "", "urineRE_normal": "", "urineCS_value": "", "urineCS_normal": "", "vdrl_value": "", "vdrl_normal": "", "hiv_value": "", "hiv_normal": "", "rbs_first_trimester_value": "", "rbs_first_trimester_normal": "", "ogct_second_trimester_value": "", "ogct_second_trimester_normal": "", "ogtt_second_trimester_value": "", "ogtt_second_trimester_normal": "", "hcv_value": "", "hcv_normal": "", "creatine_value": "", "creatine_normal": "", "double_marker_value": "", "double_marker_normal": "", "tft_value": "", "tft_normal": "", "tft_description": "Description", "others_value": "", "others_normal": "", "others_description": null, "criticallity": 1, "scan": "", "scanDescription": ""}}, {"model": "Sales.investigation", "pk": 63, "fields": {"customer": 22, "sales": 3, "lastUpdated": "2022-06-18T06:37:24.303Z", "date": "2022-06-19", "hb_value": "", "hb_normal": "", "ict_value": "", "ict_normal": "", "urineRE_value": "", "urineRE_normal": "", "urineCS_value": "", "urineCS_normal": "", "vdrl_value": "", "vdrl_normal": "", "hiv_value": "", "hiv_normal": "", "rbs_first_trimester_value": "", "rbs_first_trimester_normal": "", "ogct_second_trimester_value": "", "ogct_second_trimester_normal": "", "ogtt_second_trimester_value": "", "ogtt_second_trimester_normal": "", "hcv_value": "", "hcv_normal": "", "creatine_value": "", "creatine_normal": "", "double_marker_value": "", "double_marker_normal": "", "tft_value": "", "tft_normal": "", "tft_description": "Description", "others_value": "", "others_normal": "", "others_description": null, "criticallity": 3, "scan": "", "scanDescription": ""}}, {"model": "Sales.investigation", "pk": 76, "fields": {"customer": 22, "sales": 3, "lastUpdated": "2022-07-22T06:52:53.831Z", "date": "2022-07-22", "hb_value": "45", "hb_normal": "45", "ict_value": "43", "ict_normal": "46", "urineRE_value": "35", "urineRE_normal": "32", "urineCS_value": "54", "urineCS_normal": "64", "vdrl_value": "44", "vdrl_normal": "44", "hiv_value": "34", "hiv_normal": "34", "rbs_first_trimester_value": "33", "rbs_first_trimester_normal": "35", "ogct_second_trimester_value": "35", "ogct_second_trimester_normal": "35", "ogtt_second_trimester_value": "343", "ogtt_second_trimester_normal": "345", "hcv_value": "353", "hcv_normal": "350", "creatine_value": "35", "creatine_normal": "35", "double_marker_value": "46", "double_marker_normal": "46", "tft_value": "222", "tft_normal": "232", "tft_description": "Description", "others_value": "", "others_normal": "", "others_description": null, "criticallity": 1, "scan": "", "scanDescription": ""}}, {"model": "Sales.investigation", "pk": 77, "fields": {"customer": 22, "sales": 3, "lastUpdated": "2022-07-25T06:05:15.414Z", "date": "2022-07-25", "hb_value": "45", "hb_normal": "45", "ict_value": "43", "ict_normal": "46", "urineRE_value": "35", "urineRE_normal": "32", "urineCS_value": "64", "urineCS_normal": "64", "vdrl_value": "44", "vdrl_normal": "44", "hiv_value": "34", "hiv_normal": "34", "rbs_first_trimester_value": "33", "rbs_first_trimester_normal": "35", "ogct_second_trimester_value": "35", "ogct_second_trimester_normal": "35", "ogtt_second_trimester_value": "343", "ogtt_second_trimester_normal": "345", "hcv_value": "353", "hcv_normal": "350", "creatine_value": "35", "creatine_normal": "35", "double_marker_value": "35", "double_marker_normal": "46", "tft_value": "62", "tft_normal": "62", "tft_description": "Description", "others_value": "", "others_normal": "", "others_description": null, "criticallity": 1, "scan": "", "scanDescription": ""}}, {"model": "Sales.investigation", "pk": 80, "fields": {"customer": 22, "sales": 3, "lastUpdated": "2022-07-27T08:56:25.804Z", "date": "2022-07-28", "hb_value": "49", "hb_normal": "", "ict_value": "", "ict_normal": "", "urineRE_value": "", "urineRE_normal": "", "urineCS_value": "", "urineCS_normal": "", "vdrl_value": "", "vdrl_normal": "", "hiv_value": "", "hiv_normal": "", "rbs_first_trimester_value": "", "rbs_first_trimester_normal": "", "ogct_second_trimester_value": "", "ogct_second_trimester_normal": "", "ogtt_second_trimester_value": "", "ogtt_second_trimester_normal": "", "hcv_value": "", "hcv_normal": "", "creatine_value": "", "creatine_normal": "", "double_marker_value": "", "double_marker_normal": "", "tft_value": "", "tft_normal": "", "tft_description": "Description", "others_value": "", "others_normal": "", "others_description": null, "criticallity": 1, "scan": "", "scanDescription": ""}}, {"model": "Sales.investigation", "pk": 81, "fields": {"customer": 22, "sales": 3, "lastUpdated": "2022-07-27T08:57:29.219Z", "date": "2022-07-27", "hb_value": "29", "hb_normal": "", "ict_value": "", "ict_normal": "", "urineRE_value": "", "urineRE_normal": "", "urineCS_value": "", "urineCS_normal": "", "vdrl_value": "", "vdrl_normal": "", "hiv_value": "", "hiv_normal": "", "rbs_first_trimester_value": "", "rbs_first_trimester_normal": "", "ogct_second_trimester_value": "", "ogct_second_trimester_normal": "", "ogtt_second_trimester_value": "", "ogtt_second_trimester_normal": "", "hcv_value": "", "hcv_normal": "", "creatine_value": "", "creatine_normal": "", "double_marker_value": "", "double_marker_normal": "", "tft_value": "", "tft_normal": "", "tft_description": "Description", "others_value": "", "others_normal": "", "others_description": null, "criticallity": 1, "scan": "", "scanDescription": ""}}, {"model": "Sales.investigation", "pk": 82, "fields": {"customer": 22, "sales": 3, "lastUpdated": "2022-07-27T09:07:13.350Z", "date": "2022-07-29", "hb_value": "12", "hb_normal": "", "ict_value": "", "ict_normal": "", "urineRE_value": "", "urineRE_normal": "", "urineCS_value": "", "urineCS_normal": "", "vdrl_value": "", "vdrl_normal": "", "hiv_value": "", "hiv_normal": "", "rbs_first_trimester_value": "", "rbs_first_trimester_normal": "", "ogct_second_trimester_value": "", "ogct_second_trimester_normal": "", "ogtt_second_trimester_value": "", "ogtt_second_trimester_normal": "", "hcv_value": "", "hcv_normal": "", "creatine_value": "", "creatine_normal": "", "double_marker_value": "", "double_marker_normal": "", "tft_value": "", "tft_normal": "", "tft_description": "Description", "others_value": "", "others_normal": "", "others_description": null, "criticallity": 1, "scan": "", "scanDescription": ""}}, {"model": "Sales.investigation", "pk": 83, "fields": {"customer": 22, "sales": 3, "lastUpdated": "2022-07-27T09:07:41.760Z", "date": "2022-07-31", "hb_value": "56", "hb_normal": "", "ict_value": "", "ict_normal": "", "urineRE_value": "", "urineRE_normal": "", "urineCS_value": "", "urineCS_normal": "", "vdrl_value": "", "vdrl_normal": "", "hiv_value": "", "hiv_normal": "", "rbs_first_trimester_value": "", "rbs_first_trimester_normal": "", "ogct_second_trimester_value": "", "ogct_second_trimester_normal": "", "ogtt_second_trimester_value": "", "ogtt_second_trimester_normal": "", "hcv_value": "", "hcv_normal": "", "creatine_value": "", "creatine_normal": "", "double_marker_value": "", "double_marker_normal": "", "tft_value": "", "tft_normal": "", "tft_description": "Description", "others_value": "", "others_normal": "", "others_description": null, "criticallity": 1, "scan": "", "scanDescription": ""}}, {"model": "Sales.investigation", "pk": 84, "fields": {"customer": 22, "sales": 3, "lastUpdated": "2022-08-08T09:57:21.633Z", "date": "2022-08-02", "hb_value": "45", "hb_normal": "35", "ict_value": "", "ict_normal": "", "urineRE_value": "", "urineRE_normal": "", "urineCS_value": "", "urineCS_normal": "", "vdrl_value": "", "vdrl_normal": "", "hiv_value": "", "hiv_normal": "", "rbs_first_trimester_value": "", "rbs_first_trimester_normal": "", "ogct_second_trimester_value": "", "ogct_second_trimester_normal": "", "ogtt_second_trimester_value": "", "ogtt_second_trimester_normal": "", "hcv_value": "", "hcv_normal": "", "creatine_value": "", "creatine_normal": "", "double_marker_value": "", "double_marker_normal": "", "tft_value": "", "tft_normal": "", "tft_description": "Description", "others_value": "", "others_normal": "", "others_description": null, "criticallity": 1, "scan": "", "scanDescription": ""}}, {"model": "Sales.investigation", "pk": 85, "fields": {"customer": 22, "sales": 3, "lastUpdated": "2022-08-08T10:00:30.697Z", "date": "2022-08-09", "hb_value": "45", "hb_normal": "35", "ict_value": "43", "ict_normal": "34", "urineRE_value": "35", "urineRE_normal": "32", "urineCS_value": "26", "urineCS_normal": "64", "vdrl_value": "44", "vdrl_normal": "44", "hiv_value": "34", "hiv_normal": "34", "rbs_first_trimester_value": "33", "rbs_first_trimester_normal": "35", "ogct_second_trimester_value": "35", "ogct_second_trimester_normal": "35", "ogtt_second_trimester_value": "45", "ogtt_second_trimester_normal": "45", "hcv_value": "15", "hcv_normal": "45", "creatine_value": "23", "creatine_normal": "23", "double_marker_value": "35", "double_marker_normal": "35", "tft_value": "35", "tft_normal": "35", "tft_description": "Description", "others_value": "", "others_normal": "", "others_description": null, "criticallity": 1, "scan": "", "scanDescription": ""}}, {"model": "Sales.investigation", "pk": 86, "fields": {"customer": 22, "sales": 3, "lastUpdated": "2022-08-08T10:00:44.348Z", "date": "2022-08-08", "hb_value": "45", "hb_normal": "35", "ict_value": "45", "ict_normal": "45", "urineRE_value": "", "urineRE_normal": "", "urineCS_value": "", "urineCS_normal": "", "vdrl_value": "", "vdrl_normal": "", "hiv_value": "", "hiv_normal": "", "rbs_first_trimester_value": "", "rbs_first_trimester_normal": "", "ogct_second_trimester_value": "", "ogct_second_trimester_normal": "", "ogtt_second_trimester_value": "", "ogtt_second_trimester_normal": "", "hcv_value": "", "hcv_normal": "", "creatine_value": "", "creatine_normal": "", "double_marker_value": "", "double_marker_normal": "", "tft_value": "", "tft_normal": "", "tft_description": "Description", "others_value": "", "others_normal": "", "others_description": null, "criticallity": 1, "scan": "", "scanDescription": ""}}, {"model": "Sales.investigation", "pk": 87, "fields": {"customer": 22, "sales": 3, "lastUpdated": "2022-08-11T10:24:02.571Z", "date": "2022-08-12", "hb_value": "45", "hb_normal": "35", "ict_value": "43", "ict_normal": "34", "urineRE_value": "35", "urineRE_normal": "32", "urineCS_value": "24", "urineCS_normal": "64", "vdrl_value": "44", "vdrl_normal": "44", "hiv_value": "34", "hiv_normal": "34", "rbs_first_trimester_value": "33", "rbs_first_trimester_normal": "35", "ogct_second_trimester_value": "35", "ogct_second_trimester_normal": "35", "ogtt_second_trimester_value": "343", "ogtt_second_trimester_normal": "345", "hcv_value": "353", "hcv_normal": "350", "creatine_value": "35", "creatine_normal": "35", "double_marker_value": "35", "double_marker_normal": "35", "tft_value": "35", "tft_normal": "35", "tft_description": "Description", "others_value": "", "others_normal": "", "others_description": null, "criticallity": 1, "scan": "", "scanDescription": ""}}, {"model": "Sales.investigation", "pk": 88, "fields": {"customer": 22, "sales": 3, "lastUpdated": "2022-08-20T11:17:16.515Z", "date": "2022-08-20", "hb_value": "45", "hb_normal": "35", "ict_value": "43", "ict_normal": "34", "urineRE_value": "35", "urineRE_normal": "85", "urineCS_value": "", "urineCS_normal": "", "vdrl_value": "", "vdrl_normal": "", "hiv_value": "", "hiv_normal": "", "rbs_first_trimester_value": "", "rbs_first_trimester_normal": "", "ogct_second_trimester_value": "", "ogct_second_trimester_normal": "", "ogtt_second_trimester_value": "", "ogtt_second_trimester_normal": "", "hcv_value": "", "hcv_normal": "", "creatine_value": "", "creatine_normal": "", "double_marker_value": "", "double_marker_normal": "", "tft_value": "", "tft_normal": "", "tft_description": "Description", "others_value": "", "others_normal": "", "others_description": null, "criticallity": 1, "scan": "", "scanDescription": ""}}, {"model": "Sales.investigation", "pk": 89, "fields": {"customer": 22, "sales": 3, "lastUpdated": "2022-08-20T11:20:35.018Z", "date": "2022-08-24", "hb_value": "45", "hb_normal": "35", "ict_value": "43", "ict_normal": "34", "urineRE_value": "", "urineRE_normal": "", "urineCS_value": "", "urineCS_normal": "", "vdrl_value": "", "vdrl_normal": "", "hiv_value": "", "hiv_normal": "", "rbs_first_trimester_value": "", "rbs_first_trimester_normal": "", "ogct_second_trimester_value": "", "ogct_second_trimester_normal": "", "ogtt_second_trimester_value": "", "ogtt_second_trimester_normal": "", "hcv_value": "", "hcv_normal": "", "creatine_value": "", "creatine_normal": "", "double_marker_value": "", "double_marker_normal": "", "tft_value": "", "tft_normal": "", "tft_description": "Description", "others_value": "", "others_normal": "", "others_description": null, "criticallity": 1, "scan": "", "scanDescription": ""}}, {"model": "Sales.investigation", "pk": 90, "fields": {"customer": 22, "sales": 3, "lastUpdated": "2022-08-22T06:42:07.183Z", "date": "2022-08-22", "hb_value": "45", "hb_normal": "35", "ict_value": "43", "ict_normal": "34", "urineRE_value": "35", "urineRE_normal": "32", "urineCS_value": "24", "urineCS_normal": "64", "vdrl_value": "44", "vdrl_normal": "44", "hiv_value": "34", "hiv_normal": "34", "rbs_first_trimester_value": "33", "rbs_first_trimester_normal": "35", "ogct_second_trimester_value": "35", "ogct_second_trimester_normal": "35", "ogtt_second_trimester_value": "343", "ogtt_second_trimester_normal": "345", "hcv_value": "353", "hcv_normal": "350", "creatine_value": "35", "creatine_normal": "35", "double_marker_value": "35", "double_marker_normal": "35", "tft_value": "62", "tft_normal": "62", "tft_description": "Description", "others_value": "", "others_normal": "", "others_description": null, "criticallity": 1, "scan": "", "scanDescription": ""}}, {"model": "Sales.investigation", "pk": 91, "fields": {"customer": 22, "sales": 3, "lastUpdated": "2022-08-23T05:41:25.660Z", "date": "2022-08-23", "hb_value": "", "hb_normal": "", "ict_value": "", "ict_normal": "", "urineRE_value": "", "urineRE_normal": "", "urineCS_value": "", "urineCS_normal": "", "vdrl_value": "", "vdrl_normal": "", "hiv_value": "", "hiv_normal": "", "rbs_first_trimester_value": "", "rbs_first_trimester_normal": "", "ogct_second_trimester_value": "", "ogct_second_trimester_normal": "", "ogtt_second_trimester_value": "", "ogtt_second_trimester_normal": "", "hcv_value": "", "hcv_normal": "", "creatine_value": "", "creatine_normal": "", "double_marker_value": "", "double_marker_normal": "", "tft_value": "", "tft_normal": "", "tft_description": "Description", "others_value": "", "others_normal": "", "others_description": null, "criticallity": 2, "scan": "", "scanDescription": ""}}, {"model": "Sales.investigation", "pk": 92, "fields": {"customer": 22, "sales": 3, "lastUpdated": "2022-08-23T06:10:56.493Z", "date": "2022-08-25", "hb_value": "", "hb_normal": "", "ict_value": "", "ict_normal": "", "urineRE_value": "", "urineRE_normal": "", "urineCS_value": "", "urineCS_normal": "", "vdrl_value": "", "vdrl_normal": "", "hiv_value": "", "hiv_normal": "", "rbs_first_trimester_value": "", "rbs_first_trimester_normal": "", "ogct_second_trimester_value": "", "ogct_second_trimester_normal": "", "ogtt_second_trimester_value": "", "ogtt_second_trimester_normal": "", "hcv_value": "", "hcv_normal": "", "creatine_value": "", "creatine_normal": "", "double_marker_value": "", "double_marker_normal": "", "tft_value": "", "tft_normal": "", "tft_description": "Description", "others_value": "", "others_normal": "", "others_description": null, "criticallity": 1, "scan": "", "scanDescription": ""}}, {"model": "Sales.investigation", "pk": 94, "fields": {"customer": 22, "sales": 3, "lastUpdated": "2022-08-26T04:33:49.125Z", "date": "2022-08-26", "hb_value": "45", "hb_normal": "35", "ict_value": "43", "ict_normal": "34", "urineRE_value": "35", "urineRE_normal": "32", "urineCS_value": "24", "urineCS_normal": "64", "vdrl_value": "44", "vdrl_normal": "44", "hiv_value": "34", "hiv_normal": "34", "rbs_first_trimester_value": "33", "rbs_first_trimester_normal": "35", "ogct_second_trimester_value": "35", "ogct_second_trimester_normal": "35", "ogtt_second_trimester_value": "343", "ogtt_second_trimester_normal": "345", "hcv_value": "353", "hcv_normal": "350", "creatine_value": "35", "creatine_normal": "35", "double_marker_value": "46", "double_marker_normal": "35", "tft_value": "35", "tft_normal": "35", "tft_description": "Description", "others_value": "", "others_normal": "", "others_description": null, "criticallity": 1, "scan": "", "scanDescription": ""}}, {"model": "Sales.investigation", "pk": 95, "fields": {"customer": 22, "sales": 3, "lastUpdated": "2022-08-31T06:15:38.021Z", "date": "2022-08-31", "hb_value": "45", "hb_normal": "35", "ict_value": "43", "ict_normal": "34", "urineRE_value": "35", "urineRE_normal": "32", "urineCS_value": "24", "urineCS_normal": "64", "vdrl_value": "44", "vdrl_normal": "44", "hiv_value": "34", "hiv_normal": "34", "rbs_first_trimester_value": "33", "rbs_first_trimester_normal": "35", "ogct_second_trimester_value": "35", "ogct_second_trimester_normal": "35", "ogtt_second_trimester_value": "343", "ogtt_second_trimester_normal": "345", "hcv_value": "353", "hcv_normal": "350", "creatine_value": "35", "creatine_normal": "35", "double_marker_value": "35", "double_marker_normal": "35", "tft_value": "35", "tft_normal": "35", "tft_description": "Description", "others_value": "", "others_normal": "", "others_description": null, "criticallity": 1, "scan": "", "scanDescription": ""}}, {"model": "Sales.investigation", "pk": 98, "fields": {"customer": 22, "sales": 3, "lastUpdated": "2022-12-14T04:33:34.951Z", "date": "2022-12-14", "hb_value": "", "hb_normal": "", "ict_value": "", "ict_normal": "", "urineRE_value": "", "urineRE_normal": "", "urineCS_value": "", "urineCS_normal": "", "vdrl_value": "", "vdrl_normal": "", "hiv_value": "", "hiv_normal": "", "rbs_first_trimester_value": "", "rbs_first_trimester_normal": "", "ogct_second_trimester_value": "", "ogct_second_trimester_normal": "", "ogtt_second_trimester_value": "", "ogtt_second_trimester_normal": "", "hcv_value": "", "hcv_normal": "", "creatine_value": "", "creatine_normal": "", "double_marker_value": "", "double_marker_normal": "", "tft_value": "", "tft_normal": "", "tft_description": "Description", "others_value": "", "others_normal": "", "others_description": null, "criticallity": 3, "scan": "", "scanDescription": ""}}, {"model": "Sales.investigation", "pk": 99, "fields": {"customer": 22, "sales": 3, "lastUpdated": "2022-12-14T04:40:17.294Z", "date": "2022-12-20", "hb_value": "", "hb_normal": "", "ict_value": "", "ict_normal": "", "urineRE_value": "", "urineRE_normal": "", "urineCS_value": "", "urineCS_normal": "", "vdrl_value": "", "vdrl_normal": "", "hiv_value": "", "hiv_normal": "", "rbs_first_trimester_value": "", "rbs_first_trimester_normal": "", "ogct_second_trimester_value": "", "ogct_second_trimester_normal": "", "ogtt_second_trimester_value": "", "ogtt_second_trimester_normal": "", "hcv_value": "", "hcv_normal": "", "creatine_value": "", "creatine_normal": "", "double_marker_value": "", "double_marker_normal": "", "tft_value": "", "tft_normal": "", "tft_description": "Description", "others_value": "", "others_normal": "", "others_description": null, "criticallity": 2, "scan": "", "scanDescription": ""}}, {"model": "Sales.investigation", "pk": 100, "fields": {"customer": 22, "sales": 3, "lastUpdated": "2023-02-07T06:29:50.366Z", "date": "2023-02-07", "hb_value": "45", "hb_normal": "35", "ict_value": "43", "ict_normal": "13", "urineRE_value": "35", "urineRE_normal": "15", "urineCS_value": "24", "urineCS_normal": "64", "vdrl_value": "44", "vdrl_normal": "44", "hiv_value": "34", "hiv_normal": "32", "rbs_first_trimester_value": "45", "rbs_first_trimester_normal": "35", "ogct_second_trimester_value": "35", "ogct_second_trimester_normal": "35", "ogtt_second_trimester_value": "45", "ogtt_second_trimester_normal": "45", "hcv_value": "15", "hcv_normal": "45", "creatine_value": "23", "creatine_normal": "23", "double_marker_value": "35", "double_marker_normal": "35", "tft_value": "35", "tft_normal": "35", "tft_description": "Description", "others_value": "", "others_normal": "", "others_description": null, "criticallity": 3, "scan": "", "scanDescription": ""}}, {"model": "Sales.investigation", "pk": 101, "fields": {"customer": 22, "sales": 3, "lastUpdated": "2023-02-10T08:52:21.676Z", "date": "2023-02-10", "hb_value": "45", "hb_normal": "35", "ict_value": "43", "ict_normal": "34", "urineRE_value": "35", "urineRE_normal": "23", "urineCS_value": "23", "urineCS_normal": "23", "vdrl_value": "42", "vdrl_normal": "85", "hiv_value": "34", "hiv_normal": "32", "rbs_first_trimester_value": "33", "rbs_first_trimester_normal": "35", "ogct_second_trimester_value": "56", "ogct_second_trimester_normal": "35", "ogtt_second_trimester_value": "45", "ogtt_second_trimester_normal": "45", "hcv_value": "85", "hcv_normal": "45", "creatine_value": "23", "creatine_normal": "23", "double_marker_value": "35", "double_marker_normal": "35", "tft_value": "35", "tft_normal": "35", "tft_description": "Description", "others_value": "", "others_normal": "", "others_description": null, "criticallity": 1, "scan": "", "scanDescription": ""}}, {"model": "Sales.investigation", "pk": 102, "fields": {"customer": 145, "sales": 3, "lastUpdated": "2023-02-10T09:51:14.405Z", "date": "2023-02-10", "hb_value": "", "hb_normal": "", "ict_value": "", "ict_normal": "", "urineRE_value": "", "urineRE_normal": "", "urineCS_value": "", "urineCS_normal": "", "vdrl_value": "", "vdrl_normal": "", "hiv_value": "", "hiv_normal": "", "rbs_first_trimester_value": "", "rbs_first_trimester_normal": "", "ogct_second_trimester_value": "", "ogct_second_trimester_normal": "", "ogtt_second_trimester_value": "", "ogtt_second_trimester_normal": "", "hcv_value": "", "hcv_normal": "", "creatine_value": "", "creatine_normal": "", "double_marker_value": "", "double_marker_normal": "", "tft_value": "", "tft_normal": "", "tft_description": "Description", "others_value": "", "others_normal": "", "others_description": null, "criticallity": 2, "scan": "", "scanDescription": ""}}, {"model": "Sales.investigation", "pk": 103, "fields": {"customer": 22, "sales": 3, "lastUpdated": "2023-02-18T04:38:44.962Z", "date": "2023-02-18", "hb_value": "45", "hb_normal": "35", "ict_value": "43", "ict_normal": "34", "urineRE_value": "35", "urineRE_normal": "32", "urineCS_value": "24", "urineCS_normal": "64", "vdrl_value": "44", "vdrl_normal": "44", "hiv_value": "23", "hiv_normal": "34", "rbs_first_trimester_value": "45", "rbs_first_trimester_normal": "35", "ogct_second_trimester_value": "35", "ogct_second_trimester_normal": "35", "ogtt_second_trimester_value": "34", "ogtt_second_trimester_normal": "45", "hcv_value": "15", "hcv_normal": "45", "creatine_value": "23", "creatine_normal": "32", "double_marker_value": "45", "double_marker_normal": "35", "tft_value": "35", "tft_normal": "35", "tft_description": "Description", "others_value": "", "others_normal": "", "others_description": null, "criticallity": 1, "scan": "", "scanDescription": ""}}, {"model": "Sales.investigation", "pk": 104, "fields": {"customer": 148, "sales": 3, "lastUpdated": "2023-04-03T07:59:54.676Z", "date": "2023-04-03", "hb_value": "", "hb_normal": "", "ict_value": "", "ict_normal": "", "urineRE_value": "", "urineRE_normal": "", "urineCS_value": "", "urineCS_normal": "", "vdrl_value": "", "vdrl_normal": "", "hiv_value": "", "hiv_normal": "", "rbs_first_trimester_value": "", "rbs_first_trimester_normal": "", "ogct_second_trimester_value": "", "ogct_second_trimester_normal": "", "ogtt_second_trimester_value": "", "ogtt_second_trimester_normal": "", "hcv_value": "", "hcv_normal": "", "creatine_value": "", "creatine_normal": "", "double_marker_value": "", "double_marker_normal": "", "tft_value": "", "tft_normal": "", "tft_description": "Description", "others_value": "", "others_normal": "", "others_description": null, "criticallity": 2, "scan": "", "scanDescription": ""}}, {"model": "Sales.investigation", "pk": 105, "fields": {"customer": 147, "sales": 3, "lastUpdated": "2023-04-03T08:53:05.736Z", "date": "2023-04-03", "hb_value": "", "hb_normal": "", "ict_value": "", "ict_normal": "", "urineRE_value": "", "urineRE_normal": "", "urineCS_value": "", "urineCS_normal": "", "vdrl_value": "", "vdrl_normal": "", "hiv_value": "", "hiv_normal": "", "rbs_first_trimester_value": "", "rbs_first_trimester_normal": "", "ogct_second_trimester_value": "", "ogct_second_trimester_normal": "", "ogtt_second_trimester_value": "", "ogtt_second_trimester_normal": "", "hcv_value": "", "hcv_normal": "", "creatine_value": "", "creatine_normal": "", "double_marker_value": "", "double_marker_normal": "", "tft_value": "", "tft_normal": "", "tft_description": "Description", "others_value": "", "others_normal": "", "others_description": null, "criticallity": 2, "scan": "", "scanDescription": ""}}, {"model": "Sales.investigation", "pk": 106, "fields": {"customer": 147, "sales": 3, "lastUpdated": "2023-04-03T08:58:11.666Z", "date": "2023-04-19", "hb_value": "", "hb_normal": "", "ict_value": "", "ict_normal": "", "urineRE_value": "", "urineRE_normal": "", "urineCS_value": "", "urineCS_normal": "", "vdrl_value": "", "vdrl_normal": "", "hiv_value": "", "hiv_normal": "", "rbs_first_trimester_value": "", "rbs_first_trimester_normal": "", "ogct_second_trimester_value": "", "ogct_second_trimester_normal": "", "ogtt_second_trimester_value": "", "ogtt_second_trimester_normal": "", "hcv_value": "", "hcv_normal": "", "creatine_value": "", "creatine_normal": "", "double_marker_value": "", "double_marker_normal": "", "tft_value": "", "tft_normal": "", "tft_description": "Description", "others_value": "", "others_normal": "", "others_description": null, "criticallity": 2, "scan": "", "scanDescription": ""}}, {"model": "Sales.investigation", "pk": 107, "fields": {"customer": 20, "sales": 3, "lastUpdated": "2023-04-06T07:43:52.780Z", "date": "2023-04-06", "hb_value": null, "hb_normal": null, "ict_value": null, "ict_normal": null, "urineRE_value": null, "urineRE_normal": null, "urineCS_value": null, "urineCS_normal": null, "vdrl_value": null, "vdrl_normal": null, "hiv_value": null, "hiv_normal": null, "rbs_first_trimester_value": null, "rbs_first_trimester_normal": null, "ogct_second_trimester_value": null, "ogct_second_trimester_normal": null, "ogtt_second_trimester_value": null, "ogtt_second_trimester_normal": null, "hcv_value": null, "hcv_normal": null, "creatine_value": null, "creatine_normal": null, "double_marker_value": null, "double_marker_normal": null, "tft_value": null, "tft_normal": null, "tft_description": "Description", "others_value": null, "others_normal": null, "others_description": null, "criticallity": 2, "scan": null, "scanDescription": ""}}, {"model": "Sales.investigation", "pk": 108, "fields": {"customer": 157, "sales": 13, "lastUpdated": "2023-04-25T05:16:00.450Z", "date": "2023-04-25", "hb_value": "45", "hb_normal": "35", "ict_value": "43", "ict_normal": "34", "urineRE_value": "35", "urineRE_normal": "32", "urineCS_value": "24", "urineCS_normal": "64", "vdrl_value": "44", "vdrl_normal": "44", "hiv_value": "34", "hiv_normal": "34", "rbs_first_trimester_value": "33", "rbs_first_trimester_normal": "35", "ogct_second_trimester_value": "35", "ogct_second_trimester_normal": "35", "ogtt_second_trimester_value": "343", "ogtt_second_trimester_normal": "45", "hcv_value": "353", "hcv_normal": "45", "creatine_value": "23", "creatine_normal": "23", "double_marker_value": "35", "double_marker_normal": "35", "tft_value": "35", "tft_normal": "35", "tft_description": "Description", "others_value": "", "others_normal": "", "others_description": null, "criticallity": 2, "scan": "", "scanDescription": ""}}, {"model": "Sales.investigation", "pk": 109, "fields": {"customer": 157, "sales": 13, "lastUpdated": "2023-04-25T05:16:44.080Z", "date": "2023-04-24", "hb_value": "45", "hb_normal": "35", "ict_value": "43", "ict_normal": "34", "urineRE_value": "35", "urineRE_normal": "32", "urineCS_value": "24", "urineCS_normal": "64", "vdrl_value": "44", "vdrl_normal": "44", "hiv_value": "34", "hiv_normal": "34", "rbs_first_trimester_value": "33", "rbs_first_trimester_normal": "35", "ogct_second_trimester_value": "35", "ogct_second_trimester_normal": "35", "ogtt_second_trimester_value": "343", "ogtt_second_trimester_normal": "45", "hcv_value": "15", "hcv_normal": "45", "creatine_value": "23", "creatine_normal": "23", "double_marker_value": "35", "double_marker_normal": "35", "tft_value": "35", "tft_normal": "35", "tft_description": "Description", "others_value": "", "others_normal": "", "others_description": null, "criticallity": 1, "scan": "", "scanDescription": ""}}, {"model": "Sales.investigation", "pk": 110, "fields": {"customer": 157, "sales": 13, "lastUpdated": "2023-04-25T05:17:42.704Z", "date": "2023-04-23", "hb_value": "45", "hb_normal": "35", "ict_value": "43", "ict_normal": "34", "urineRE_value": "35", "urineRE_normal": "15", "urineCS_value": "24", "urineCS_normal": "23", "vdrl_value": "44", "vdrl_normal": "44", "hiv_value": "34", "hiv_normal": "34", "rbs_first_trimester_value": "33", "rbs_first_trimester_normal": "35", "ogct_second_trimester_value": "35", "ogct_second_trimester_normal": "35", "ogtt_second_trimester_value": "45", "ogtt_second_trimester_normal": "45", "hcv_value": "15", "hcv_normal": "45", "creatine_value": "23", "creatine_normal": "23", "double_marker_value": "35", "double_marker_normal": "35", "tft_value": "35", "tft_normal": "35", "tft_description": "Description", "others_value": "", "others_normal": "", "others_description": null, "criticallity": 3, "scan": "", "scanDescription": ""}}, {"model": "Sales.investigation", "pk": 111, "fields": {"customer": 158, "sales": 13, "lastUpdated": "2023-04-25T05:19:09.072Z", "date": "2023-04-25", "hb_value": "45", "hb_normal": "35", "ict_value": "43", "ict_normal": "13", "urineRE_value": "15", "urineRE_normal": "15", "urineCS_value": "23", "urineCS_normal": "23", "vdrl_value": "42", "vdrl_normal": "44", "hiv_value": "34", "hiv_normal": "34", "rbs_first_trimester_value": "45", "rbs_first_trimester_normal": "35", "ogct_second_trimester_value": "35", "ogct_second_trimester_normal": "35", "ogtt_second_trimester_value": "13", "ogtt_second_trimester_normal": "45", "hcv_value": "15", "hcv_normal": "45", "creatine_value": "23", "creatine_normal": "23", "double_marker_value": "35", "double_marker_normal": "35", "tft_value": "35", "tft_normal": "35", "tft_description": "Description", "others_value": "", "others_normal": "", "others_description": null, "criticallity": 2, "scan": "", "scanDescription": ""}}, {"model": "Sales.investigation", "pk": 112, "fields": {"customer": 158, "sales": 13, "lastUpdated": "2023-05-09T03:45:44.535Z", "date": "2023-05-09", "hb_value": "", "hb_normal": "", "ict_value": "", "ict_normal": "", "urineRE_value": "", "urineRE_normal": "", "urineCS_value": "", "urineCS_normal": "", "vdrl_value": "", "vdrl_normal": "", "hiv_value": "", "hiv_normal": "", "rbs_first_trimester_value": "", "rbs_first_trimester_normal": "", "ogct_second_trimester_value": "", "ogct_second_trimester_normal": "", "ogtt_second_trimester_value": "", "ogtt_second_trimester_normal": "", "hcv_value": "", "hcv_normal": "", "creatine_value": "", "creatine_normal": "", "double_marker_value": "", "double_marker_normal": "", "tft_value": "", "tft_normal": "", "tft_description": "Description", "others_value": "", "others_normal": "", "others_description": null, "criticallity": 2, "scan": "", "scanDescription": ""}}, {"model": "Sales.investigation", "pk": 113, "fields": {"customer": 159, "sales": 13, "lastUpdated": "2023-05-09T03:47:32.879Z", "date": "2023-05-09", "hb_value": "", "hb_normal": "", "ict_value": "", "ict_normal": "", "urineRE_value": "", "urineRE_normal": "", "urineCS_value": "", "urineCS_normal": "", "vdrl_value": "", "vdrl_normal": "", "hiv_value": "", "hiv_normal": "", "rbs_first_trimester_value": "", "rbs_first_trimester_normal": "", "ogct_second_trimester_value": "", "ogct_second_trimester_normal": "", "ogtt_second_trimester_value": "", "ogtt_second_trimester_normal": "", "hcv_value": "", "hcv_normal": "", "creatine_value": "", "creatine_normal": "", "double_marker_value": "", "double_marker_normal": "", "tft_value": "", "tft_normal": "", "tft_description": "Description", "others_value": "", "others_normal": "", "others_description": null, "criticallity": 2, "scan": "", "scanDescription": ""}}, {"model": "Sales.investigation", "pk": 114, "fields": {"customer": 163, "sales": 3, "lastUpdated": "2023-06-08T05:03:21.456Z", "date": "2023-06-08", "hb_value": "", "hb_normal": "", "ict_value": "", "ict_normal": "", "urineRE_value": "", "urineRE_normal": "", "urineCS_value": "", "urineCS_normal": "", "vdrl_value": "", "vdrl_normal": "", "hiv_value": "", "hiv_normal": "", "rbs_first_trimester_value": "", "rbs_first_trimester_normal": "", "ogct_second_trimester_value": "", "ogct_second_trimester_normal": "", "ogtt_second_trimester_value": "", "ogtt_second_trimester_normal": "", "hcv_value": "", "hcv_normal": "", "creatine_value": "", "creatine_normal": "", "double_marker_value": "", "double_marker_normal": "", "tft_value": "", "tft_normal": "", "tft_description": "Description", "others_value": "", "others_normal": "", "others_description": null, "criticallity": 2, "scan": "", "scanDescription": ""}}, {"model": "Sales.callresponses", "pk": 1, "fields": {"response": "didn't respond"}}, {"model": "Sales.callresponses", "pk": 2, "fields": {"response": "didn't called"}}, {"model": "Sales.callresponses", "pk": 3, "fields": {"response": "called"}}, {"model": "Sales.customercallreposnses", "pk": 2, "fields": {"customer": 22, "response": 3, "sales": 3, "note": "Doubt Regarding bleeding ask to contact respective doctor", "date": "2022-04-28"}}, {"model": "Sales.customercallreposnses", "pk": 3, "fields": {"customer": 22, "response": 3, "sales": 3, "note": "Doubt Regarding bleeding .Asked to go hospital Immediately.", "date": "2022-04-29"}}, {"model": "Sales.customercallreposnses", "pk": 5, "fields": {"customer": 22, "response": 3, "sales": 3, "note": "call doctor", "date": "2022-05-11"}}, {"model": "Sales.customercallreposnses", "pk": 6, "fields": {"customer": 34, "response": 1, "sales": 3, "note": null, "date": "2022-05-14"}}, {"model": "Sales.customercallreposnses", "pk": 8, "fields": {"customer": 34, "response": 1, "sales": 3, "note": "hello", "date": "2022-05-17"}}, {"model": "Sales.customercallreposnses", "pk": 16, "fields": {"customer": 22, "response": 3, "sales": 3, "note": "query regarding low baby movement . redirected to hospital", "date": "2022-05-28"}}, {"model": "Sales.customercallreposnses", "pk": 18, "fields": {"customer": 22, "response": 3, "sales": 3, "note": "call  responed", "date": "2022-06-03"}}, {"model": "Sales.customercallreposnses", "pk": 22, "fields": {"customer": 22, "response": 3, "sales": 3, "note": "Regarding Bleeding", "date": "2022-06-14"}}, {"model": "Sales.customercallreposnses", "pk": 24, "fields": {"customer": 22, "response": 2, "sales": 3, "note": "hello doc", "date": "2022-06-24"}}, {"model": "Sales.customercallreposnses", "pk": 26, "fields": {"customer": 22, "response": 3, "sales": 3, "note": "hello", "date": "2022-07-08"}}, {"model": "Sales.customercallreposnses", "pk": 76, "fields": {"customer": 22, "response": 3, "sales": 3, "note": "Doubts regarding Spotting", "date": "2022-07-25"}}, {"model": "Sales.customercallreposnses", "pk": 78, "fields": {"customer": 22, "response": 3, "sales": 3, "note": null, "date": "2022-07-26"}}, {"model": "Sales.customercallreposnses", "pk": 139, "fields": {"customer": 22, "response": 3, "sales": 3, "note": "Doubts regarding headachae, asked to contact doctor.", "date": "2022-08-11"}}, {"model": "Sales.customercallreposnses", "pk": 142, "fields": {"customer": 22, "response": 3, "sales": 3, "note": "Doubts regarding headache, Asked to contact doctor.", "date": "2022-08-13"}}, {"model": "Sales.customercallreposnses", "pk": 143, "fields": {"customer": 22, "response": 3, "sales": 3, "note": "Doubts regarding headache,asked to contact Doctor", "date": "2022-08-16"}}, {"model": "Sales.customercallreposnses", "pk": 144, "fields": {"customer": 22, "response": 3, "sales": 3, "note": "Doubts regarding Dizziness,asked to contact Doctor", "date": "2022-08-17"}}, {"model": "Sales.customercallreposnses", "pk": 146, "fields": {"customer": 22, "response": 3, "sales": 3, "note": "Doubt regarding tiredness asked to contact Doctor", "date": "2022-08-19"}}, {"model": "Sales.customercallreposnses", "pk": 147, "fields": {"customer": 22, "response": 3, "sales": 3, "note": "hello", "date": "2022-08-20"}}, {"model": "Sales.customercallreposnses", "pk": 148, "fields": {"customer": 22, "response": 3, "sales": 3, "note": "Doubt Regarding Weekness and tiredness,asked to contact doctor", "date": "2022-08-22"}}, {"model": "Sales.customercallreposnses", "pk": 151, "fields": {"customer": 22, "response": 1, "sales": 3, "note": null, "date": "2022-08-24"}}, {"model": "Sales.customercallreposnses", "pk": 152, "fields": {"customer": 22, "response": 3, "sales": 3, "note": "Doubts regarding acne and thirsty, asked to contact Doctor", "date": "2022-08-26"}}, {"model": "Sales.customercallreposnses", "pk": 169, "fields": {"customer": 22, "response": 3, "sales": 3, "note": "Doubt regarding weakness ,asked to contact doctor", "date": "2022-08-31"}}, {"model": "Sales.customercallreposnses", "pk": 170, "fields": {"customer": 22, "response": 3, "sales": 3, "note": "Doubts regarding swelling asked to contact doctor", "date": "2022-09-09"}}, {"model": "Sales.customercallreposnses", "pk": 184, "fields": {"customer": 22, "response": 3, "sales": 3, "note": "Doubts regarding itchy skin, asked to contact doctor", "date": "2022-09-20"}}, {"model": "Sales.customercallreposnses", "pk": 185, "fields": {"customer": 22, "response": 3, "sales": 3, "note": "Doubts regarding \tLow Urine Output,asked to contact doctor", "date": "2022-09-21"}}, {"model": "Sales.customercallreposnses", "pk": 186, "fields": {"customer": 22, "response": 3, "sales": 3, "note": "Doubts regarding Frequent Urination ,asked to contact doctor", "date": "2022-09-24"}}, {"model": "Sales.customercallreposnses", "pk": 187, "fields": {"customer": 22, "response": 3, "sales": 3, "note": "Doubts regarding craving spicy foods and weekness,asked to contact doctor", "date": "2022-09-26"}}, {"model": "Sales.customercallreposnses", "pk": 188, "fields": {"customer": 22, "response": 3, "sales": 3, "note": "Doubts regarding Blood in Urine, asked to contact Doctor", "date": "2022-10-01"}}, {"model": "Sales.customercallreposnses", "pk": 189, "fields": {"customer": 22, "response": 3, "sales": 3, "note": "Doubts regarding tiredness ,asked to contact doctor", "date": "2022-10-03"}}, {"model": "Sales.customercallreposnses", "pk": 203, "fields": {"customer": 22, "response": 3, "sales": 3, "note": "Doubts regarding thirsty asked to contact doctor", "date": "2022-10-11"}}, {"model": "Sales.customercallreposnses", "pk": 204, "fields": {"customer": 22, "response": 3, "sales": 3, "note": "Doubt regarding bleeding", "date": "2022-10-12"}}, {"model": "Sales.customercallreposnses", "pk": 214, "fields": {"customer": 22, "response": 3, "sales": 3, "note": "Doubts regarding backpain, asked to contact doctor", "date": "2022-10-14"}}, {"model": "Sales.customercallreposnses", "pk": 218, "fields": {"customer": 22, "response": 3, "sales": 3, "note": "called today morning", "date": "2023-02-07"}}, {"model": "Sales.customercallreposnses", "pk": 219, "fields": {"customer": 22, "response": 3, "sales": 3, "note": "called today", "date": "2023-02-18"}}, {"model": "Sales.customercallreposnses", "pk": 220, "fields": {"customer": 157, "response": 3, "sales": 3, "note": "Swollen Ankles And Feet\nWhite-Pink Mucus", "date": "2023-06-08"}}, {"model": "Sales.customercallreposnses", "pk": 221, "fields": {"customer": 183, "response": 3, "sales": 3, "note": "had doubts regarding abdomen pain", "date": "2023-06-27"}}, {"model": "Sales.customercallreposnses", "pk": 222, "fields": {"customer": 171, "response": 2, "sales": 14, "note": null, "date": "2023-06-27"}}, {"model": "Sales.customercallreposnses", "pk": 223, "fields": {"customer": 157, "response": 3, "sales": 13, "note": "called today", "date": "2023-06-27"}}, {"model": "Sales.customercallreposnses", "pk": 224, "fields": {"customer": 171, "response": 2, "sales": 14, "note": null, "date": "2023-07-03"}}, {"model": "Sales.criticalitychange", "pk": 4, "fields": {"customer": 22, "criticallity": 3, "date": "2022-04-28", "consent": false}}, {"model": "Sales.criticalitychange", "pk": 5, "fields": {"customer": 22, "criticallity": 2, "date": "2022-04-29", "consent": false}}, {"model": "Sales.criticalitychange", "pk": 6, "fields": {"customer": 22, "criticallity": 3, "date": "2022-04-29", "consent": false}}, {"model": "Sales.criticalitychange", "pk": 7, "fields": {"customer": 22, "criticallity": 2, "date": "2022-05-02", "consent": false}}, {"model": "Sales.criticalitychange", "pk": 8, "fields": {"customer": 22, "criticallity": 3, "date": "2022-05-14", "consent": false}}, {"model": "Sales.criticalitychange", "pk": 10, "fields": {"customer": 22, "criticallity": 3, "date": "2022-05-16", "consent": false}}, {"model": "Sales.criticalitychange", "pk": 11, "fields": {"customer": 22, "criticallity": 2, "date": "2022-05-23", "consent": false}}, {"model": "Sales.criticalitychange", "pk": 12, "fields": {"customer": 22, "criticallity": 2, "date": "2022-05-25", "consent": false}}, {"model": "Sales.criticalitychange", "pk": 15, "fields": {"customer": 22, "criticallity": 3, "date": "2022-05-28", "consent": false}}, {"model": "Sales.criticalitychange", "pk": 18, "fields": {"customer": 22, "criticallity": 3, "date": "2022-05-30", "consent": false}}, {"model": "Sales.criticalitychange", "pk": 20, "fields": {"customer": 22, "criticallity": 1, "date": "2022-06-02", "consent": false}}, {"model": "Sales.criticalitychange", "pk": 22, "fields": {"customer": 22, "criticallity": 2, "date": "2022-06-04", "consent": false}}, {"model": "Sales.criticalitychange", "pk": 29, "fields": {"customer": 22, "criticallity": 2, "date": "2022-06-06", "consent": false}}, {"model": "Sales.criticalitychange", "pk": 30, "fields": {"customer": 22, "criticallity": 2, "date": "2022-06-07", "consent": false}}, {"model": "Sales.criticalitychange", "pk": 32, "fields": {"customer": 22, "criticallity": 3, "date": "2022-06-08", "consent": false}}, {"model": "Sales.criticalitychange", "pk": 33, "fields": {"customer": 22, "criticallity": 2, "date": "2022-06-08", "consent": false}}, {"model": "Sales.criticalitychange", "pk": 40, "fields": {"customer": 22, "criticallity": 2, "date": "2022-06-10", "consent": false}}, {"model": "Sales.criticalitychange", "pk": 48, "fields": {"customer": 22, "criticallity": 2, "date": "2022-06-12", "consent": false}}, {"model": "Sales.criticalitychange", "pk": 50, "fields": {"customer": 22, "criticallity": 3, "date": "2022-06-11", "consent": false}}, {"model": "Sales.criticalitychange", "pk": 56, "fields": {"customer": 22, "criticallity": 2, "date": "2022-06-11", "consent": false}}, {"model": "Sales.criticalitychange", "pk": 57, "fields": {"customer": 22, "criticallity": 2, "date": "2022-06-13", "consent": false}}, {"model": "Sales.criticalitychange", "pk": 58, "fields": {"customer": 22, "criticallity": 3, "date": "2022-06-13", "consent": false}}, {"model": "Sales.criticalitychange", "pk": 77, "fields": {"customer": 22, "criticallity": 2, "date": "2022-06-15", "consent": false}}, {"model": "Sales.criticalitychange", "pk": 90, "fields": {"customer": 22, "criticallity": 3, "date": "2022-06-15", "consent": false}}, {"model": "Sales.criticalitychange", "pk": 101, "fields": {"customer": 22, "criticallity": 2, "date": "2022-06-16", "consent": false}}, {"model": "Sales.criticalitychange", "pk": 102, "fields": {"customer": 22, "criticallity": 2, "date": "2022-06-17", "consent": false}}, {"model": "Sales.criticalitychange", "pk": 113, "fields": {"customer": 22, "criticallity": 3, "date": "2022-06-19", "consent": false}}, {"model": "Sales.criticalitychange", "pk": 117, "fields": {"customer": 22, "criticallity": 1, "date": "2022-06-18", "consent": false}}, {"model": "Sales.criticalitychange", "pk": 120, "fields": {"customer": 22, "criticallity": 3, "date": "2022-06-18", "consent": false}}, {"model": "Sales.criticalitychange", "pk": 141, "fields": {"customer": 22, "criticallity": 3, "date": "2022-06-20", "consent": false}}, {"model": "Sales.criticalitychange", "pk": 144, "fields": {"customer": 22, "criticallity": 2, "date": "2022-06-22", "consent": false}}, {"model": "Sales.criticalitychange", "pk": 145, "fields": {"customer": 22, "criticallity": 3, "date": "2022-06-22", "consent": false}}, {"model": "Sales.criticalitychange", "pk": 146, "fields": {"customer": 22, "criticallity": 2, "date": "2022-06-24", "consent": false}}, {"model": "Sales.criticalitychange", "pk": 149, "fields": {"customer": 22, "criticallity": 3, "date": "2022-06-25", "consent": false}}, {"model": "Sales.criticalitychange", "pk": 150, "fields": {"customer": 22, "criticallity": 2, "date": "2022-07-04", "consent": false}}, {"model": "Sales.criticalitychange", "pk": 152, "fields": {"customer": 22, "criticallity": 2, "date": "2022-07-07", "consent": false}}, {"model": "Sales.criticalitychange", "pk": 165, "fields": {"customer": 22, "criticallity": 2, "date": "2022-07-16", "consent": false}}, {"model": "Sales.criticalitychange", "pk": 168, "fields": {"customer": 22, "criticallity": 3, "date": "2022-07-21", "consent": false}}, {"model": "Sales.criticalitychange", "pk": 170, "fields": {"customer": 22, "criticallity": 2, "date": "2022-07-19", "consent": false}}, {"model": "Sales.criticalitychange", "pk": 171, "fields": {"customer": 22, "criticallity": 3, "date": "2022-07-19", "consent": false}}, {"model": "Sales.criticalitychange", "pk": 176, "fields": {"customer": 22, "criticallity": 2, "date": "2022-07-21", "consent": false}}, {"model": "Sales.criticalitychange", "pk": 182, "fields": {"customer": 22, "criticallity": 1, "date": "2022-07-22", "consent": false}}, {"model": "Sales.criticalitychange", "pk": 185, "fields": {"customer": 22, "criticallity": 3, "date": "2022-07-22", "consent": false}}, {"model": "Sales.criticalitychange", "pk": 189, "fields": {"customer": 22, "criticallity": 2, "date": "2022-07-25", "consent": false}}, {"model": "Sales.criticalitychange", "pk": 190, "fields": {"customer": 22, "criticallity": 3, "date": "2022-07-25", "consent": false}}, {"model": "Sales.criticalitychange", "pk": 199, "fields": {"customer": 22, "criticallity": 2, "date": "2022-08-09", "consent": false}}, {"model": "Sales.criticalitychange", "pk": 200, "fields": {"customer": 22, "criticallity": 3, "date": "2022-08-09", "consent": false}}, {"model": "Sales.criticalitychange", "pk": 201, "fields": {"customer": 22, "criticallity": 2, "date": "2022-08-10", "consent": false}}, {"model": "Sales.criticalitychange", "pk": 202, "fields": {"customer": 22, "criticallity": 3, "date": "2022-08-10", "consent": false}}, {"model": "Sales.criticalitychange", "pk": 203, "fields": {"customer": 22, "criticallity": 2, "date": "2022-08-11", "consent": false}}, {"model": "Sales.criticalitychange", "pk": 204, "fields": {"customer": 22, "criticallity": 3, "date": "2022-08-13", "consent": false}}, {"model": "Sales.criticalitychange", "pk": 205, "fields": {"customer": 22, "criticallity": 2, "date": "2022-08-16", "consent": false}}, {"model": "Sales.criticalitychange", "pk": 206, "fields": {"customer": 22, "criticallity": 3, "date": "2022-08-16", "consent": false}}, {"model": "Sales.criticalitychange", "pk": 207, "fields": {"customer": 22, "criticallity": 2, "date": "2022-08-17", "consent": false}}, {"model": "Sales.criticalitychange", "pk": 208, "fields": {"customer": 22, "criticallity": 2, "date": "2022-08-19", "consent": false}}, {"model": "Sales.criticalitychange", "pk": 210, "fields": {"customer": 22, "criticallity": 2, "date": "2022-08-22", "consent": false}}, {"model": "Sales.criticalitychange", "pk": 211, "fields": {"customer": 22, "criticallity": 3, "date": "2022-08-22", "consent": false}}, {"model": "Sales.criticalitychange", "pk": 215, "fields": {"customer": 22, "criticallity": 1, "date": "2022-08-24", "consent": false}}, {"model": "Sales.criticalitychange", "pk": 216, "fields": {"customer": 22, "criticallity": 3, "date": "2022-08-24", "consent": false}}, {"model": "Sales.criticalitychange", "pk": 217, "fields": {"customer": 22, "criticallity": 2, "date": "2022-08-25", "consent": false}}, {"model": "Sales.criticalitychange", "pk": 221, "fields": {"customer": 22, "criticallity": 2, "date": "2022-08-26", "consent": false}}, {"model": "Sales.criticalitychange", "pk": 222, "fields": {"customer": 22, "criticallity": 2, "date": "2022-08-30", "consent": false}}, {"model": "Sales.criticalitychange", "pk": 223, "fields": {"customer": 22, "criticallity": 2, "date": "2022-08-31", "consent": false}}, {"model": "Sales.criticalitychange", "pk": 224, "fields": {"customer": 22, "criticallity": 3, "date": "2022-09-12", "consent": false}}, {"model": "Sales.criticalitychange", "pk": 225, "fields": {"customer": 22, "criticallity": 2, "date": "2022-09-20", "consent": false}}, {"model": "Sales.criticalitychange", "pk": 226, "fields": {"customer": 22, "criticallity": 2, "date": "2022-09-21", "consent": false}}, {"model": "Sales.criticalitychange", "pk": 227, "fields": {"customer": 22, "criticallity": 3, "date": "2022-10-01", "consent": false}}, {"model": "Sales.criticalitychange", "pk": 228, "fields": {"customer": 22, "criticallity": 2, "date": "2022-10-03", "consent": false}}, {"model": "Sales.criticalitychange", "pk": 229, "fields": {"customer": 22, "criticallity": 3, "date": "2022-10-03", "consent": false}}, {"model": "Sales.criticalitychange", "pk": 230, "fields": {"customer": 22, "criticallity": 2, "date": "2022-10-11", "consent": false}}, {"model": "Sales.criticalitychange", "pk": 231, "fields": {"customer": 22, "criticallity": 3, "date": "2022-10-12", "consent": false}}, {"model": "Sales.criticalitychange", "pk": 233, "fields": {"customer": 22, "criticallity": 3, "date": "2022-10-14", "consent": false}}, {"model": "Sales.criticalitychange", "pk": 234, "fields": {"customer": 22, "criticallity": 2, "date": "2022-10-17", "consent": false}}, {"model": "Sales.criticalitychange", "pk": 235, "fields": {"customer": 22, "criticallity": 3, "date": "2022-10-17", "consent": false}}, {"model": "Sales.criticalitychange", "pk": 236, "fields": {"customer": 22, "criticallity": 2, "date": "2022-11-01", "consent": false}}, {"model": "Sales.criticalitychange", "pk": 237, "fields": {"customer": 22, "criticallity": 3, "date": "2022-11-09", "consent": false}}, {"model": "Sales.criticalitychange", "pk": 238, "fields": {"customer": 22, "criticallity": 3, "date": "2022-11-22", "consent": false}}, {"model": "Sales.criticalitychange", "pk": 239, "fields": {"customer": 22, "criticallity": 2, "date": "2022-12-14", "consent": false}}, {"model": "Sales.criticalitychange", "pk": 240, "fields": {"customer": 22, "criticallity": 3, "date": "2022-12-14", "consent": false}}, {"model": "Sales.criticalitychange", "pk": 241, "fields": {"customer": 22, "criticallity": 3, "date": "2022-12-13", "consent": false}}, {"model": "Sales.criticalitychange", "pk": 242, "fields": {"customer": 22, "criticallity": 2, "date": "2022-12-13", "consent": false}}, {"model": "Sales.criticalitychange", "pk": 243, "fields": {"customer": 22, "criticallity": 2, "date": "2022-12-12", "consent": false}}, {"model": "Sales.criticalitychange", "pk": 244, "fields": {"customer": 22, "criticallity": 2, "date": "2022-12-10", "consent": false}}, {"model": "Sales.criticalitychange", "pk": 245, "fields": {"customer": 22, "criticallity": 2, "date": "2022-12-09", "consent": false}}, {"model": "Sales.criticalitychange", "pk": 246, "fields": {"customer": 22, "criticallity": 2, "date": "2022-12-08", "consent": false}}, {"model": "Sales.criticalitychange", "pk": 247, "fields": {"customer": 22, "criticallity": 2, "date": "2022-12-07", "consent": false}}, {"model": "Sales.criticalitychange", "pk": 249, "fields": {"customer": 22, "criticallity": 2, "date": "2022-12-20", "consent": false}}, {"model": "Sales.criticalitychange", "pk": 250, "fields": {"customer": 22, "criticallity": 2, "date": "2023-01-21", "consent": false}}, {"model": "Sales.criticalitychange", "pk": 251, "fields": {"customer": 22, "criticallity": 2, "date": "2023-01-24", "consent": false}}, {"model": "Sales.criticalitychange", "pk": 252, "fields": {"customer": 22, "criticallity": 2, "date": "2023-01-23", "consent": false}}, {"model": "Sales.criticalitychange", "pk": 253, "fields": {"customer": 22, "criticallity": 2, "date": "2023-01-20", "consent": false}}, {"model": "Sales.criticalitychange", "pk": 254, "fields": {"customer": 22, "criticallity": 2, "date": "2023-01-19", "consent": false}}, {"model": "Sales.criticalitychange", "pk": 255, "fields": {"customer": 22, "criticallity": 2, "date": "2023-01-18", "consent": false}}, {"model": "Sales.criticalitychange", "pk": 256, "fields": {"customer": 22, "criticallity": 2, "date": "2023-01-17", "consent": false}}, {"model": "Sales.criticalitychange", "pk": 257, "fields": {"customer": 22, "criticallity": 2, "date": "2023-01-16", "consent": false}}, {"model": "Sales.criticalitychange", "pk": 258, "fields": {"customer": 22, "criticallity": 3, "date": "2023-02-07", "consent": false}}, {"model": "Sales.criticalitychange", "pk": 259, "fields": {"customer": 22, "criticallity": 1, "date": "2023-02-10", "consent": false}}, {"model": "Sales.criticalitychange", "pk": 260, "fields": {"customer": 22, "criticallity": 3, "date": "2023-02-10", "consent": false}}, {"model": "Sales.criticalitychange", "pk": 261, "fields": {"customer": 145, "criticallity": 2, "date": "2023-02-10", "consent": false}}, {"model": "Sales.criticalitychange", "pk": 262, "fields": {"customer": 145, "criticallity": 3, "date": "2023-02-10", "consent": false}}, {"model": "Sales.criticalitychange", "pk": 263, "fields": {"customer": 22, "criticallity": 3, "date": "2023-02-18", "consent": false}}, {"model": "Sales.criticalitychange", "pk": 264, "fields": {"customer": 22, "criticallity": 2, "date": "2023-03-03", "consent": false}}, {"model": "Sales.criticalitychange", "pk": 265, "fields": {"customer": 22, "criticallity": 2, "date": "2023-01-25", "consent": false}}, {"model": "Sales.criticalitychange", "pk": 266, "fields": {"customer": 22, "criticallity": 2, "date": "2023-03-07", "consent": false}}, {"model": "Sales.criticalitychange", "pk": 267, "fields": {"customer": 22, "criticallity": 2, "date": "2023-03-22", "consent": false}}, {"model": "Sales.criticalitychange", "pk": 268, "fields": {"customer": 148, "criticallity": 3, "date": "2023-03-27", "consent": false}}, {"model": "Sales.criticalitychange", "pk": 269, "fields": {"customer": 148, "criticallity": 3, "date": "2023-03-29", "consent": false}}, {"model": "Sales.criticalitychange", "pk": 270, "fields": {"customer": 148, "criticallity": 3, "date": "2023-03-31", "consent": false}}, {"model": "Sales.criticalitychange", "pk": 271, "fields": {"customer": 148, "criticallity": 2, "date": "2023-04-03", "consent": false}}, {"model": "Sales.criticalitychange", "pk": 272, "fields": {"customer": 148, "criticallity": 3, "date": "2023-04-03", "consent": false}}, {"model": "Sales.criticalitychange", "pk": 273, "fields": {"customer": 147, "criticallity": 2, "date": "2023-04-03", "consent": false}}, {"model": "Sales.criticalitychange", "pk": 274, "fields": {"customer": 148, "criticallity": 3, "date": "2023-04-05", "consent": false}}, {"model": "Sales.criticalitychange", "pk": 275, "fields": {"customer": 148, "criticallity": 3, "date": "2023-04-06", "consent": false}}, {"model": "Sales.criticalitychange", "pk": 276, "fields": {"customer": 148, "criticallity": 3, "date": "2023-04-07", "consent": false}}, {"model": "Sales.criticalitychange", "pk": 277, "fields": {"customer": 148, "criticallity": 3, "date": "2023-04-08", "consent": false}}, {"model": "Sales.criticalitychange", "pk": 278, "fields": {"customer": 148, "criticallity": 2, "date": "2023-04-08", "consent": false}}, {"model": "Sales.criticalitychange", "pk": 279, "fields": {"customer": 148, "criticallity": 3, "date": "2023-04-10", "consent": false}}, {"model": "Sales.criticalitychange", "pk": 280, "fields": {"customer": 148, "criticallity": 3, "date": "2023-04-11", "consent": false}}, {"model": "Sales.criticalitychange", "pk": 281, "fields": {"customer": 144, "criticallity": 3, "date": "2023-04-12", "consent": false}}, {"model": "Sales.criticalitychange", "pk": 282, "fields": {"customer": 148, "criticallity": 3, "date": "2023-04-12", "consent": false}}, {"model": "Sales.criticalitychange", "pk": 283, "fields": {"customer": 148, "criticallity": 3, "date": "2023-04-13", "consent": false}}, {"model": "Sales.criticalitychange", "pk": 284, "fields": {"customer": 157, "criticallity": 3, "date": "2023-04-25", "consent": false}}, {"model": "Sales.criticalitychange", "pk": 285, "fields": {"customer": 157, "criticallity": 2, "date": "2023-04-24", "consent": false}}, {"model": "Sales.criticalitychange", "pk": 286, "fields": {"customer": 157, "criticallity": 2, "date": "2023-04-23", "consent": false}}, {"model": "Sales.criticalitychange", "pk": 287, "fields": {"customer": 157, "criticallity": 2, "date": "2023-04-17", "consent": false}}, {"model": "Sales.criticalitychange", "pk": 288, "fields": {"customer": 158, "criticallity": 3, "date": "2023-04-25", "consent": false}}, {"model": "Sales.criticalitychange", "pk": 289, "fields": {"customer": 159, "criticallity": 3, "date": "2023-04-25", "consent": false}}, {"model": "Sales.criticalitychange", "pk": 290, "fields": {"customer": 157, "criticallity": 2, "date": "2023-04-25", "consent": false}}, {"model": "Sales.criticalitychange", "pk": 291, "fields": {"customer": 157, "criticallity": 1, "date": "2023-04-24", "consent": false}}, {"model": "Sales.criticalitychange", "pk": 292, "fields": {"customer": 157, "criticallity": 1, "date": "2023-04-23", "consent": false}}, {"model": "Sales.criticalitychange", "pk": 293, "fields": {"customer": 157, "criticallity": 3, "date": "2023-04-23", "consent": false}}, {"model": "Sales.criticalitychange", "pk": 294, "fields": {"customer": 158, "criticallity": 2, "date": "2023-04-25", "consent": false}}, {"model": "Sales.criticalitychange", "pk": 295, "fields": {"customer": 157, "criticallity": 2, "date": "2023-05-05", "consent": false}}, {"model": "Sales.criticalitychange", "pk": 296, "fields": {"customer": 157, "criticallity": 3, "date": "2023-05-04", "consent": false}}, {"model": "Sales.criticalitychange", "pk": 297, "fields": {"customer": 157, "criticallity": 2, "date": "2023-05-02", "consent": false}}, {"model": "Sales.criticalitychange", "pk": 298, "fields": {"customer": 157, "criticallity": 2, "date": "2023-05-01", "consent": false}}, {"model": "Sales.criticalitychange", "pk": 299, "fields": {"customer": 157, "criticallity": 3, "date": "2023-05-09", "consent": false}}, {"model": "Sales.criticalitychange", "pk": 300, "fields": {"customer": 159, "criticallity": 2, "date": "2023-05-09", "consent": false}}, {"model": "Sales.criticalitychange", "pk": 301, "fields": {"customer": 157, "criticallity": 2, "date": "2023-05-11", "consent": false}}, {"model": "Sales.criticalitychange", "pk": 302, "fields": {"customer": 157, "criticallity": 3, "date": "2023-05-11", "consent": false}}, {"model": "Sales.criticalitychange", "pk": 303, "fields": {"customer": 157, "criticallity": 3, "date": "2023-05-18", "consent": false}}, {"model": "Sales.criticalitychange", "pk": 304, "fields": {"customer": 159, "criticallity": 3, "date": "2023-05-18", "consent": false}}, {"model": "Sales.criticalitychange", "pk": 305, "fields": {"customer": 157, "criticallity": 2, "date": "2023-05-22", "consent": false}}, {"model": "Sales.criticalitychange", "pk": 306, "fields": {"customer": 157, "criticallity": 3, "date": "2023-05-22", "consent": false}}, {"model": "Sales.criticalitychange", "pk": 307, "fields": {"customer": 157, "criticallity": 3, "date": "2023-05-20", "consent": false}}, {"model": "Sales.criticalitychange", "pk": 308, "fields": {"customer": 157, "criticallity": 2, "date": "2023-05-23", "consent": false}}, {"model": "Sales.criticalitychange", "pk": 309, "fields": {"customer": 157, "criticallity": 3, "date": "2023-05-25", "consent": false}}, {"model": "Sales.criticalitychange", "pk": 310, "fields": {"customer": 157, "criticallity": 2, "date": "2023-05-28", "consent": false}}, {"model": "Sales.criticalitychange", "pk": 311, "fields": {"customer": 157, "criticallity": 3, "date": "2023-05-28", "consent": false}}, {"model": "Sales.criticalitychange", "pk": 312, "fields": {"customer": 165, "criticallity": 3, "date": "2023-05-28", "consent": false}}, {"model": "Sales.criticalitychange", "pk": 313, "fields": {"customer": 152, "criticallity": 3, "date": "2023-05-28", "consent": false}}, {"model": "Sales.criticalitychange", "pk": 314, "fields": {"customer": 158, "criticallity": 3, "date": "2023-05-28", "consent": false}}, {"model": "Sales.criticalitychange", "pk": 315, "fields": {"customer": 157, "criticallity": 3, "date": "2023-06-01", "consent": false}}, {"model": "Sales.criticalitychange", "pk": 316, "fields": {"customer": 157, "criticallity": 3, "date": "2023-06-03", "consent": false}}, {"model": "Sales.criticalitychange", "pk": 317, "fields": {"customer": 157, "criticallity": 3, "date": "2023-06-05", "consent": false}}, {"model": "Sales.criticalitychange", "pk": 318, "fields": {"customer": 163, "criticallity": 2, "date": "2023-06-08", "consent": false}}, {"model": "Sales.criticalitychange", "pk": 319, "fields": {"customer": 157, "criticallity": 3, "date": "2023-06-09", "consent": false}}, {"model": "Sales.criticalitychange", "pk": 320, "fields": {"customer": 167, "criticallity": 3, "date": "2023-06-11", "consent": false}}, {"model": "Sales.criticalitychange", "pk": 321, "fields": {"customer": 157, "criticallity": 2, "date": "2023-06-11", "consent": false}}, {"model": "Sales.criticalitychange", "pk": 322, "fields": {"customer": 157, "criticallity": 3, "date": "2023-06-13", "consent": false}}, {"model": "Sales.criticalitychange", "pk": 323, "fields": {"customer": 157, "criticallity": 3, "date": "2023-06-14", "consent": false}}, {"model": "Sales.criticalitychange", "pk": 324, "fields": {"customer": 168, "criticallity": 3, "date": "2023-06-14", "consent": false}}, {"model": "Sales.criticalitychange", "pk": 325, "fields": {"customer": 158, "criticallity": 3, "date": "2023-06-14", "consent": false}}, {"model": "Sales.criticalitychange", "pk": 326, "fields": {"customer": 152, "criticallity": 3, "date": "2023-06-14", "consent": false}}, {"model": "Sales.criticalitychange", "pk": 327, "fields": {"customer": 159, "criticallity": 3, "date": "2023-06-14", "consent": false}}, {"model": "Sales.criticalitychange", "pk": 328, "fields": {"customer": 157, "criticallity": 3, "date": "2023-06-16", "consent": false}}, {"model": "Sales.criticalitychange", "pk": 329, "fields": {"customer": 157, "criticallity": 3, "date": "2023-06-20", "consent": false}}, {"model": "Sales.criticalitychange", "pk": 330, "fields": {"customer": 183, "criticallity": 3, "date": "2023-06-27", "consent": false}}, {"model": "Sales.criticalitychange", "pk": 331, "fields": {"customer": 171, "criticallity": 3, "date": "2023-06-27", "consent": false}}, {"model": "Consultant.customizedplan", "pk": 17, "fields": {"tracker": 1, "customer": 22, "date": "2022-06-09", "time": "2022-06-09T11:16:34.802Z", "url": "https://thumbs.dreamstime.com/z/balanced-diet-diagram-chart-vitamins-minerals-table-vector-infographics-food-nutrition-sources-mineral-complex-healthy-237694716.jpg"}}, {"model": "Messages.messages", "pk": 4, "fields": {"timestamp": "2022-01-15T11:07:35.171Z", "sender": 22, "receiver": 20, "message": "hello"}}, {"model": "Messages.messages", "pk": 5, "fields": {"timestamp": "2022-01-15T11:07:50.618Z", "sender": 20, "receiver": 22, "message": "hui"}}, {"model": "Messages.messages", "pk": 6, "fields": {"timestamp": "2022-01-15T11:13:25.012Z", "sender": 21, "receiver": 22, "message": "hello"}}, {"model": "Messages.messages", "pk": 7, "fields": {"timestamp": "2022-01-17T10:24:06.794Z", "sender": 19, "receiver": 22, "message": "hey"}}, {"model": "Messages.messages", "pk": 8, "fields": {"timestamp": "2022-03-25T09:12:36.522Z", "sender": 22, "receiver": 20, "message": "hello"}}, {"model": "Messages.messages", "pk": 9, "fields": {"timestamp": "2022-03-28T09:31:41.017Z", "sender": 22, "receiver": 32, "message": "hii"}}, {"model": "Messages.messages", "pk": 10, "fields": {"timestamp": "2022-03-30T05:22:52.394Z", "sender": 22, "receiver": 20, "message": "hello it's sid doc"}}, {"model": "Messages.messages", "pk": 14, "fields": {"timestamp": "2022-04-01T16:57:19.852Z", "sender": 22, "receiver": 20, "message": "hello"}}, {"model": "Messages.messages", "pk": 15, "fields": {"timestamp": "2022-04-01T16:57:32.706Z", "sender": 22, "receiver": 20, "message": "hey hello its sid hereeeeeee"}}, {"model": "Messages.messages", "pk": 16, "fields": {"timestamp": "2022-04-01T17:04:14.862Z", "sender": 19, "receiver": 22, "message": "huu"}}, {"model": "Messages.messages", "pk": 17, "fields": {"timestamp": "2022-04-02T12:28:40.181Z", "sender": 22, "receiver": 20, "message": "hi melvin"}}, {"model": "Messages.messages", "pk": 19, "fields": {"timestamp": "2022-04-21T12:38:09.753Z", "sender": 22, "receiver": 20, "message": "hi"}}, {"model": "Messages.messages", "pk": 20, "fields": {"timestamp": "2022-04-27T12:10:01.335Z", "sender": 22, "receiver": 20, "message": "hiiiii"}}, {"model": "Messages.messages", "pk": 21, "fields": {"timestamp": "2022-04-27T12:24:16.776Z", "sender": 20, "receiver": 22, "message": "hii its sid"}}, {"model": "Messages.messages", "pk": 22, "fields": {"timestamp": "2022-04-27T12:24:19.546Z", "sender": 20, "receiver": 22, "message": "hii its sid"}}, {"model": "Messages.messages", "pk": 23, "fields": {"timestamp": "2022-04-27T12:24:20.963Z", "sender": 20, "receiver": 22, "message": "hii its sid"}}, {"model": "Messages.messages", "pk": 24, "fields": {"timestamp": "2022-04-27T12:25:04.919Z", "sender": 22, "receiver": 20, "message": "hello"}}, {"model": "Messages.messages", "pk": 25, "fields": {"timestamp": "2022-04-28T06:49:54.315Z", "sender": 22, "receiver": 20, "message": "hi"}}, {"model": "Messages.messages", "pk": 26, "fields": {"timestamp": "2022-04-28T06:50:12.524Z", "sender": 20, "receiver": 22, "message": "vivek"}}, {"model": "Messages.messages", "pk": 27, "fields": {"timestamp": "2022-04-28T11:18:09.732Z", "sender": 22, "receiver": 20, "message": "hii its sid"}}, {"model": "Messages.messages", "pk": 28, "fields": {"timestamp": "2022-04-28T11:18:20.400Z", "sender": 20, "receiver": 22, "message": "heey hey"}}, {"model": "Messages.messages", "pk": 29, "fields": {"timestamp": "2022-05-02T09:11:11.966Z", "sender": 33, "receiver": 22, "message": "hii its sid"}}, {"model": "Messages.messages", "pk": 31, "fields": {"timestamp": "2022-05-02T09:13:04.252Z", "sender": 22, "receiver": 20, "message": "hi"}}, {"model": "Messages.messages", "pk": 33, "fields": {"timestamp": "2022-05-02T09:14:01.063Z", "sender": 20, "receiver": 22, "message": "hui"}}, {"model": "Messages.messages", "pk": 34, "fields": {"timestamp": "2022-05-02T09:14:39.530Z", "sender": 20, "receiver": 22, "message": "hello(2/4)"}}, {"model": "Messages.messages", "pk": 35, "fields": {"timestamp": "2022-05-02T09:19:13.514Z", "sender": 33, "receiver": 22, "message": "hhh"}}, {"model": "Messages.messages", "pk": 37, "fields": {"timestamp": "2022-05-02T09:40:59.095Z", "sender": 22, "receiver": 33, "message": "DSDS"}}, {"model": "Messages.messages", "pk": 39, "fields": {"timestamp": "2022-05-02T09:42:22.847Z", "sender": 33, "receiver": 22, "message": "hello"}}, {"model": "Messages.messages", "pk": 43, "fields": {"timestamp": "2022-05-02T09:51:53.990Z", "sender": 19, "receiver": 22, "message": "fk"}}, {"model": "Messages.messages", "pk": 44, "fields": {"timestamp": "2022-05-02T09:53:19.767Z", "sender": 33, "receiver": 22, "message": "reply"}}, {"model": "Messages.messages", "pk": 45, "fields": {"timestamp": "2022-05-02T09:53:20.050Z", "sender": 33, "receiver": 22, "message": "reply"}}, {"model": "Messages.messages", "pk": 46, "fields": {"timestamp": "2022-05-02T10:28:10.534Z", "sender": 22, "receiver": 19, "message": "addasd"}}, {"model": "Messages.messages", "pk": 49, "fields": {"timestamp": "2022-05-11T14:51:16.034Z", "sender": 19, "receiver": 22, "message": "hii its sid"}}, {"model": "Messages.messages", "pk": 50, "fields": {"timestamp": "2022-05-14T10:26:42.320Z", "sender": 22, "receiver": 20, "message": "3:56pm"}}, {"model": "Messages.messages", "pk": 51, "fields": {"timestamp": "2022-05-14T10:28:15.751Z", "sender": 22, "receiver": 20, "message": "3:38"}}, {"model": "Messages.messages", "pk": 52, "fields": {"timestamp": "2022-05-25T05:13:22.357Z", "sender": 22, "receiver": 20, "message": "hi :) Melvin"}}, {"model": "Messages.messages", "pk": 56, "fields": {"timestamp": "2022-05-26T05:53:36.844Z", "sender": 20, "receiver": 22, "message": "hello"}}, {"model": "Messages.messages", "pk": 57, "fields": {"timestamp": "2022-05-26T05:54:35.194Z", "sender": 20, "receiver": 22, "message": "hi"}}, {"model": "Messages.messages", "pk": 58, "fields": {"timestamp": "2022-05-26T05:56:40.879Z", "sender": 20, "receiver": 22, "message": "hello mary"}}, {"model": "Messages.messages", "pk": 59, "fields": {"timestamp": "2022-06-03T06:05:43.044Z", "sender": 22, "receiver": 20, "message": "hello"}}, {"model": "Messages.messages", "pk": 60, "fields": {"timestamp": "2022-06-06T05:32:20.274Z", "sender": 19, "receiver": 22, "message": "hi"}}, {"model": "Messages.messages", "pk": 61, "fields": {"timestamp": "2022-06-06T17:02:14.134Z", "sender": 22, "receiver": 33, "message": "hi halo"}}, {"model": "Messages.messages", "pk": 62, "fields": {"timestamp": "2022-06-07T07:19:21.858Z", "sender": 20, "receiver": 22, "message": "hiihihi"}}, {"model": "Messages.messages", "pk": 63, "fields": {"timestamp": "2022-06-07T07:24:23.429Z", "sender": 19, "receiver": 22, "message": "hihihhihi"}}, {"model": "Messages.messages", "pk": 64, "fields": {"timestamp": "2022-06-08T07:26:51.145Z", "sender": 22, "receiver": 20, "message": "hello doc its sid here"}}, {"model": "Messages.messages", "pk": 65, "fields": {"timestamp": "2022-06-08T07:27:27.796Z", "sender": 22, "receiver": 19, "message": "hihihi"}}, {"model": "Messages.messages", "pk": 66, "fields": {"timestamp": "2022-06-08T07:27:40.820Z", "sender": 22, "receiver": 33, "message": "hihihi"}}, {"model": "Messages.messages", "pk": 67, "fields": {"timestamp": "2022-06-08T07:31:25.614Z", "sender": 20, "receiver": 22, "message": "huhhha"}}, {"model": "Messages.messages", "pk": 68, "fields": {"timestamp": "2022-06-08T07:33:04.644Z", "sender": 19, "receiver": 22, "message": "hello"}}, {"model": "Messages.messages", "pk": 69, "fields": {"timestamp": "2022-06-08T07:35:42.916Z", "sender": 22, "receiver": 20, "message": "hello"}}, {"model": "Messages.messages", "pk": 70, "fields": {"timestamp": "2022-06-08T14:43:08.401Z", "sender": 22, "receiver": 20, "message": "hkhkhjk"}}, {"model": "Messages.messages", "pk": 75, "fields": {"timestamp": "2022-06-22T05:56:37.150Z", "sender": 20, "receiver": 22, "message": "hello doctor "}}, {"model": "Messages.messages", "pk": 76, "fields": {"timestamp": "2022-06-22T06:14:29.925Z", "sender": 20, "receiver": 22, "message": "hi "}}, {"model": "Messages.messages", "pk": 77, "fields": {"timestamp": "2022-06-24T05:34:56.619Z", "sender": 22, "receiver": 20, "message": "huiyuiuiy"}}, {"model": "Messages.messages", "pk": 78, "fields": {"timestamp": "2022-06-24T05:40:23.940Z", "sender": 33, "receiver": 22, "message": "hihji"}}, {"model": "Messages.messages", "pk": 79, "fields": {"timestamp": "2022-06-24T05:56:09.309Z", "sender": 33, "receiver": 22, "message": "dfhdfhdfhh"}}, {"model": "Messages.messages", "pk": 80, "fields": {"timestamp": "2022-07-21T03:26:34.429Z", "sender": 22, "receiver": 20, "message": "hi"}}, {"model": "Messages.messages", "pk": 83, "fields": {"timestamp": "2022-07-21T10:37:31.397Z", "sender": 33, "receiver": 22, "message": "hi"}}, {"model": "Messages.messages", "pk": 84, "fields": {"timestamp": "2022-07-21T11:23:51.977Z", "sender": 22, "receiver": 20, "message": "hello"}}, {"model": "Messages.messages", "pk": 86, "fields": {"timestamp": "2022-08-30T07:04:28.076Z", "sender": 22, "receiver": 20, "message": "message"}}, {"model": "Messages.messages", "pk": 87, "fields": {"timestamp": "2022-08-30T07:18:06.174Z", "sender": 22, "receiver": 20, "message": "hihijhi"}}, {"model": "Messages.messages", "pk": 89, "fields": {"timestamp": "2022-09-03T18:14:43.306Z", "sender": 22, "receiver": 33, "message": "hi"}}, {"model": "Messages.messages", "pk": 90, "fields": {"timestamp": "2022-09-12T09:36:22.423Z", "sender": 22, "receiver": 20, "message": "hui"}}, {"model": "Messages.messages", "pk": 91, "fields": {"timestamp": "2022-09-12T09:36:50.816Z", "sender": 22, "receiver": 20, "message": "ergre"}}, {"model": "Messages.messages", "pk": 92, "fields": {"timestamp": "2022-09-12T10:14:50.656Z", "sender": 22, "receiver": 19, "message": "hihihi"}}, {"model": "Messages.messages", "pk": 94, "fields": {"timestamp": "2022-12-13T13:31:47.806Z", "sender": 22, "receiver": 20, "message": "mary@gmail.com"}}, {"model": "Messages.messages", "pk": 95, "fields": {"timestamp": "2022-12-13T13:31:49.339Z", "sender": 22, "receiver": 20, "message": "mary@gmail.com"}}, {"model": "Messages.messages", "pk": 96, "fields": {"timestamp": "2022-12-13T13:32:06.378Z", "sender": 22, "receiver": 20, "message": "mary@gmail.com"}}, {"model": "Messages.messages", "pk": 97, "fields": {"timestamp": "2022-12-13T13:32:08.065Z", "sender": 22, "receiver": 20, "message": "mary@gmail.com"}}, {"model": "Messages.messages", "pk": 98, "fields": {"timestamp": "2023-01-04T05:39:00.319Z", "sender": 22, "receiver": 20, "message": "hi"}}, {"model": "Messages.messages", "pk": 99, "fields": {"timestamp": "2023-01-28T09:16:37.123Z", "sender": 22, "receiver": 27, "message": "mary@gmail.com"}}, {"model": "Messages.messages", "pk": 100, "fields": {"timestamp": "2023-01-28T09:16:38.777Z", "sender": 22, "receiver": 27, "message": "mary@gmail.com"}}, {"model": "Messages.messages", "pk": 101, "fields": {"timestamp": "2023-01-28T09:17:00.126Z", "sender": 22, "receiver": 20, "message": "mary@gmail.com"}}, {"model": "Messages.messages", "pk": 102, "fields": {"timestamp": "2023-01-28T09:17:02.231Z", "sender": 22, "receiver": 20, "message": "mary@gmail.com"}}, {"model": "Messages.messages", "pk": 103, "fields": {"timestamp": "2023-01-28T09:17:30.139Z", "sender": 22, "receiver": 20, "message": "mary@gmail.com"}}, {"model": "Messages.messages", "pk": 104, "fields": {"timestamp": "2023-01-28T09:17:31.714Z", "sender": 22, "receiver": 20, "message": "mary@gmail.com"}}, {"model": "Messages.messages", "pk": 105, "fields": {"timestamp": "2023-01-28T09:17:43.898Z", "sender": 22, "receiver": 20, "message": "mary@gmail.com"}}, {"model": "Messages.messages", "pk": 106, "fields": {"timestamp": "2023-01-28T09:17:45.600Z", "sender": 22, "receiver": 20, "message": "mary@gmail.com"}}, {"model": "Messages.messages", "pk": 107, "fields": {"timestamp": "2023-01-28T19:53:07.875Z", "sender": 22, "receiver": 27, "message": "mary@gmail.com"}}, {"model": "Messages.messages", "pk": 108, "fields": {"timestamp": "2023-01-28T19:53:09.601Z", "sender": 22, "receiver": 27, "message": "mary@gmail.com"}}, {"model": "Messages.messages", "pk": 109, "fields": {"timestamp": "2023-01-28T19:53:30.958Z", "sender": 22, "receiver": 20, "message": "mary@gmail.com"}}, {"model": "Messages.messages", "pk": 110, "fields": {"timestamp": "2023-01-28T19:53:32.548Z", "sender": 22, "receiver": 20, "message": "mary@gmail.com"}}, {"model": "Messages.messages", "pk": 111, "fields": {"timestamp": "2023-01-28T19:53:58.719Z", "sender": 22, "receiver": 20, "message": "mary@gmail.com"}}, {"model": "Messages.messages", "pk": 112, "fields": {"timestamp": "2023-01-28T19:54:00.353Z", "sender": 22, "receiver": 20, "message": "mary@gmail.com"}}, {"model": "Messages.messages", "pk": 113, "fields": {"timestamp": "2023-01-28T19:54:12.592Z", "sender": 22, "receiver": 20, "message": "mary@gmail.com"}}, {"model": "Messages.messages", "pk": 114, "fields": {"timestamp": "2023-01-28T19:54:14.153Z", "sender": 22, "receiver": 20, "message": "mary@gmail.com"}}, {"model": "Messages.messages", "pk": 115, "fields": {"timestamp": "2023-01-28T19:58:54.041Z", "sender": 22, "receiver": 20, "message": "mary@gmail.com"}}, {"model": "Messages.messages", "pk": 116, "fields": {"timestamp": "2023-01-28T19:58:55.862Z", "sender": 22, "receiver": 20, "message": "mary@gmail.com"}}, {"model": "Messages.messages", "pk": 117, "fields": {"timestamp": "2023-01-28T19:59:14.340Z", "sender": 22, "receiver": 20, "message": "mary@gmail.com"}}, {"model": "Messages.messages", "pk": 120, "fields": {"timestamp": "2023-01-30T08:24:57.604Z", "sender": 22, "receiver": 27, "message": "mary@gmail.com"}}, {"model": "Messages.messages", "pk": 121, "fields": {"timestamp": "2023-01-30T08:24:59.246Z", "sender": 22, "receiver": 27, "message": "mary@gmail.com"}}, {"model": "Messages.messages", "pk": 124, "fields": {"timestamp": "2023-01-30T08:25:20.721Z", "sender": 22, "receiver": 20, "message": "mary@gmail.com"}}, {"model": "Messages.messages", "pk": 125, "fields": {"timestamp": "2023-01-30T08:25:22.807Z", "sender": 22, "receiver": 20, "message": "mary@gmail.com"}}, {"model": "Messages.messages", "pk": 127, "fields": {"timestamp": "2023-02-01T00:22:32.319Z", "sender": 22, "receiver": 20, "message": "mary@gmail.com"}}, {"model": "Messages.messages", "pk": 128, "fields": {"timestamp": "2023-02-01T00:22:38.649Z", "sender": 22, "receiver": 20, "message": "mary@gmail.com"}}, {"model": "Messages.messages", "pk": 129, "fields": {"timestamp": "2023-02-01T00:23:07.045Z", "sender": 22, "receiver": 20, "message": "mary@gmail.com"}}, {"model": "Messages.messages", "pk": 132, "fields": {"timestamp": "2023-02-01T09:21:24.005Z", "sender": 22, "receiver": 20, "message": "mary@gmail.com"}}, {"model": "Messages.messages", "pk": 133, "fields": {"timestamp": "2023-02-01T09:21:25.889Z", "sender": 22, "receiver": 20, "message": "mary@gmail.com"}}, {"model": "Messages.messages", "pk": 134, "fields": {"timestamp": "2023-02-02T07:10:16.842Z", "sender": 20, "receiver": 22, "message": "hi"}}, {"model": "Messages.messages", "pk": 135, "fields": {"timestamp": "2023-02-02T13:10:29.660Z", "sender": 22, "receiver": 20, "message": "mary@gmail.com"}}, {"model": "Messages.messages", "pk": 136, "fields": {"timestamp": "2023-02-02T13:10:31.497Z", "sender": 22, "receiver": 20, "message": "mary@gmail.com"}}, {"model": "Messages.messages", "pk": 137, "fields": {"timestamp": "2023-02-02T13:16:30.339Z", "sender": 22, "receiver": 20, "message": "mary@gmail.com"}}, {"model": "Messages.messages", "pk": 138, "fields": {"timestamp": "2023-02-02T13:16:33.107Z", "sender": 22, "receiver": 20, "message": "mary@gmail.com"}}, {"model": "Messages.messages", "pk": 139, "fields": {"timestamp": "2023-02-02T13:18:24.423Z", "sender": 22, "receiver": 20, "message": "mary@gmail.com"}}, {"model": "Messages.messages", "pk": 140, "fields": {"timestamp": "2023-02-02T13:18:57.744Z", "sender": 22, "receiver": 21, "message": "mary@gmail.com"}}, {"model": "Messages.messages", "pk": 141, "fields": {"timestamp": "2023-02-09T07:24:58.441Z", "sender": 20, "receiver": 22, "message": "ndjs"}}, {"model": "Messages.messages", "pk": 142, "fields": {"timestamp": "2023-02-11T11:17:29.776Z", "sender": 20, "receiver": 22, "message": "hi"}}, {"model": "Messages.messages", "pk": 143, "fields": {"timestamp": "2023-03-02T04:15:58.134Z", "sender": 22, "receiver": 20, "message": "test"}}, {"model": "Messages.messages", "pk": 144, "fields": {"timestamp": "2023-03-02T04:16:46.159Z", "sender": 22, "receiver": 20, "message": "test"}}, {"model": "Messages.messages", "pk": 145, "fields": {"timestamp": "2023-03-22T09:37:46.470Z", "sender": 22, "receiver": 20, "message": "ettst"}}, {"model": "Messages.messages", "pk": 146, "fields": {"timestamp": "2023-03-22T09:38:34.804Z", "sender": 20, "receiver": 22, "message": "vivek"}}, {"model": "Messages.messages", "pk": 147, "fields": {"timestamp": "2023-03-27T08:02:17.852Z", "sender": 33, "receiver": 148, "message": "hello "}}, {"model": "Messages.messages", "pk": 148, "fields": {"timestamp": "2023-03-27T08:04:06.985Z", "sender": 20, "receiver": 148, "message": "hi"}}, {"model": "Messages.messages", "pk": 149, "fields": {"timestamp": "2023-03-27T08:16:36.572Z", "sender": 33, "receiver": 148, "message": "hi"}}, {"model": "Messages.messages", "pk": 150, "fields": {"timestamp": "2023-03-29T06:51:01.884Z", "sender": 20, "receiver": 148, "message": "hi"}}, {"model": "Messages.messages", "pk": 151, "fields": {"timestamp": "2023-03-29T06:53:42.056Z", "sender": 148, "receiver": 20, "message": "hi"}}, {"model": "Messages.messages", "pk": 152, "fields": {"timestamp": "2023-04-12T10:28:08.401Z", "sender": 144, "receiver": 20, "message": "hi"}}, {"model": "Messages.messages", "pk": 153, "fields": {"timestamp": "2023-04-17T07:25:55.489Z", "sender": 148, "receiver": 20, "message": "hello"}}, {"model": "Messages.messages", "pk": 154, "fields": {"timestamp": "2023-05-07T09:48:27.073Z", "sender": 154, "receiver": 157, "message": "hi"}}, {"model": "Messages.messages", "pk": 155, "fields": {"timestamp": "2023-05-25T06:43:00.817Z", "sender": 157, "receiver": 156, "message": "hello"}}, {"model": "Messages.messages", "pk": 156, "fields": {"timestamp": "2023-05-25T06:43:25.615Z", "sender": 157, "receiver": 156, "message": "hi"}}, {"model": "Messages.messages", "pk": 157, "fields": {"timestamp": "2023-05-25T06:43:50.731Z", "sender": 157, "receiver": 154, "message": "hi"}}, {"model": "Messages.messages", "pk": 158, "fields": {"timestamp": "2023-05-25T06:45:00.802Z", "sender": 157, "receiver": 154, "message": "hi"}}, {"model": "Messages.messages", "pk": 159, "fields": {"timestamp": "2023-05-25T06:45:03.134Z", "sender": 154, "receiver": 157, "message": "hi"}}, {"model": "Messages.messages", "pk": 160, "fields": {"timestamp": "2023-05-25T17:03:37.236Z", "sender": 157, "receiver": 154, "message": "Hi"}}, {"model": "Messages.messages", "pk": 161, "fields": {"timestamp": "2023-05-25T17:09:17.331Z", "sender": 157, "receiver": 154, "message": "Hi test"}}, {"model": "Messages.messages", "pk": 162, "fields": {"timestamp": "2023-05-28T03:38:53.478Z", "sender": 157, "receiver": 154, "message": "hi"}}, {"model": "Messages.messages", "pk": 163, "fields": {"timestamp": "2023-05-31T10:25:34.405Z", "sender": 154, "receiver": 165, "message": "hi"}}, {"model": "Messages.messages", "pk": 164, "fields": {"timestamp": "2023-06-14T06:12:18.038Z", "sender": 154, "receiver": 169, "message": "hi"}}, {"model": "Messages.messages", "pk": 165, "fields": {"timestamp": "2023-06-14T06:12:25.843Z", "sender": 154, "receiver": 168, "message": "hi"}}, {"model": "Messages.messages", "pk": 166, "fields": {"timestamp": "2023-06-14T06:12:54.432Z", "sender": 168, "receiver": 154, "message": "hi"}}, {"model": "Messages.messages", "pk": 167, "fields": {"timestamp": "2023-06-14T08:51:45.696Z", "sender": 157, "receiver": 155, "message": "testing msg"}}, {"model": "Messages.messages", "pk": 168, "fields": {"timestamp": "2023-06-14T08:53:33.964Z", "sender": 157, "receiver": 156, "message": "hi"}}, {"model": "Messages.messages", "pk": 169, "fields": {"timestamp": "2023-06-14T08:53:51.928Z", "sender": 155, "receiver": 157, "message": "hi"}}, {"model": "Messages.messages", "pk": 170, "fields": {"timestamp": "2023-06-14T08:53:53.977Z", "sender": 156, "receiver": 157, "message": "hello"}}, {"model": "Messages.messages", "pk": 171, "fields": {"timestamp": "2023-06-15T14:25:38.298Z", "sender": 157, "receiver": 154, "message": "hi"}}, {"model": "Messages.messages", "pk": 172, "fields": {"timestamp": "2023-06-22T23:59:33.548Z", "sender": 155, "receiver": 159, "message": "hi"}}, {"model": "Messages.messages", "pk": 173, "fields": {"timestamp": "2023-06-26T05:35:00.745Z", "sender": 157, "receiver": 154, "message": "test"}}, {"model": "Messages.messages", "pk": 174, "fields": {"timestamp": "2023-06-26T05:35:02.396Z", "sender": 157, "receiver": 154, "message": "test"}}, {"model": "Messages.messages", "pk": 175, "fields": {"timestamp": "2023-06-26T05:35:11.805Z", "sender": 157, "receiver": 154, "message": "hgi how are you"}}, {"model": "Analytics.complications", "pk": 8, "fields": {"name": "early abortion"}}, {"model": "Analytics.complications", "pk": 9, "fields": {"name": "hyperemesis gravidarum"}}, {"model": "Analytics.complications", "pk": 10, "fields": {"name": "uti"}}, {"model": "Analytics.complications", "pk": 11, "fields": {"name": "placenta preveria"}}, {"model": "Analytics.complications", "pk": 12, "fields": {"name": "placenta abruption"}}, {"model": "Analytics.complications", "pk": 13, "fields": {"name": "preterm"}}, {"model": "Analytics.complications", "pk": 14, "fields": {"name": "oligohydramnios"}}, {"model": "Analytics.complications", "pk": 15, "fields": {"name": "polyhydramnios"}}, {"model": "Analytics.complications", "pk": 16, "fields": {"name": "diabetes"}}, {"model": "Analytics.complications", "pk": 17, "fields": {"name": "HELLP"}}, {"model": "Analytics.complications", "pk": 18, "fields": {"name": "PIH"}}, {"model": "Analytics.complications", "pk": 19, "fields": {"name": "IUGR"}}, {"model": "Analytics.complications", "pk": 20, "fields": {"name": "RH Incampatability"}}, {"model": "Analytics.complications", "pk": 21, "fields": {"name": "cholestatsis"}}, {"model": "Analytics.complications", "pk": 22, "fields": {"name": "Fluid Leak"}}, {"model": "Analytics.complications", "pk": 23, "fields": {"name": "Anemia"}}, {"model": "Analytics.complications", "pk": 24, "fields": {"name": "Yeast Infections"}}, {"model": "Analytics.complications", "pk": 25, "fields": {"name": "covid"}}, {"model": "Analytics.complications", "pk": 26, "fields": {"name": "still birth"}}, {"model": "Analytics.medicalhistory", "pk": 1, "fields": {"category": "Medical history", "name": "infertility treatment", "complication": [8, 14, 19]}}, {"model": "Analytics.medicalhistory", "pk": 2, "fields": {"category": "Medical history", "name": "previous miscariage", "complication": [8, 14, 19]}}, {"model": "Analytics.medicalhistory", "pk": 3, "fields": {"category": "Medical history", "name": "multiple pregnancy", "complication": [9, 12, 13, 14, 15, 18, 21]}}, {"model": "Analytics.medicalhistory", "pk": 4, "fields": {"category": "Medical history", "name": "kidney related issues", "complication": [10, 17]}}, {"model": "Analytics.medicalhistory", "pk": 5, "fields": {"category": "Medical history", "name": "frequent uti", "complication": [10]}}, {"model": "Analytics.medicalhistory", "pk": 6, "fields": {"category": "Medical history", "name": "hypertension", "complication": [12, 17, 18]}}, {"model": "Analytics.medicalhistory", "pk": 7, "fields": {"category": "Medical history", "name": "fibroids", "complication": [10, 11, 12, 13, 14, 19]}}, {"model": "Analytics.medicalhistory", "pk": 8, "fields": {"category": "Medical history", "name": "pcod", "complication": [8, 14, 19]}}, {"model": "Analytics.medicalhistory", "pk": 9, "fields": {"category": "Medical history", "name": "History of ceaserean", "complication": [10, 11]}}, {"model": "Analytics.medicalhistory", "pk": 10, "fields": {"category": "Medical history", "name": "History of choleostatsis", "complication": [21]}}, {"model": "Analytics.medicalhistory", "pk": 11, "fields": {"category": "Medical history", "name": "ltf abnormal", "complication": [21]}}, {"model": "Analytics.medicalhistory", "pk": 12, "fields": {"category": "Medical history", "name": "Diabetic", "complication": [15, 16, 24]}}, {"model": "Analytics.medicalhistory", "pk": 13, "fields": {"category": "Medical history", "name": "Bp", "complication": [17]}}, {"model": "Analytics.medicalhistory", "pk": 14, "fields": {"category": "Medical history", "name": "preterm", "complication": [13]}}, {"model": "Analytics.medicalhistory", "pk": 15, "fields": {"category": "Medical history", "name": "early abortion", "complication": [19]}}, {"model": "Analytics.medicalhistory", "pk": 16, "fields": {"category": "Medical history", "name": "hyperemesis gravidarum", "complication": [9]}}, {"model": "Analytics.medicalhistory", "pk": 17, "fields": {"category": "Medical history", "name": "uti", "complication": []}}, {"model": "Analytics.medicalhistory", "pk": 18, "fields": {"category": "Medical history", "name": "Placenta preveria", "complication": [11]}}, {"model": "Analytics.medicalhistory", "pk": 19, "fields": {"category": "Medical history", "name": "Placenta abruption", "complication": [12]}}, {"model": "Analytics.medicalhistory", "pk": 20, "fields": {"category": "Medical history", "name": "oligohydramnios", "complication": [13, 19]}}, {"model": "Analytics.medicalhistory", "pk": 21, "fields": {"category": "Medical history", "name": "polyhydramnios", "complication": [13, 18]}}, {"model": "Analytics.medicalhistory", "pk": 22, "fields": {"category": "Medical history", "name": "hellp", "complication": [12, 17]}}, {"model": "Analytics.medicalhistory", "pk": 23, "fields": {"category": "Medical history", "name": "PIH", "complication": [12, 13, 14, 17, 18, 19]}}, {"model": "Analytics.medicalhistory", "pk": 24, "fields": {"category": "Medical history", "name": "iugr", "complication": [13, 14, 18, 19]}}, {"model": "Analytics.medicalhistory", "pk": 25, "fields": {"category": "Medical history", "name": "cholestatsis", "complication": []}}, {"model": "Analytics.medicalhistory", "pk": 26, "fields": {"category": "Medical history", "name": "Fluid Leak", "complication": [12]}}, {"model": "Analytics.medicalhistory", "pk": 27, "fields": {"category": "Medical history", "name": "Anemia", "complication": [19, 23]}}, {"model": "Analytics.medicalhistory", "pk": 28, "fields": {"category": "Medical history", "name": "Still Birth", "complication": [26]}}, {"model": "Analytics.medicalhistory", "pk": 29, "fields": {"category": "Medical history", "name": "Thyroid", "complication": []}}, {"model": "Analytics.medicalhistory", "pk": 30, "fields": {"category": "Family History", "name": "diabetics", "complication": [24, 15, 16]}}, {"model": "Analytics.medicalhistory", "pk": 31, "fields": {"category": "Family History", "name": "thyroid", "complication": []}}, {"model": "Analytics.medicalhistory", "pk": 32, "fields": {"category": "Family History", "name": "bp", "complication": [17]}}, {"model": "Analytics.medicalhistory", "pk": 33, "fields": {"category": "Family History", "name": "Preterm", "complication": [13]}}, {"model": "Analytics.medicalhistory", "pk": 34, "fields": {"category": "Family History", "name": "Early Abortion", "complication": [19]}}, {"model": "Analytics.medicalhistory", "pk": 35, "fields": {"category": "Family History", "name": "Hyperemesis Gravidarum", "complication": [9]}}, {"model": "Analytics.medicalhistory", "pk": 36, "fields": {"category": "Family History", "name": "UTI", "complication": []}}, {"model": "Analytics.medicalhistory", "pk": 37, "fields": {"category": "Family History", "name": "Placenta Preveria", "complication": [11]}}, {"model": "Analytics.medicalhistory", "pk": 38, "fields": {"category": "Family History", "name": "Placenta abruption", "complication": [12]}}, {"model": "Analytics.medicalhistory", "pk": 39, "fields": {"category": "Family History", "name": "Oligohydramnios", "complication": [13, 19]}}, {"model": "Analytics.medicalhistory", "pk": 40, "fields": {"category": "Family History", "name": "Polyhydramnios", "complication": [13, 18]}}, {"model": "Analytics.medicalhistory", "pk": 41, "fields": {"category": "Family History", "name": "HELLP", "complication": [12, 17]}}, {"model": "Analytics.medicalhistory", "pk": 42, "fields": {"category": "Family History", "name": "PIH", "complication": [12, 13, 14, 17, 18, 19]}}, {"model": "Analytics.medicalhistory", "pk": 43, "fields": {"category": "Family History", "name": "IUGR", "complication": [13, 14, 18, 19]}}, {"model": "Analytics.medicalhistory", "pk": 44, "fields": {"category": "Family History", "name": "Cholestatsis", "complication": []}}, {"model": "Analytics.medicalhistory", "pk": 45, "fields": {"category": "Family History", "name": "Fluid Leak", "complication": [12]}}, {"model": "Analytics.medicalhistory", "pk": 46, "fields": {"category": "Family History", "name": "Anemia", "complication": [19, 23]}}, {"model": "Analytics.medicalhistory", "pk": 47, "fields": {"category": "Family History", "name": "Still Birth", "complication": [26]}}, {"model": "Analytics.medicalhistory", "pk": 48, "fields": {"category": "Life Style", "name": "Drugs", "complication": [8, 11, 12, 13, 14, 17, 19]}}, {"model": "Analytics.medicalhistory", "pk": 49, "fields": {"category": "Life Style", "name": "Alcohol", "complication": [8, 12, 11, 13, 14, 19]}}, {"model": "Analytics.medicalhistory", "pk": 50, "fields": {"category": "Life Style", "name": "Caffeine Intake", "complication": []}}, {"model": "Analytics.customermedicalhistory", "pk": 1, "fields": {"customer": 22, "medical_history": 1, "flag": false}}, {"model": "Analytics.customermedicalhistory", "pk": 2, "fields": {"customer": 22, "medical_history": 3, "flag": true}}, {"model": "Analytics.customermedicalhistory", "pk": 3, "fields": {"customer": 22, "medical_history": 44, "flag": true}}, {"model": "Analytics.customermedicalhistory", "pk": 4, "fields": {"customer": 22, "medical_history": 50, "flag": false}}, {"model": "Analytics.customermedicalhistory", "pk": 5, "fields": {"customer": 22, "medical_history": 2, "flag": true}}, {"model": "Analytics.customermedicalhistory", "pk": 6, "fields": {"customer": 22, "medical_history": 8, "flag": true}}, {"model": "Analytics.customermedicalhistory", "pk": 7, "fields": {"customer": 22, "medical_history": 48, "flag": true}}, {"model": "Analytics.customermedicalhistory", "pk": 8, "fields": {"customer": 22, "medical_history": 49, "flag": true}}, {"model": "Analytics.customermedicalhistory", "pk": 9, "fields": {"customer": 22, "medical_history": 12, "flag": false}}, {"model": "Analytics.customermedicalhistory", "pk": 10, "fields": {"customer": 22, "medical_history": 5, "flag": false}}, {"model": "Analytics.customermedicalhistory", "pk": 11, "fields": {"customer": 22, "medical_history": 25, "flag": true}}, {"model": "Analytics.customermedicalhistory", "pk": 12, "fields": {"customer": 22, "medical_history": 13, "flag": true}}, {"model": "Analytics.customermedicalhistory", "pk": 13, "fields": {"customer": 22, "medical_history": 9, "flag": true}}, {"model": "Analytics.customermedicalhistory", "pk": 14, "fields": {"customer": 22, "medical_history": 21, "flag": true}}, {"model": "Analytics.customermedicalhistory", "pk": 15, "fields": {"customer": 22, "medical_history": 19, "flag": true}}, {"model": "Analytics.customermedicalhistory", "pk": 16, "fields": {"customer": 22, "medical_history": 10, "flag": true}}, {"model": "Analytics.customermedicalhistory", "pk": 17, "fields": {"customer": 22, "medical_history": 11, "flag": true}}, {"model": "Analytics.customermedicalhistory", "pk": 18, "fields": {"customer": 22, "medical_history": 6, "flag": true}}, {"model": "Analytics.customermedicalhistory", "pk": 19, "fields": {"customer": 22, "medical_history": 16, "flag": true}}, {"model": "Analytics.customermedicalhistory", "pk": 20, "fields": {"customer": 22, "medical_history": 29, "flag": true}}, {"model": "Analytics.customermedicalhistory", "pk": 21, "fields": {"customer": 22, "medical_history": 20, "flag": true}}, {"model": "Analytics.customermedicalhistory", "pk": 22, "fields": {"customer": 22, "medical_history": 22, "flag": true}}, {"model": "Analytics.customermedicalhistory", "pk": 23, "fields": {"customer": 22, "medical_history": 23, "flag": true}}, {"model": "Analytics.customermedicalhistory", "pk": 24, "fields": {"customer": 22, "medical_history": 24, "flag": true}}, {"model": "Analytics.customermedicalhistory", "pk": 25, "fields": {"customer": 22, "medical_history": 26, "flag": true}}, {"model": "Analytics.customermedicalhistory", "pk": 26, "fields": {"customer": 22, "medical_history": 30, "flag": true}}, {"model": "Analytics.customermedicalhistory", "pk": 27, "fields": {"customer": 22, "medical_history": 40, "flag": true}}, {"model": "Analytics.customermedicalhistory", "pk": 28, "fields": {"customer": 22, "medical_history": 31, "flag": true}}, {"model": "Analytics.customermedicalhistory", "pk": 29, "fields": {"customer": 22, "medical_history": 41, "flag": true}}, {"model": "Analytics.customermedicalhistory", "pk": 30, "fields": {"customer": 22, "medical_history": 42, "flag": true}}, {"model": "Analytics.customermedicalhistory", "pk": 31, "fields": {"customer": 22, "medical_history": 35, "flag": true}}, {"model": "Analytics.customermedicalhistory", "pk": 32, "fields": {"customer": 22, "medical_history": 45, "flag": true}}, {"model": "Analytics.customermedicalhistory", "pk": 33, "fields": {"customer": 22, "medical_history": 33, "flag": true}}, {"model": "Analytics.customermedicalhistory", "pk": 34, "fields": {"customer": 22, "medical_history": 32, "flag": true}}, {"model": "Analytics.customermedicalhistory", "pk": 35, "fields": {"customer": 22, "medical_history": 34, "flag": true}}, {"model": "Analytics.customermedicalhistory", "pk": 36, "fields": {"customer": 22, "medical_history": 43, "flag": true}}, {"model": "Analytics.customermedicalhistory", "pk": 37, "fields": {"customer": 22, "medical_history": 46, "flag": true}}, {"model": "Analytics.customermedicalhistory", "pk": 38, "fields": {"customer": 22, "medical_history": 36, "flag": true}}, {"model": "Analytics.customermedicalhistory", "pk": 39, "fields": {"customer": 22, "medical_history": 47, "flag": true}}, {"model": "Analytics.customermedicalhistory", "pk": 40, "fields": {"customer": 22, "medical_history": 37, "flag": true}}, {"model": "Analytics.customermedicalhistory", "pk": 41, "fields": {"customer": 22, "medical_history": 38, "flag": true}}, {"model": "Analytics.customermedicalhistory", "pk": 42, "fields": {"customer": 22, "medical_history": 39, "flag": true}}, {"model": "Analytics.customermedicalhistory", "pk": 44, "fields": {"customer": 22, "medical_history": 14, "flag": true}}, {"model": "Analytics.customermedicalhistory", "pk": 45, "fields": {"customer": 22, "medical_history": 4, "flag": true}}, {"model": "Analytics.customermedicalhistory", "pk": 46, "fields": {"customer": 22, "medical_history": 7, "flag": true}}, {"model": "Analytics.customermedicalhistory", "pk": 47, "fields": {"customer": 22, "medical_history": 17, "flag": true}}, {"model": "Analytics.customermedicalhistory", "pk": 48, "fields": {"customer": 22, "medical_history": 28, "flag": true}}, {"model": "Analytics.customermedicalhistory", "pk": 49, "fields": {"customer": 22, "medical_history": 15, "flag": true}}, {"model": "Analytics.customermedicalhistory", "pk": 50, "fields": {"customer": 22, "medical_history": 27, "flag": true}}, {"model": "Analytics.customermedicalhistory", "pk": 51, "fields": {"customer": 22, "medical_history": 18, "flag": true}}, {"model": "Analytics.customermedicalhistory", "pk": 173, "fields": {"customer": 148, "medical_history": 49, "flag": false}}, {"model": "Analytics.customermedicalhistory", "pk": 174, "fields": {"customer": 148, "medical_history": 50, "flag": false}}, {"model": "Analytics.customermedicalhistory", "pk": 175, "fields": {"customer": 148, "medical_history": 1, "flag": true}}, {"model": "Analytics.customermedicalhistory", "pk": 176, "fields": {"customer": 148, "medical_history": 2, "flag": true}}, {"model": "Analytics.customermedicalhistory", "pk": 177, "fields": {"customer": 148, "medical_history": 3, "flag": true}}, {"model": "Analytics.customermedicalhistory", "pk": 178, "fields": {"customer": 148, "medical_history": 30, "flag": true}}, {"model": "Analytics.customermedicalhistory", "pk": 179, "fields": {"customer": 148, "medical_history": 31, "flag": true}}, {"model": "Analytics.customermedicalhistory", "pk": 180, "fields": {"customer": 148, "medical_history": 32, "flag": true}}, {"model": "Analytics.customermedicalhistory", "pk": 181, "fields": {"customer": 152, "medical_history": 27, "flag": true}}, {"model": "Analytics.customermedicalhistory", "pk": 182, "fields": {"customer": 157, "medical_history": 27, "flag": true}}, {"model": "Analytics.customermedicalhistory", "pk": 183, "fields": {"customer": 157, "medical_history": 49, "flag": true}}, {"model": "Analytics.customermedicalhistory", "pk": 184, "fields": {"customer": 158, "medical_history": 10, "flag": true}}, {"model": "Analytics.customermedicalhistory", "pk": 185, "fields": {"customer": 158, "medical_history": 21, "flag": true}}, {"model": "Analytics.customermedicalhistory", "pk": 186, "fields": {"customer": 158, "medical_history": 36, "flag": true}}, {"model": "Analytics.customermedicalhistory", "pk": 187, "fields": {"customer": 158, "medical_history": 34, "flag": true}}, {"model": "Analytics.customermedicalhistory", "pk": 188, "fields": {"customer": 159, "medical_history": 23, "flag": true}}, {"model": "Analytics.customermedicalhistory", "pk": 189, "fields": {"customer": 159, "medical_history": 8, "flag": true}}, {"model": "Analytics.customermedicalhistory", "pk": 190, "fields": {"customer": 159, "medical_history": 42, "flag": true}}, {"model": "Analytics.customermedicalhistory", "pk": 191, "fields": {"customer": 159, "medical_history": 49, "flag": true}}, {"model": "Analytics.customermedicalhistory", "pk": 192, "fields": {"customer": 152, "medical_history": 9, "flag": true}}, {"model": "Analytics.customermedicalhistory", "pk": 193, "fields": {"customer": 152, "medical_history": 17, "flag": true}}, {"model": "Analytics.customermedicalhistory", "pk": 194, "fields": {"customer": 152, "medical_history": 49, "flag": true}}, {"model": "Analytics.customermedicalhistory", "pk": 195, "fields": {"customer": 160, "medical_history": 27, "flag": true}}, {"model": "Analytics.customermedicalhistory", "pk": 196, "fields": {"customer": 160, "medical_history": 45, "flag": true}}, {"model": "Analytics.customermedicalhistory", "pk": 197, "fields": {"customer": 160, "medical_history": 50, "flag": true}}, {"model": "Analytics.customermedicalhistory", "pk": 198, "fields": {"customer": 183, "medical_history": 24, "flag": true}}, {"model": "Analytics.customermedicalhistory", "pk": 199, "fields": {"customer": 183, "medical_history": 46, "flag": true}}, {"model": "Analytics.customermedicalhistory", "pk": 200, "fields": {"customer": 183, "medical_history": 50, "flag": true}}, {"model": "Analytics.customermedicalhistory", "pk": 201, "fields": {"customer": 171, "medical_history": 1, "flag": true}}, {"model": "Analytics.customermedicalhistory", "pk": 202, "fields": {"customer": 171, "medical_history": 7, "flag": true}}, {"model": "Analytics.customermedicalhistory", "pk": 203, "fields": {"customer": 171, "medical_history": 13, "flag": true}}, {"model": "Analytics.customermedicalhistory", "pk": 204, "fields": {"customer": 171, "medical_history": 2, "flag": true}}, {"model": "Analytics.customermedicalhistory", "pk": 205, "fields": {"customer": 171, "medical_history": 30, "flag": true}}, {"model": "Analytics.customermedicalhistory", "pk": 206, "fields": {"customer": 171, "medical_history": 31, "flag": true}}, {"model": "Analytics.customermedicalhistory", "pk": 207, "fields": {"customer": 171, "medical_history": 32, "flag": true}}, {"model": "Analytics.customermedicalhistory", "pk": 208, "fields": {"customer": 171, "medical_history": 33, "flag": true}}, {"model": "Analytics.customermedicalhistory", "pk": 209, "fields": {"customer": 171, "medical_history": 48, "flag": true}}, {"model": "Analytics.customermedicalhistory", "pk": 210, "fields": {"customer": 171, "medical_history": 49, "flag": true}}, {"model": "Analytics.personaldetails", "pk": 1, "fields": {"customer": 22, "age": 30, "bmi": "over weight", "blood_group_mom": "A+", "blood_group_dad": "A+", "domestic_voilence": false, "frequency_of_call": 1, "notes": null}}, {"model": "Analytics.personaldetails", "pk": 36, "fields": {"customer": 171, "age": 36, "bmi": null, "blood_group_mom": null, "blood_group_dad": null, "domestic_voilence": false, "frequency_of_call": 0, "notes": null}}, {"model": "Analytics.personaldetails", "pk": 37, "fields": {"customer": 183, "age": 30, "bmi": "normal weight", "blood_group_mom": "B-", "blood_group_dad": "O+", "domestic_voilence": true, "frequency_of_call": 0, "notes": null}}, {"model": "Analytics.personaldetails", "pk": 38, "fields": {"customer": 157, "age": 26, "bmi": null, "blood_group_mom": null, "blood_group_dad": null, "domestic_voilence": true, "frequency_of_call": 10, "notes": "jasbhdhgbsf"}}, {"model": "authtoken.token", "pk": "1788312eeed19999758dd23ac5a2ff3fedc5c367", "fields": {"user": 149, "created": "2023-04-07T05:17:25.745Z"}}, {"model": "authtoken.token", "pk": "1f57f588f447667e91dd0dfbe239f2964c2c7828", "fields": {"user": 175, "created": "2023-06-23T10:54:16.320Z"}}, {"model": "authtoken.token", "pk": "21c2f6417872eb51cf93bcd3cda66ac9777ce24a", "fields": {"user": 181, "created": "2023-06-23T07:13:49.743Z"}}, {"model": "authtoken.token", "pk": "2471ed3cd82ffa839b0ca8181a2d633b252e75cb", "fields": {"user": 184, "created": "2023-06-27T07:47:38.318Z"}}, {"model": "authtoken.token", "pk": "2ac4a87f803a67d45703622ea358d91c311c9f16", "fields": {"user": 2, "created": "2022-01-03T06:20:15.594Z"}}, {"model": "authtoken.token", "pk": "328345c0f0f202981910fb964d4737edc5595119", "fields": {"user": 183, "created": "2023-06-27T04:38:47.524Z"}}, {"model": "authtoken.token", "pk": "5dbb2060620ef444cf36851e609f1c62f0f8847a", "fields": {"user": 159, "created": "2023-04-25T04:51:19.445Z"}}, {"model": "authtoken.token", "pk": "5f1eee731f11d81635605af985b239e77f99278e", "fields": {"user": 146, "created": "2023-02-07T10:38:02.284Z"}}, {"model": "authtoken.token", "pk": "6d56998da6a2e03f22b0156d52135d6c0bfffb1e", "fields": {"user": 153, "created": "2023-05-28T03:46:05.322Z"}}, {"model": "authtoken.token", "pk": "6fa443340e173e8013ee91ccdd518d3dc9113046", "fields": {"user": 33, "created": "2022-09-02T05:50:11.982Z"}}, {"model": "authtoken.token", "pk": "70faad38dd308b08c0bd09ba683319cba3dade00", "fields": {"user": 154, "created": "2023-04-25T04:26:07.138Z"}}, {"model": "authtoken.token", "pk": "7fb6ab33c8a7f0e1b5e4709f746b00730c4c4b2a", "fields": {"user": 182, "created": "2023-06-23T07:20:12.085Z"}}, {"model": "authtoken.token", "pk": "826d648d5be9a86967241f5d5898a2951bb30393", "fields": {"user": 21, "created": "2022-06-15T09:32:38.682Z"}}, {"model": "authtoken.token", "pk": "851cb04ca7595a9a13b72e043405faa952b80f23", "fields": {"user": 156, "created": "2023-05-17T09:07:18.183Z"}}, {"model": "authtoken.token", "pk": "89e4d720a1ab22e8eae0d39697ecfed347636795", "fields": {"user": 166, "created": "2023-06-03T15:24:19.344Z"}}, {"model": "authtoken.token", "pk": "8cb01fdbdd359e82b3422d40aacea4522abab760", "fields": {"user": 152, "created": "2023-04-19T08:45:37.468Z"}}, {"model": "authtoken.token", "pk": "99d244b67e0039f0bc6498e019bd92d15dd842a9", "fields": {"user": 173, "created": "2023-06-15T08:26:59.432Z"}}, {"model": "authtoken.token", "pk": "9b22f7a9f3fc34feaaeec4894c97a1304dab7e0d", "fields": {"user": 186, "created": "2023-07-01T12:30:31.327Z"}}, {"model": "authtoken.token", "pk": "9d105484cf355b9c9a2dc5d6407db7e294bfc3c5", "fields": {"user": 170, "created": "2023-06-14T08:46:10.030Z"}}, {"model": "authtoken.token", "pk": "9da30f15f8c8c703e89029e862858e958fdcfd60", "fields": {"user": 160, "created": "2023-04-25T04:55:16.732Z"}}, {"model": "authtoken.token", "pk": "9e900b57e69014f9559bf1d718caf8c83cfd6f6b", "fields": {"user": 171, "created": "2023-06-15T07:13:01.453Z"}}, {"model": "authtoken.token", "pk": "a50548706ea21d233ac3fd08eb286761185c3879", "fields": {"user": 167, "created": "2023-06-03T16:50:42.856Z"}}, {"model": "authtoken.token", "pk": "a646edd7a11840897171cfb123721a170f2fc4be", "fields": {"user": 172, "created": "2023-06-15T07:51:23.163Z"}}, {"model": "authtoken.token", "pk": "aaa0c93b23e143a7f39982405e8be8a9be27594c", "fields": {"user": 168, "created": "2023-06-05T13:41:45.842Z"}}, {"model": "authtoken.token", "pk": "ab95795887822ffc766615756cff013c661910f8", "fields": {"user": 163, "created": "2023-05-22T04:25:40.734Z"}}, {"model": "authtoken.token", "pk": "ae3f7be17987ce195bba6e98b892f70ca8062eb5", "fields": {"user": 131, "created": "2022-12-30T05:27:25.281Z"}}, {"model": "authtoken.token", "pk": "bbf9803bfa3d3b0f4e40cad2322a33a73906dfd7", "fields": {"user": 176, "created": "2023-06-23T11:50:58.540Z"}}, {"model": "authtoken.token", "pk": "bd4b837514ebf2aa9a8d0927f6a3e3520dc2fbad", "fields": {"user": 158, "created": "2023-04-25T04:42:31.653Z"}}, {"model": "authtoken.token", "pk": "be3d1e23bcc9bb3b643579f15b48cce88bec3afb", "fields": {"user": 169, "created": "2023-06-14T05:12:30.359Z"}}, {"model": "authtoken.token", "pk": "c3571738a6a56c9153979c3016604ce3cc2363ad", "fields": {"user": 161, "created": "2023-05-08T03:51:37.820Z"}}, {"model": "authtoken.token", "pk": "cb81ac9f386b7de50e3de1c150922c40adeffb0a", "fields": {"user": 19, "created": "2022-09-14T08:23:17.028Z"}}, {"model": "authtoken.token", "pk": "d370d93fa5e40073a6a20943294fa63e0ebf2cb8", "fields": {"user": 162, "created": "2023-05-15T08:03:02.044Z"}}, {"model": "authtoken.token", "pk": "d957de6cf441b7bbade3956498a2ce74987f73e7", "fields": {"user": 155, "created": "2023-04-25T02:25:18.265Z"}}, {"model": "authtoken.token", "pk": "da2050f7ab6f0946273bde15de7911920298845c", "fields": {"user": 178, "created": "2023-06-23T14:35:32.957Z"}}, {"model": "authtoken.token", "pk": "e83b55fa2df591a2217609d76dd3057c6e6c0306", "fields": {"user": 185, "created": "2023-06-27T08:06:07.599Z"}}, {"model": "authtoken.token", "pk": "f39fb63646f23988aa2f0317de60a7078dd5fc56", "fields": {"user": 174, "created": "2023-06-15T09:23:50.286Z"}}, {"model": "authtoken.token", "pk": "fa0918dc398131bcc3a1697c896f2bc11e02b820", "fields": {"user": 157, "created": "2023-05-31T09:38:49.786Z"}}, {"model": "authtoken.token", "pk": "fdfabae128c74e0fa955d3a9c72094d2dd5ef62c", "fields": {"user": 151, "created": "2023-04-25T04:23:41.785Z"}}, {"model": "rest_framework_api_key.apikey", "pk": "aU60ViOC.pbkdf2_sha256$260000$XB0nRW3T89VXKC5wPGiPq3$sdbbkqjzCkL6BZh2dfxjWB+68fLqLLh7Qf3li3+3umE=", "fields": {"prefix": "aU60ViOC", "hashed_key": "pbkdf2_sha256$260000$XB0nRW3T89VXKC5wPGiPq3$sdbbkqjzCkL6BZh2dfxjWB+68fLqLLh7Qf3li3+3umE=", "created": "2022-01-15T06:37:11.237Z", "name": "production", "revoked": false, "expiry_date": null}}, {"model": "django_rest_passwordreset.resetpasswordtoken", "pk": 25, "fields": {"user": 175, "created_at": "2023-06-23T10:51:48.523Z", "key": "edcdef990e8affce2f553", "ip_address": null, "user_agent": "Dart/2.18 (dart:io)"}}]